invoice_id,customer_id,order_date,product_id,product_name,quantity,unit_price,region
INV00008880,C00755,01-01-2024,P0054,Product P0054,4,178.81,East
INV00000294,C00829,01-01-2024,P0269,Product P0269,1,94.34,East
INV00009781,C00807,01-01-2024,P0047,Product P0047,5,107.42,East
INV00002673,C02129,01-01-2024,P0080,Product P0080,1,73.64,South
INV00001945,C00951,01-01-2024,P0222,Product P0222,4,169.42,West
INV00000830,C00073,01-01-2024,P0219,Product P0219,2,23.89,East
INV00005332,C02015,01-01-2024,P0136,Product P0136,3,43.92,North
INV00004463,C01472,01-01-2024,P0029,Product P0029,4,84.89,West
INV00005389,C01241,01-01-2024,P0118,Product P0118,4,71.98,South
INV00004114,C02446,02-01-2024,P0258,Product P0258,2,89.79,North
INV00002812,C00716,02-01-2024,P0218,Product P0218,3,158.35,South
INV00008866,C02079,02-01-2024,P0176,Product P0176,5,129.7,North
INV00004284,C01086,02-01-2024,P0214,Product P0214,4,55.32,East
INV00006704,C00291,02-01-2024,P0265,Product P0265,5,95.83,North
INV00007095,C02438,02-01-2024,P0272,Product P0272,5,142.48,South
INV00005322,C02102,02-01-2024,P0127,Product P0127,5,156.69,West
INV00004932,C01836,02-01-2024,P0002,Product P0002,4,95.85,North
INV00005936,C00709,02-01-2024,P0255,Product P0255,2,118.98,East
INV00000440,C00994,02-01-2024,P0037,Product P0037,4,112.54,East
INV00001408,C02186,02-01-2024,P0228,Product P0228,4,72.68,East
INV00000489,C01913,03-01-2024,P0297,Product P0297,2,66.28,South
INV00007164,C01981,03-01-2024,P0109,Product P0109,2,128.13,East
INV00004100,C00841,03-01-2024,P0088,Product P0088,4,52.3,South
INV00003251,C00846,03-01-2024,P0061,Product P0061,1,50.49,South
INV00000991,C00857,03-01-2024,P0107,Product P0107,4,41.09,West
INV00004119,C00519,03-01-2024,P0093,Product P0093,3,121.99,West
INV00006048,C01427,03-01-2024,P0124,Product P0124,1,99.18,South
INV00000338,C00793,03-01-2024,P0038,Product P0038,5,40.46,West
INV00002073,C01007,03-01-2024,P0139,Product P0139,2,8,East
INV00002656,C01413,03-01-2024,P0174,Product P0174,1,133.48,South
INV00001280,C02164,04-01-2024,P0169,Product P0169,2,13.36,North
INV00003891,C01419,04-01-2024,P0232,Product P0232,2,16.06,East
INV00006730,C00787,04-01-2024,P0167,Product P0167,2,76.04,North
INV00001235,C01593,04-01-2024,P0026,Product P0026,1,177.18,South
INV00008747,C00210,04-01-2024,P0043,Product P0043,4,62.81,West
INV00000307,C00756,04-01-2024,P0196,Product P0196,1,74.48,West
INV00000763,C02373,04-01-2024,P0243,Product P0243,3,72.21,South
INV00009220,C02434,04-01-2024,P0110,Product P0110,5,116.47,North
INV00006564,C00085,04-01-2024,P0178,Product P0178,1,62.87,South
INV00007652,C01363,04-01-2024,P0263,Product P0263,4,58.35,South
INV00001894,C01776,04-01-2024,P0018,Product P0018,5,40.71,East
INV00003209,C01051,04-01-2024,P0248,Product P0248,4,15.31,West
INV00008243,C01372,04-01-2024,P0073,Product P0073,1,133.06,South
INV00003287,C00328,04-01-2024,P0225,Product P0225,1,83.4,East
INV00001040,C02068,05-01-2024,P0172,Product P0172,5,17.86,West
INV00005419,C01397,05-01-2024,P0102,Product P0102,2,56.01,North
INV00007077,C02031,05-01-2024,P0223,Product P0223,2,152.48,East
INV00001301,C01900,05-01-2024,P0296,Product P0296,3,37.88,South
INV00007776,C02124,05-01-2024,P0180,Product P0180,5,69.99,West
INV00005817,C01019,05-01-2024,P0006,Product P0006,2,144.84,West
INV00000149,C02055,05-01-2024,P0180,Product P0180,3,59.17,West
INV00006761,C00084,05-01-2024,P0200,Product P0200,1,63.3,East
INV00008545,C00319,05-01-2024,P0278,Product P0278,3,154.96,East
INV00002899,C01991,05-01-2024,P0110,Product P0110,3,139.54,East
INV00000715,C02301,05-01-2024,P0099,Product P0099,2,110.57,East
INV00004637,C02062,05-01-2024,P0008,Product P0008,1,128.63,South
INV00008497,C02441,05-01-2024,P0120,Product P0120,2,46.19,North
INV00002523,C00525,05-01-2024,P0135,Product P0135,4,113.59,North
INV00003307,C00690,05-01-2024,P0151,Product P0151,2,111.37,West
INV00008998,C02141,05-01-2024,P0294,Product P0294,3,141.92,West
INV00004893,C00146,05-01-2024,P0228,Product P0228,2,150.19,East
INV00003762,C01264,05-01-2024,P0019,Product P0019,3,7.57,East
INV00001513,C01860,05-01-2024,P0068,Product P0068,3,60.67,South
INV00007262,C00266,05-01-2024,P0153,Product P0153,1,175.05,West
INV00008822,C00929,05-01-2024,P0103,Product P0103,2,84.46,West
INV00009247,C02304,05-01-2024,P0267,Product P0267,2,97.69,South
INV00007913,C00505,05-01-2024,P0065,Product P0065,5,28.48,West
INV00005400,C02177,05-01-2024,P0174,Product P0174,3,98.73,East
INV00008495,C00779,05-01-2024,P0285,Product P0285,1,22.56,South
INV00008793,C01531,05-01-2024,P0104,Product P0104,3,103.05,West
INV00009315,C00278,06-01-2024,P0138,Product P0138,5,118.78,North
INV00002033,C00227,06-01-2024,P0298,Product P0298,4,102.95,East
INV00001620,C02480,06-01-2024,P0227,Product P0227,5,141.26,East
INV00007573,C00488,06-01-2024,P0071,Product P0071,4,28.58,West
INV00008338,C01342,06-01-2024,P0049,Product P0049,3,14.59,West
INV00001375,C02219,06-01-2024,P0193,Product P0193,4,117.9,West
INV00008672,C00176,06-01-2024,P0249,Product P0249,1,20.31,West
INV00007238,C00802,06-01-2024,P0054,Product P0054,1,29.02,West
INV00001541,C01189,06-01-2024,P0245,Product P0245,2,177.31,West
INV00006845,C00684,06-01-2024,P0159,Product P0159,1,134,South
INV00004865,C02199,06-01-2024,P0221,Product P0221,1,155.05,West
INV00006793,C02128,06-01-2024,P0200,Product P0200,1,138.69,North
INV00007337,C02425,06-01-2024,P0089,Product P0089,2,66.42,East
INV00003130,C01979,06-01-2024,P0132,Product P0132,1,98.77,East
INV00007297,C00681,06-01-2024,P0125,Product P0125,5,149.58,East
INV00009632,C00040,06-01-2024,P0053,Product P0053,3,153.66,North
INV00005940,C00459,07-01-2024,P0013,Product P0013,2,50.42,North
INV00008114,C00733,07-01-2024,P0191,Product P0191,3,62.39,South
INV00006290,C02068,07-01-2024,P0182,Product P0182,3,99.86,West
INV00001192,C00696,07-01-2024,P0191,Product P0191,3,13.99,West
INV00009084,C00075,07-01-2024,P0287,Product P0287,5,16.31,North
INV00006783,C00993,07-01-2024,P0035,Product P0035,1,96.95,South
INV00002069,C00827,07-01-2024,P0275,Product P0275,1,7.42,South
INV00006291,C01015,07-01-2024,P0193,Product P0193,4,158.84,South
INV00004072,C01958,07-01-2024,P0188,Product P0188,5,169.95,West
INV00008361,C00459,07-01-2024,P0137,Product P0137,1,57.07,South
INV00001754,C00987,07-01-2024,P0183,Product P0183,2,123.03,South
INV00008399,C02238,07-01-2024,P0222,Product P0222,2,71.43,North
INV00006406,C02292,08-01-2024,P0078,Product P0078,3,12.83,North
INV00004600,C01824,08-01-2024,P0193,Product P0193,1,89.26,East
INV00009089,C00361,08-01-2024,P0009,Product P0009,1,37.83,South
INV00002591,C00177,08-01-2024,P0034,Product P0034,3,130.12,East
INV00009552,C00188,08-01-2024,P0033,Product P0033,1,17.38,East
INV00003567,C01055,08-01-2024,P0088,Product P0088,1,114.64,West
INV00008417,C01345,08-01-2024,P0077,Product P0077,1,12.51,West
INV00003484,C00577,08-01-2024,P0109,Product P0109,3,124.22,North
INV00003898,C00045,08-01-2024,P0215,Product P0215,3,162.28,North
INV00003759,C00202,08-01-2024,P0292,Product P0292,4,50.11,East
INV00002195,C01644,09-01-2024,P0017,Product P0017,4,32.06,North
INV00008472,C00430,09-01-2024,P0092,Product P0092,3,50.11,East
INV00003106,C00758,09-01-2024,P0252,Product P0252,3,118.86,North
INV00004217,C01222,09-01-2024,P0048,Product P0048,2,165.68,West
INV00003093,C01798,09-01-2024,P0290,Product P0290,4,64.88,South
INV00007482,C00528,09-01-2024,P0003,Product P0003,3,74,West
INV00001680,C01287,09-01-2024,P0060,Product P0060,4,70.87,West
INV00001385,C00966,09-01-2024,P0073,Product P0073,1,85.18,East
INV00001217,C01268,09-01-2024,P0166,Product P0166,4,121.28,South
INV00002236,C01977,09-01-2024,P0040,Product P0040,2,16.75,East
INV00002015,C01620,09-01-2024,P0295,Product P0295,3,150.36,East
INV00007610,C00051,09-01-2024,P0235,Product P0235,3,45.54,South
INV00007326,C02226,10-01-2024,P0298,Product P0298,5,179.81,West
INV00000410,C00035,10-01-2024,P0052,Product P0052,4,30.14,West
INV00001337,C01596,10-01-2024,P0106,Product P0106,1,24.1,West
INV00005360,C00854,10-01-2024,P0292,Product P0292,3,147.89,West
INV00009227,C01804,10-01-2024,P0129,Product P0129,5,58.48,East
INV00002439,C02111,10-01-2024,P0162,Product P0162,5,30.09,East
INV00007768,C01160,11-01-2024,P0008,Product P0008,2,176.25,West
INV00007275,C00184,11-01-2024,P0224,Product P0224,1,42.64,East
INV00002184,C01613,11-01-2024,P0035,Product P0035,2,17.79,West
INV00001838,C00762,11-01-2024,P0261,Product P0261,5,75.06,West
INV00007760,C01047,11-01-2024,P0148,Product P0148,2,76.76,West
INV00003147,C01607,11-01-2024,P0081,Product P0081,1,146.07,East
INV00005028,C00242,11-01-2024,P0210,Product P0210,4,32.3,East
INV00004888,C01349,11-01-2024,P0047,Product P0047,2,118.15,South
INV00007213,C01252,11-01-2024,P0290,Product P0290,3,37.12,East
INV00009786,C01106,11-01-2024,P0004,Product P0004,1,137.67,East
INV00001331,C01125,11-01-2024,P0298,Product P0298,5,49.9,West
INV00009643,C01124,11-01-2024,P0281,Product P0281,3,48.54,North
INV00005066,C01727,11-01-2024,P0118,Product P0118,2,113.9,North
INV00008271,C00860,12-01-2024,P0124,Product P0124,4,6.9,West
INV00003125,C01103,12-01-2024,P0033,Product P0033,1,92.77,North
INV00007709,C01109,12-01-2024,P0118,Product P0118,3,16.95,West
INV00005495,C01937,12-01-2024,P0258,Product P0258,5,49.29,South
INV00005581,C01348,12-01-2024,P0109,Product P0109,2,27.86,East
INV00003322,C00405,12-01-2024,P0100,Product P0100,4,109.77,South
INV00002508,C01549,12-01-2024,P0108,Product P0108,1,46.72,West
INV00003422,C01970,12-01-2024,P0047,Product P0047,4,9.75,North
INV00005481,C02475,12-01-2024,P0164,Product P0164,5,76.78,South
INV00008689,C01344,12-01-2024,P0215,Product P0215,3,167,East
INV00000824,C01626,12-01-2024,P0233,Product P0233,1,110.93,West
INV00009078,C00354,12-01-2024,P0213,Product P0213,5,43.68,South
INV00005342,C01536,12-01-2024,P0298,Product P0298,2,143.59,East
INV00007433,C00954,12-01-2024,P0111,Product P0111,1,161.72,East
INV00000927,C01354,12-01-2024,P0226,Product P0226,3,148.87,East
INV00008750,C01477,12-01-2024,P0173,Product P0173,1,125.7,West
INV00002351,C01347,12-01-2024,P0068,Product P0068,2,51.96,East
INV00006646,C01770,13-01-2024,P0020,Product P0020,4,90.03,North
INV00006882,C00661,13-01-2024,P0230,Product P0230,4,65.03,East
INV00004609,C02181,13-01-2024,P0103,Product P0103,4,42.32,West
INV00002959,C01282,13-01-2024,P0127,Product P0127,4,140.2,North
INV00004496,C01568,13-01-2024,P0060,Product P0060,4,91.66,North
INV00006084,C02311,13-01-2024,P0124,Product P0124,3,157.45,North
INV00009999,C01414,13-01-2024,P0108,Product P0108,4,32.68,South
INV00005221,C00757,13-01-2024,P0129,Product P0129,3,11.45,East
INV00001926,C00330,13-01-2024,P0150,Product P0150,5,179,East
INV00007405,C01055,13-01-2024,P0150,Product P0150,3,74.77,North
INV00000651,C01224,13-01-2024,P0160,Product P0160,3,113,West
INV00006378,C00359,13-01-2024,P0188,Product P0188,1,31.61,East
INV00005524,C02298,13-01-2024,P0283,Product P0283,3,40.33,West
INV00007163,C01565,13-01-2024,P0033,Product P0033,2,26.7,South
INV00006608,C02499,13-01-2024,P0140,Product P0140,5,168.4,North
INV00009423,C01157,13-01-2024,P0151,Product P0151,5,73.82,South
INV00000571,C02373,13-01-2024,P0235,Product P0235,2,48.53,West
INV00007192,C02495,13-01-2024,P0232,Product P0232,3,41.68,West
INV00005127,C00621,14-01-2024,P0016,Product P0016,1,46.43,North
INV00003692,C01567,14-01-2024,P0024,Product P0024,3,61.84,South
INV00007036,C00431,14-01-2024,P0049,Product P0049,1,90.34,South
INV00009392,C01672,14-01-2024,P0115,Product P0115,4,23.17,North
INV00004053,C01912,14-01-2024,P0082,Product P0082,4,111.64,North
INV00003956,C02357,14-01-2024,P0060,Product P0060,3,141.74,North
INV00008116,C02384,14-01-2024,P0299,Product P0299,2,170.68,East
INV00008093,C01652,14-01-2024,P0142,Product P0142,1,14.92,South
INV00007885,C02050,14-01-2024,P0092,Product P0092,3,18.16,East
INV00009092,C00688,14-01-2024,P0083,Product P0083,3,158.25,East
INV00008346,C02490,14-01-2024,P0008,Product P0008,4,161.1,North
INV00008203,C01473,15-01-2024,P0296,Product P0296,3,30.69,South
INV00008800,C01946,15-01-2024,P0201,Product P0201,4,56.23,West
INV00004062,C00055,15-01-2024,P0001,Product P0001,1,147,North
INV00000835,C02136,15-01-2024,P0039,Product P0039,4,9.34,East
INV00009120,C01760,15-01-2024,P0203,Product P0203,2,148.71,South
INV00009633,C00554,15-01-2024,P0060,Product P0060,3,96.49,West
INV00006658,C01267,16-01-2024,P0241,Product P0241,1,85.06,West
INV00006920,C01980,16-01-2024,P0166,Product P0166,3,173.27,West
INV00008733,C00966,16-01-2024,P0119,Product P0119,1,144.62,South
INV00001665,C01314,16-01-2024,P0247,Product P0247,1,121.61,South
INV00007054,C00272,16-01-2024,P0247,Product P0247,4,47.85,West
INV00006743,C01320,16-01-2024,P0125,Product P0125,5,4.8,North
INV00005773,C01024,16-01-2024,P0238,Product P0238,1,145.12,North
INV00000304,C02241,16-01-2024,P0027,Product P0027,5,47.81,North
INV00002343,C01364,16-01-2024,P0119,Product P0119,2,44.7,South
INV00007446,C02128,16-01-2024,P0219,Product P0219,4,43.8,North
INV00005994,C01638,16-01-2024,P0041,Product P0041,5,146.89,South
INV00005206,C01142,16-01-2024,P0154,Product P0154,5,142.55,East
INV00004160,C00078,17-01-2024,P0287,Product P0287,2,92.05,West
INV00008551,C02193,17-01-2024,P0006,Product P0006,5,41.11,East
INV00007384,C01501,17-01-2024,P0098,Product P0098,4,130.94,North
INV00000101,C02082,17-01-2024,P0243,Product P0243,3,115.55,East
INV00009641,C00896,17-01-2024,P0223,Product P0223,5,59.8,South
INV00000760,C01825,17-01-2024,P0249,Product P0249,1,52.21,West
INV00005212,C00361,17-01-2024,P0296,Product P0296,4,125.62,South
INV00003837,C00492,17-01-2024,P0028,Product P0028,5,16.6,East
INV00001418,C01096,17-01-2024,P0018,Product P0018,4,123.98,North
INV00001930,C02381,17-01-2024,P0209,Product P0209,3,31.4,West
INV00000468,C01491,17-01-2024,P0122,Product P0122,2,12.09,East
INV00000467,C00415,17-01-2024,P0099,Product P0099,4,159.11,West
INV00003395,C00843,17-01-2024,P0145,Product P0145,5,66.12,East
INV00009647,C00939,17-01-2024,P0210,Product P0210,2,37.78,South
INV00004823,C02272,18-01-2024,P0089,Product P0089,1,15.1,West
INV00009708,C00314,18-01-2024,P0048,Product P0048,2,83.25,South
INV00002557,C01997,18-01-2024,P0058,Product P0058,2,159.22,North
INV00004630,C00881,18-01-2024,P0094,Product P0094,4,141.6,West
INV00000935,C01107,18-01-2024,P0140,Product P0140,5,59.68,West
INV00002694,C01063,18-01-2024,P0287,Product P0287,4,102.75,West
INV00000681,C01809,18-01-2024,P0263,Product P0263,3,118.52,South
INV00003689,C02418,18-01-2024,P0077,Product P0077,3,92.69,North
INV00009439,C00866,18-01-2024,P0027,Product P0027,4,130.28,South
INV00002872,C02440,18-01-2024,P0117,Product P0117,3,163.45,East
INV00000892,C01775,18-01-2024,P0082,Product P0082,1,115.11,South
INV00009867,C00674,18-01-2024,P0023,Product P0023,3,61.56,West
INV00004476,C00801,18-01-2024,P0188,Product P0188,2,155.49,South
INV00004280,C02111,18-01-2024,P0047,Product P0047,4,106.12,East
INV00008926,C00818,19-01-2024,P0083,Product P0083,4,106.25,North
INV00008019,C00606,19-01-2024,P0197,Product P0197,2,118.15,South
INV00003843,C01399,19-01-2024,P0050,Product P0050,5,77.67,North
INV00004257,C00818,19-01-2024,P0254,Product P0254,5,60.93,North
INV00000929,C01046,19-01-2024,P0089,Product P0089,4,71.29,North
INV00006910,C02478,19-01-2024,P0060,Product P0060,2,7.76,South
INV00002157,C01107,19-01-2024,P0267,Product P0267,1,100.81,East
INV00009223,C01078,19-01-2024,P0072,Product P0072,2,145.19,East
INV00007064,C00042,20-01-2024,P0012,Product P0012,1,36.37,North
INV00005397,C02360,20-01-2024,P0064,Product P0064,5,6.27,North
INV00006533,C01249,20-01-2024,P0183,Product P0183,5,117.13,South
INV00000615,C01716,20-01-2024,P0176,Product P0176,3,111.68,West
INV00002254,C01252,20-01-2024,P0074,Product P0074,2,40.05,West
INV00008996,C01235,20-01-2024,P0033,Product P0033,2,29.91,South
INV00001717,C01615,20-01-2024,P0134,Product P0134,5,97.56,West
INV00005991,C00125,20-01-2024,P0036,Product P0036,3,42.47,South
INV00001340,C01020,21-01-2024,P0250,Product P0250,1,22.14,East
INV00002710,C02186,21-01-2024,P0083,Product P0083,3,131.07,West
INV00002945,C02056,21-01-2024,P0230,Product P0230,5,131.62,North
INV00004645,C00067,21-01-2024,P0146,Product P0146,1,10.81,East
INV00004802,C01492,21-01-2024,P0162,Product P0162,4,109.83,North
INV00001897,C01436,21-01-2024,P0160,Product P0160,3,143.78,West
INV00000873,C00285,21-01-2024,P0153,Product P0153,2,22.04,South
INV00005836,C02136,21-01-2024,P0016,Product P0016,5,130.58,East
INV00008655,C00045,21-01-2024,P0288,Product P0288,2,118.86,South
INV00008692,C02375,22-01-2024,P0174,Product P0174,2,133.3,South
INV00007201,C01704,22-01-2024,P0260,Product P0260,5,146.84,East
INV00000432,C01848,22-01-2024,P0135,Product P0135,3,120.93,North
INV00006532,C00571,22-01-2024,P0290,Product P0290,3,48.28,North
INV00006422,C00880,22-01-2024,P0129,Product P0129,4,107.54,West
INV00009391,C00957,22-01-2024,P0105,Product P0105,2,54.26,East
INV00002129,C00161,22-01-2024,P0249,Product P0249,2,71.49,West
INV00006714,C01402,22-01-2024,P0203,Product P0203,2,66.25,North
INV00003514,C00353,22-01-2024,P0240,Product P0240,5,44.79,East
INV00006386,C01384,22-01-2024,P0035,Product P0035,1,49.27,East
INV00003435,C00589,22-01-2024,P0122,Product P0122,3,155.19,North
INV00005375,C01856,22-01-2024,P0101,Product P0101,1,122.99,North
INV00005439,C01057,22-01-2024,P0138,Product P0138,3,70.75,East
INV00002857,C01421,23-01-2024,P0039,Product P0039,2,132.14,East
INV00008170,C01351,23-01-2024,P0008,Product P0008,4,135.59,West
INV00006852,C01322,23-01-2024,P0166,Product P0166,2,131.32,North
INV00003696,C01604,23-01-2024,P0126,Product P0126,3,146.06,East
INV00005131,C00808,23-01-2024,P0295,Product P0295,3,68.84,East
INV00008161,C00419,23-01-2024,P0239,Product P0239,3,51.86,East
INV00004673,C00527,23-01-2024,P0060,Product P0060,1,162.7,West
INV00005078,C00031,23-01-2024,P0039,Product P0039,5,118.02,West
INV00009905,C01546,23-01-2024,P0101,Product P0101,1,31.17,North
INV00001405,C00444,23-01-2024,P0251,Product P0251,2,90.58,West
INV00003803,C02013,23-01-2024,P0234,Product P0234,4,30.64,North
INV00002277,C00525,23-01-2024,P0261,Product P0261,2,170.68,North
INV00008823,C01617,23-01-2024,P0211,Product P0211,1,63.49,West
INV00004421,C01804,23-01-2024,P0173,Product P0173,4,156.52,North
INV00007396,C00119,23-01-2024,P0108,Product P0108,2,32.09,East
INV00003677,C00917,23-01-2024,P0105,Product P0105,1,114.47,West
INV00009329,C01095,24-01-2024,P0159,Product P0159,1,84.54,West
INV00003968,C00605,24-01-2024,P0230,Product P0230,1,100.53,East
INV00007145,C00583,24-01-2024,P0285,Product P0285,2,164.43,West
INV00000769,C00350,24-01-2024,P0082,Product P0082,3,87.54,West
INV00002668,C02414,24-01-2024,P0141,Product P0141,3,85.7,West
INV00005310,C01133,24-01-2024,P0065,Product P0065,2,42.24,North
INV00009596,C01199,24-01-2024,P0087,Product P0087,1,122.52,South
INV00005651,C02323,24-01-2024,P0183,Product P0183,5,39.99,East
INV00003272,C01030,24-01-2024,P0079,Product P0079,3,178.33,East
INV00000542,C00139,24-01-2024,P0287,Product P0287,4,93.76,West
INV00008071,C00155,24-01-2024,P0028,Product P0028,4,141.36,North
INV00002929,C00464,24-01-2024,P0013,Product P0013,4,115.58,South
INV00007920,C00990,24-01-2024,P0186,Product P0186,1,34.9,East
INV00007071,C00746,24-01-2024,P0191,Product P0191,1,76.57,South
INV00002968,C00570,24-01-2024,P0221,Product P0221,4,101.14,North
INV00003073,C00601,24-01-2024,P0140,Product P0140,3,67.79,South
INV00002790,C02087,25-01-2024,P0181,Product P0181,5,25.55,East
INV00008832,C01939,25-01-2024,P0169,Product P0169,3,79.18,South
INV00007393,C00709,25-01-2024,P0066,Product P0066,2,101.48,West
INV00008025,C00474,25-01-2024,P0023,Product P0023,3,83.61,West
INV00005222,C02217,25-01-2024,P0231,Product P0231,4,140.41,West
INV00001218,C01832,25-01-2024,P0129,Product P0129,5,81.27,West
INV00005538,C02103,25-01-2024,P0294,Product P0294,4,86.02,North
INV00007897,C02168,25-01-2024,P0116,Product P0116,5,59.07,North
INV00002611,C02427,25-01-2024,P0253,Product P0253,2,10.68,South
INV00008120,C02001,25-01-2024,P0251,Product P0251,1,34,East
INV00008711,C00599,25-01-2024,P0051,Product P0051,4,138.96,North
INV00006556,C01334,25-01-2024,P0225,Product P0225,5,114.83,West
INV00000416,C01695,25-01-2024,P0279,Product P0279,2,29.19,East
INV00005161,C00953,25-01-2024,P0043,Product P0043,5,69.48,South
INV00002969,C01800,25-01-2024,P0002,Product P0002,4,58.88,South
INV00007931,C00840,25-01-2024,P0046,Product P0046,3,13.58,East
INV00005670,C01710,25-01-2024,P0182,Product P0182,2,71.29,East
INV00007579,C01552,26-01-2024,P0259,Product P0259,2,5.23,North
INV00001982,C01557,26-01-2024,P0033,Product P0033,4,40.46,South
INV00001024,C02105,26-01-2024,P0162,Product P0162,4,117.62,South
INV00007361,C00155,26-01-2024,P0057,Product P0057,1,94.17,West
INV00002338,C02048,26-01-2024,P0104,Product P0104,4,115.08,East
INV00002340,C00232,26-01-2024,P0210,Product P0210,4,30.65,North
INV00001412,C01404,26-01-2024,P0125,Product P0125,3,137.86,South
INV00004546,C01887,26-01-2024,P0007,Product P0007,2,158.19,East
INV00004905,C00474,26-01-2024,P0081,Product P0081,3,99.54,East
INV00008754,C01809,26-01-2024,P0300,Product P0300,2,84.64,West
INV00002952,C01271,26-01-2024,P0014,Product P0014,1,136.64,South
INV00008028,C00108,26-01-2024,P0090,Product P0090,5,135.41,West
INV00006267,C01731,26-01-2024,P0057,Product P0057,5,144.58,South
INV00005771,C00828,26-01-2024,P0197,Product P0197,1,18.2,North
INV00004735,C02069,26-01-2024,P0251,Product P0251,4,115.1,North
INV00002139,C01349,26-01-2024,P0178,Product P0178,4,108.41,North
INV00006500,C01182,26-01-2024,P0016,Product P0016,1,96.18,East
INV00004178,C01792,27-01-2024,P0055,Product P0055,1,29.97,East
INV00002327,C00856,27-01-2024,P0060,Product P0060,5,152.58,North
INV00001355,C00549,27-01-2024,P0297,Product P0297,1,129.37,South
INV00002507,C01150,27-01-2024,P0095,Product P0095,4,118.35,East
INV00001304,C02240,27-01-2024,P0134,Product P0134,3,77.1,East
INV00008013,C00165,27-01-2024,P0245,Product P0245,3,149.13,South
INV00005245,C00878,27-01-2024,P0137,Product P0137,3,132.05,West
INV00000717,C01295,27-01-2024,P0196,Product P0196,1,22.05,South
INV00004042,C01629,27-01-2024,P0297,Product P0297,2,57.77,East
INV00007621,C02343,27-01-2024,P0300,Product P0300,3,105.76,South
INV00004278,C01912,27-01-2024,P0214,Product P0214,5,75.64,North
INV00001159,C00961,27-01-2024,P0217,Product P0217,4,163.88,North
INV00008566,C01539,27-01-2024,P0143,Product P0143,4,7.67,West
INV00003663,C02421,27-01-2024,P0175,Product P0175,5,99.03,East
INV00009952,C01030,27-01-2024,P0034,Product P0034,4,150.18,West
INV00002183,C01516,27-01-2024,P0016,Product P0016,5,151.68,East
INV00005291,C02072,28-01-2024,P0026,Product P0026,4,148.86,South
INV00000610,C02144,28-01-2024,P0004,Product P0004,5,103.54,South
INV00008705,C01738,28-01-2024,P0208,Product P0208,3,25.63,East
INV00004215,C01713,28-01-2024,P0295,Product P0295,1,96.27,North
INV00001174,C00444,28-01-2024,P0171,Product P0171,4,16.44,West
INV00003165,C00321,28-01-2024,P0184,Product P0184,5,54.27,East
INV00005616,C01828,28-01-2024,P0102,Product P0102,5,45.05,North
INV00005235,C00942,28-01-2024,P0153,Product P0153,5,47.69,West
INV00007301,C01907,28-01-2024,P0091,Product P0091,3,151.38,North
INV00004605,C00528,28-01-2024,P0035,Product P0035,5,16.43,South
INV00008197,C00836,28-01-2024,P0060,Product P0060,4,59.28,East
INV00001419,C02153,28-01-2024,P0187,Product P0187,3,81.04,East
INV00000316,C01649,28-01-2024,P0177,Product P0177,4,99.81,South
INV00001462,C00782,28-01-2024,P0083,Product P0083,3,161.85,East
INV00005217,C01967,29-01-2024,P0120,Product P0120,1,177.8,South
INV00004475,C02127,29-01-2024,P0159,Product P0159,4,44.83,South
INV00005113,C02482,29-01-2024,P0008,Product P0008,5,66.5,North
INV00001424,C01687,29-01-2024,P0166,Product P0166,3,88.99,South
INV00009514,C01038,29-01-2024,P0225,Product P0225,2,138.08,West
INV00006541,C02346,29-01-2024,P0259,Product P0259,4,131.72,East
INV00003797,C01719,29-01-2024,P0260,Product P0260,5,36.13,East
INV00002255,C00738,30-01-2024,P0292,Product P0292,1,126.44,North
INV00005580,C00964,30-01-2024,P0072,Product P0072,2,70.48,South
INV00004309,C02008,30-01-2024,P0273,Product P0273,4,114.73,South
INV00007141,C00450,30-01-2024,P0106,Product P0106,1,98.77,South
INV00001854,C00401,30-01-2024,P0246,Product P0246,3,114.2,West
INV00008719,C01568,30-01-2024,P0237,Product P0237,2,53.91,West
INV00005367,C00216,30-01-2024,P0158,Product P0158,5,25.8,East
INV00002358,C00548,30-01-2024,P0112,Product P0112,5,97.1,West
INV00003252,C01868,30-01-2024,P0273,Product P0273,2,36.69,West
INV00004852,C01815,30-01-2024,P0057,Product P0057,1,154.08,South
INV00000848,C00130,30-01-2024,P0002,Product P0002,2,38.08,West
INV00001257,C00555,31-01-2024,P0025,Product P0025,2,113.26,West
INV00000750,C00395,31-01-2024,P0196,Product P0196,4,66.89,East
INV00003097,C00437,31-01-2024,P0013,Product P0013,2,44.79,East
INV00005160,C02316,31-01-2024,P0111,Product P0111,3,156.75,West
INV00000943,C02285,31-01-2024,P0194,Product P0194,2,48.54,South
INV00009642,C01787,31-01-2024,P0246,Product P0246,1,160.35,West
INV00009166,C02125,31-01-2024,P0068,Product P0068,3,31.84,South
INV00005143,C01647,31-01-2024,P0040,Product P0040,4,104.19,South
INV00007512,C00860,31-01-2024,P0072,Product P0072,5,173.19,West
INV00008614,C01384,31-01-2024,P0254,Product P0254,2,152.96,West
INV00003038,C00387,31-01-2024,P0064,Product P0064,2,114.76,South
INV00000834,C00358,31-01-2024,P0010,Product P0010,3,110.39,North
INV00002095,C00407,01-02-2024,P0172,Product P0172,4,157.01,South
INV00000633,C01085,01-02-2024,P0163,Product P0163,2,28.01,South
INV00007268,C01040,01-02-2024,P0192,Product P0192,1,49.84,North
INV00004224,C01334,01-02-2024,P0176,Product P0176,3,110.26,West
INV00003842,C01236,01-02-2024,P0226,Product P0226,4,78.07,East
INV00008558,C00723,01-02-2024,P0095,Product P0095,4,58.01,East
INV00003680,C01834,01-02-2024,P0269,Product P0269,1,116.94,South
INV00008072,C00982,01-02-2024,P0087,Product P0087,4,169.77,North
INV00007290,C00130,01-02-2024,P0097,Product P0097,2,158.05,West
INV00006639,C01979,01-02-2024,P0231,Product P0231,4,159.97,East
INV00005886,C02038,01-02-2024,P0207,Product P0207,4,61.23,East
INV00000071,C01990,01-02-2024,P0071,Product P0071,3,8.11,South
INV00007704,C00695,01-02-2024,P0045,Product P0045,3,115.45,East
INV00006232,C01582,01-02-2024,P0282,Product P0282,5,43.59,West
INV00001036,C01857,01-02-2024,P0058,Product P0058,4,154.6,North
INV00000443,C00331,02-02-2024,P0104,Product P0104,2,127.4,East
INV00001471,C02245,02-02-2024,P0147,Product P0147,3,70.88,North
INV00004205,C00742,02-02-2024,P0249,Product P0249,5,72.76,West
INV00006539,C00813,02-02-2024,P0247,Product P0247,5,14.45,North
INV00000645,C01926,02-02-2024,P0256,Product P0256,5,153.17,South
INV00000954,C01070,02-02-2024,P0063,Product P0063,3,44.07,South
INV00003604,C01559,02-02-2024,P0200,Product P0200,3,121.17,North
INV00003177,C01537,02-02-2024,P0256,Product P0256,5,11.29,East
INV00006874,C00822,02-02-2024,P0127,Product P0127,2,143.14,North
INV00003768,C01873,03-02-2024,P0241,Product P0241,5,159.59,North
INV00004188,C00535,03-02-2024,P0231,Product P0231,2,142.19,North
INV00008294,C00079,03-02-2024,P0072,Product P0072,2,65.19,South
INV00005424,C00619,03-02-2024,P0234,Product P0234,2,46.39,North
INV00001442,C01282,03-02-2024,P0230,Product P0230,1,163.09,East
INV00003111,C01349,03-02-2024,P0042,Product P0042,4,131.66,North
INV00007407,C02468,03-02-2024,P0210,Product P0210,4,139.88,West
INV00003289,C00435,03-02-2024,P0221,Product P0221,1,9.21,East
INV00007175,C00286,03-02-2024,P0071,Product P0071,2,10.32,North
INV00006025,C01222,03-02-2024,P0026,Product P0026,5,96.98,North
INV00000617,C00625,03-02-2024,P0289,Product P0289,2,172.29,South
INV00004425,C00787,03-02-2024,P0283,Product P0283,1,90.82,West
INV00002136,C01714,03-02-2024,P0068,Product P0068,3,166.12,West
INV00002753,C01457,03-02-2024,P0109,Product P0109,1,170.56,North
INV00005820,C01420,04-02-2024,P0109,Product P0109,1,158.48,West
INV00005977,C02329,04-02-2024,P0254,Product P0254,1,21.31,North
INV00004233,C01513,04-02-2024,P0176,Product P0176,1,104.32,East
INV00003294,C00724,04-02-2024,P0022,Product P0022,3,64.15,East
INV00002741,C00465,04-02-2024,P0138,Product P0138,2,36.02,South
INV00008305,C00825,04-02-2024,P0207,Product P0207,2,32.08,South
INV00008921,C01826,04-02-2024,P0116,Product P0116,5,23.87,North
INV00007154,C02051,04-02-2024,P0007,Product P0007,3,154.23,North
INV00000472,C02011,04-02-2024,P0189,Product P0189,2,75.01,South
INV00003285,C01036,04-02-2024,P0179,Product P0179,1,140.92,South
INV00009878,C01580,04-02-2024,P0231,Product P0231,4,85.31,East
INV00008264,C01568,04-02-2024,P0221,Product P0221,5,64.74,North
INV00002837,C02414,04-02-2024,P0036,Product P0036,4,8.01,West
INV00006018,C00199,04-02-2024,P0253,Product P0253,4,153.89,South
INV00000520,C01487,05-02-2024,P0059,Product P0059,5,136.25,North
INV00009238,C01117,05-02-2024,P0179,Product P0179,3,166.52,South
INV00007921,C00848,05-02-2024,P0124,Product P0124,2,168.25,East
INV00003387,C01936,05-02-2024,P0265,Product P0265,4,171.42,North
INV00004330,C02199,05-02-2024,P0280,Product P0280,1,179.36,North
INV00001067,C02315,05-02-2024,P0252,Product P0252,2,33.42,South
INV00003060,C00684,05-02-2024,P0026,Product P0026,4,148.54,North
INV00002806,C02422,06-02-2024,P0001,Product P0001,1,179.92,East
INV00008787,C00620,06-02-2024,P0038,Product P0038,3,95.07,East
INV00005753,C00299,06-02-2024,P0011,Product P0011,5,11.33,South
INV00004683,C01744,06-02-2024,P0150,Product P0150,5,104.44,South
INV00009228,C01168,06-02-2024,P0071,Product P0071,2,79.02,North
INV00001718,C00948,06-02-2024,P0167,Product P0167,4,52.84,North
INV00002999,C01088,06-02-2024,P0071,Product P0071,3,155.19,North
INV00000450,C00717,06-02-2024,P0145,Product P0145,4,51.12,East
INV00007546,C01702,06-02-2024,P0204,Product P0204,4,132.9,West
INV00006591,C00026,06-02-2024,P0238,Product P0238,5,77.53,West
INV00007460,C01893,07-02-2024,P0109,Product P0109,5,178.75,East
INV00007470,C00419,07-02-2024,P0229,Product P0229,5,100.52,East
INV00000289,C01356,07-02-2024,P0078,Product P0078,4,140.88,North
INV00007421,C01791,07-02-2024,P0185,Product P0185,4,110.89,South
INV00002125,C01864,07-02-2024,P0085,Product P0085,1,55.42,South
INV00003014,C01842,07-02-2024,P0283,Product P0283,3,14.95,South
INV00001795,C01196,07-02-2024,P0043,Product P0043,2,126.48,South
INV00007545,C01002,07-02-2024,P0167,Product P0167,2,56.16,East
INV00003215,C01405,07-02-2024,P0033,Product P0033,1,160.51,East
INV00002423,C00260,08-02-2024,P0147,Product P0147,5,59.89,South
INV00003895,C01522,08-02-2024,P0277,Product P0277,5,162.74,East
INV00002105,C02178,08-02-2024,P0017,Product P0017,2,16.91,North
INV00004270,C01261,08-02-2024,P0093,Product P0093,5,9.59,West
INV00004197,C01384,08-02-2024,P0024,Product P0024,1,28.59,South
INV00007757,C00360,08-02-2024,P0181,Product P0181,1,67.39,East
INV00003718,C00627,08-02-2024,P0065,Product P0065,4,32.12,East
INV00005040,C00538,08-02-2024,P0006,Product P0006,2,62.88,West
INV00005426,C00625,08-02-2024,P0128,Product P0128,4,118.57,North
INV00002043,C01867,08-02-2024,P0156,Product P0156,3,29.26,South
INV00002582,C01155,08-02-2024,P0216,Product P0216,5,176.42,East
INV00004599,C02389,08-02-2024,P0120,Product P0120,3,103.81,North
INV00008706,C01640,09-02-2024,P0105,Product P0105,3,141.86,North
INV00002777,C01306,09-02-2024,P0276,Product P0276,4,106.26,West
INV00002568,C01583,09-02-2024,P0026,Product P0026,1,92.12,North
INV00007970,C00931,09-02-2024,P0180,Product P0180,5,82.62,West
INV00005809,C01206,09-02-2024,P0151,Product P0151,4,11.97,West
INV00003736,C00510,09-02-2024,P0014,Product P0014,4,5.35,North
INV00008321,C01663,09-02-2024,P0014,Product P0014,1,92.98,West
INV00006590,C01218,09-02-2024,P0207,Product P0207,1,99.06,South
INV00002795,C00174,09-02-2024,P0140,Product P0140,2,124.76,North
INV00000183,C01244,09-02-2024,P0006,Product P0006,4,143.42,North
INV00002454,C01175,10-02-2024,P0146,Product P0146,2,15.13,North
INV00005891,C01861,10-02-2024,P0041,Product P0041,3,109.01,West
INV00001073,C01892,10-02-2024,P0136,Product P0136,1,84.26,North
INV00008992,C00894,10-02-2024,P0049,Product P0049,4,119.75,South
INV00002354,C01162,10-02-2024,P0213,Product P0213,3,27.5,South
INV00004494,C00655,10-02-2024,P0264,Product P0264,3,58.55,West
INV00008981,C02495,10-02-2024,P0181,Product P0181,5,49.62,North
INV00006695,C00343,10-02-2024,P0223,Product P0223,2,90.24,West
INV00004877,C01032,10-02-2024,P0030,Product P0030,5,171.66,East
INV00003059,C00973,11-02-2024,P0070,Product P0070,3,156.37,East
INV00003810,C01517,11-02-2024,P0144,Product P0144,2,105.81,North
INV00008544,C01197,11-02-2024,P0228,Product P0228,5,145.17,East
INV00000077,C00826,11-02-2024,P0169,Product P0169,4,103.38,South
INV00003487,C00851,11-02-2024,P0229,Product P0229,3,157.75,South
INV00002918,C02365,12-02-2024,P0154,Product P0154,5,73.66,North
INV00004666,C02067,12-02-2024,P0109,Product P0109,4,58.94,West
INV00005826,C01334,12-02-2024,P0124,Product P0124,2,52.76,West
INV00008085,C01739,12-02-2024,P0213,Product P0213,4,17.34,South
INV00006925,C00872,12-02-2024,P0167,Product P0167,3,98.59,East
INV00003766,C01021,12-02-2024,P0120,Product P0120,3,97,North
INV00000192,C01576,12-02-2024,P0167,Product P0167,4,62.05,North
INV00008918,C00113,12-02-2024,P0177,Product P0177,3,81.44,East
INV00009379,C01935,12-02-2024,P0003,Product P0003,1,26.76,North
INV00004938,C01479,12-02-2024,P0235,Product P0235,2,21.71,East
INV00004778,C01871,12-02-2024,P0011,Product P0011,4,56.14,South
INV00005649,C02436,12-02-2024,P0171,Product P0171,3,97.43,West
INV00009787,C01309,12-02-2024,P0201,Product P0201,2,65.66,East
INV00009251,C01586,13-02-2024,P0045,Product P0045,1,98.64,South
INV00005792,C00222,13-02-2024,P0197,Product P0197,3,104.03,South
INV00006709,C00501,13-02-2024,P0158,Product P0158,1,35.6,North
INV00005825,C01292,13-02-2024,P0209,Product P0209,5,89.68,North
INV00006976,C01866,13-02-2024,P0020,Product P0020,1,132.5,East
INV00000967,C01504,13-02-2024,P0281,Product P0281,5,102.6,West
INV00002796,C02290,13-02-2024,P0047,Product P0047,4,94.41,West
INV00002034,C01696,14-02-2024,P0047,Product P0047,3,99.59,West
INV00003427,C01201,14-02-2024,P0024,Product P0024,4,168.96,East
INV00004153,C02280,14-02-2024,P0245,Product P0245,3,27.6,North
INV00002764,C00090,14-02-2024,P0262,Product P0262,1,78.76,West
INV00003179,C00539,14-02-2024,P0099,Product P0099,5,151.04,North
INV00005180,C01006,14-02-2024,P0132,Product P0132,4,135.13,North
INV00000517,C02205,14-02-2024,P0248,Product P0248,3,104.68,West
INV00008975,C00446,14-02-2024,P0025,Product P0025,2,154.26,West
INV00000946,C00299,15-02-2024,P0284,Product P0284,4,41.2,South
INV00003791,C00281,15-02-2024,P0031,Product P0031,4,90.61,West
INV00003419,C00244,15-02-2024,P0129,Product P0129,4,143.71,East
INV00004675,C02082,15-02-2024,P0291,Product P0291,5,132.04,West
INV00009558,C00690,15-02-2024,P0209,Product P0209,5,22.49,North
INV00009936,C00796,15-02-2024,P0187,Product P0187,2,100.74,West
INV00004668,C00347,15-02-2024,P0198,Product P0198,2,57.68,East
INV00004182,C00904,16-02-2024,P0144,Product P0144,3,103.52,East
INV00005787,C01614,16-02-2024,P0210,Product P0210,1,50.22,North
INV00000428,C02011,16-02-2024,P0274,Product P0274,3,131.18,South
INV00005250,C01429,16-02-2024,P0126,Product P0126,5,78.92,East
INV00007496,C02191,16-02-2024,P0257,Product P0257,3,138.69,East
INV00003174,C00862,16-02-2024,P0002,Product P0002,4,164.93,South
INV00002469,C00068,16-02-2024,P0132,Product P0132,3,141.62,South
INV00000037,C02146,16-02-2024,P0148,Product P0148,3,157.03,South
INV00001735,C02153,16-02-2024,P0141,Product P0141,1,72.99,East
INV00000784,C00305,16-02-2024,P0117,Product P0117,5,42.29,West
INV00002817,C01685,16-02-2024,P0137,Product P0137,2,113.53,East
INV00006840,C02126,16-02-2024,P0029,Product P0029,3,176.27,North
INV00002473,C01037,17-02-2024,P0187,Product P0187,5,114.49,East
INV00007763,C01308,17-02-2024,P0084,Product P0084,5,147.96,South
INV00001205,C01628,17-02-2024,P0087,Product P0087,2,104.17,West
INV00004341,C00130,17-02-2024,P0054,Product P0054,1,118.82,South
INV00006797,C00192,17-02-2024,P0262,Product P0262,1,150.92,North
INV00000548,C01478,17-02-2024,P0258,Product P0258,2,66.74,West
INV00006834,C01551,17-02-2024,P0283,Product P0283,5,50.88,East
INV00006543,C00782,17-02-2024,P0117,Product P0117,3,8.22,East
INV00003741,C00563,17-02-2024,P0158,Product P0158,5,138.4,East
INV00008266,C01069,17-02-2024,P0126,Product P0126,5,15.59,East
INV00003148,C02092,18-02-2024,P0182,Product P0182,5,153.27,East
INV00006656,C02122,18-02-2024,P0171,Product P0171,2,53.08,North
INV00005208,C01884,18-02-2024,P0173,Product P0173,1,104.4,South
INV00005568,C00879,18-02-2024,P0067,Product P0067,3,106.44,West
INV00006463,C00595,18-02-2024,P0163,Product P0163,4,67.8,East
INV00004010,C00290,18-02-2024,P0268,Product P0268,1,123.96,East
INV00000371,C00839,18-02-2024,P0038,Product P0038,4,158.12,West
INV00005412,C01172,18-02-2024,P0153,Product P0153,5,23.28,South
INV00002107,C01915,18-02-2024,P0232,Product P0232,2,157.83,East
INV00004098,C00367,18-02-2024,P0154,Product P0154,3,89.88,South
INV00009685,C01617,18-02-2024,P0273,Product P0273,5,82.36,West
INV00001685,C00897,18-02-2024,P0184,Product P0184,1,76.4,South
INV00008099,C00208,18-02-2024,P0199,Product P0199,1,111.89,East
INV00005442,C01281,18-02-2024,P0059,Product P0059,2,142.51,South
INV00006873,C02476,18-02-2024,P0085,Product P0085,4,66.3,North
INV00004995,C01607,18-02-2024,P0217,Product P0217,2,155.46,West
INV00007626,C01411,19-02-2024,P0176,Product P0176,4,5.18,North
INV00003208,C02037,19-02-2024,P0048,Product P0048,5,165.95,West
INV00008853,C01359,19-02-2024,P0165,Product P0165,4,59.1,North
INV00000923,C01117,19-02-2024,P0190,Product P0190,4,19.81,East
INV00001989,C00527,19-02-2024,P0294,Product P0294,3,104.07,West
INV00006972,C01875,19-02-2024,P0252,Product P0252,5,28.46,West
INV00001378,C01880,19-02-2024,P0231,Product P0231,3,57.34,East
INV00001026,C00139,19-02-2024,P0141,Product P0141,1,179.02,East
INV00007216,C00617,19-02-2024,P0224,Product P0224,5,120.93,South
INV00007280,C01336,19-02-2024,P0005,Product P0005,1,176.81,West
INV00000572,C01041,19-02-2024,P0034,Product P0034,1,171.54,North
INV00002930,C01633,19-02-2024,P0167,Product P0167,5,138.32,East
INV00005688,C00614,19-02-2024,P0180,Product P0180,2,61.26,West
INV00002547,C01988,20-02-2024,P0246,Product P0246,1,38.45,South
INV00000955,C01964,20-02-2024,P0030,Product P0030,3,79.18,South
INV00008084,C01884,20-02-2024,P0042,Product P0042,5,18.95,South
INV00008066,C01601,20-02-2024,P0120,Product P0120,2,113.05,North
INV00000204,C01750,20-02-2024,P0089,Product P0089,4,141.49,East
INV00002927,C01542,20-02-2024,P0211,Product P0211,4,72.48,North
INV00004920,C01319,20-02-2024,P0196,Product P0196,1,169.21,South
INV00000675,C01555,20-02-2024,P0217,Product P0217,4,34.13,North
INV00008089,C01877,20-02-2024,P0005,Product P0005,5,137.98,West
INV00009276,C01725,21-02-2024,P0243,Product P0243,3,129.67,South
INV00005399,C02340,21-02-2024,P0072,Product P0072,5,25.95,North
INV00006285,C01166,21-02-2024,P0104,Product P0104,5,141.4,West
INV00001615,C00151,21-02-2024,P0232,Product P0232,2,67.47,South
INV00008639,C01889,21-02-2024,P0039,Product P0039,4,106.9,North
INV00006931,C00230,21-02-2024,P0174,Product P0174,1,73.37,North
INV00007899,C02142,22-02-2024,P0132,Product P0132,5,24.8,West
INV00009646,C01663,22-02-2024,P0161,Product P0161,2,171.48,West
INV00006727,C02160,22-02-2024,P0129,Product P0129,3,153.64,South
INV00006718,C01695,22-02-2024,P0269,Product P0269,3,75.12,South
INV00007089,C00343,22-02-2024,P0254,Product P0254,4,39.49,East
INV00006723,C00446,22-02-2024,P0211,Product P0211,5,54.48,West
INV00004438,C02369,22-02-2024,P0083,Product P0083,5,112.36,East
INV00008118,C00988,22-02-2024,P0010,Product P0010,1,26.3,East
INV00008260,C02272,22-02-2024,P0195,Product P0195,2,69.1,South
INV00000502,C01630,22-02-2024,P0144,Product P0144,4,172.44,West
INV00004689,C00020,22-02-2024,P0108,Product P0108,3,27.79,East
INV00006426,C01977,22-02-2024,P0201,Product P0201,3,105.78,North
INV00004303,C00334,22-02-2024,P0025,Product P0025,3,155.92,East
INV00002422,C01895,22-02-2024,P0010,Product P0010,4,116.11,South
INV00006490,C00288,22-02-2024,P0284,Product P0284,2,166.69,West
INV00009914,C02147,23-02-2024,P0224,Product P0224,1,110.07,West
INV00002066,C01273,23-02-2024,P0038,Product P0038,5,55.82,South
INV00002566,C01079,23-02-2024,P0117,Product P0117,3,69.7,East
INV00006123,C02006,23-02-2024,P0047,Product P0047,5,97.71,North
INV00005923,C01640,23-02-2024,P0086,Product P0086,5,105.44,West
INV00002431,C00331,23-02-2024,P0083,Product P0083,5,36.53,South
INV00001799,C01198,23-02-2024,P0289,Product P0289,5,79.97,North
INV00007357,C00745,23-02-2024,P0245,Product P0245,2,122.38,North
INV00000949,C02370,23-02-2024,P0274,Product P0274,2,47.8,North
INV00000938,C00372,23-02-2024,P0156,Product P0156,3,105.77,East
INV00000732,C01047,23-02-2024,P0286,Product P0286,2,99.13,West
INV00008683,C00045,23-02-2024,P0254,Product P0254,4,99.48,East
INV00007317,C01687,23-02-2024,P0012,Product P0012,5,150.61,North
INV00000876,C01262,23-02-2024,P0062,Product P0062,5,119.3,South
INV00004225,C01955,23-02-2024,P0212,Product P0212,4,58.09,East
INV00003017,C01332,23-02-2024,P0205,Product P0205,5,165.72,East
INV00002115,C01854,23-02-2024,P0198,Product P0198,1,54.2,East
INV00005668,C02067,23-02-2024,P0208,Product P0208,1,173.78,North
INV00001490,C01271,23-02-2024,P0205,Product P0205,4,70.4,North
INV00001922,C01342,24-02-2024,P0005,Product P0005,2,125.58,East
INV00004829,C02296,24-02-2024,P0188,Product P0188,1,70.29,East
INV00000229,C01368,24-02-2024,P0025,Product P0025,3,27.62,West
INV00002475,C00262,24-02-2024,P0248,Product P0248,1,87.12,South
INV00002739,C01231,24-02-2024,P0037,Product P0037,3,86.28,West
INV00009096,C00631,24-02-2024,P0210,Product P0210,1,165.71,North
INV00006568,C00236,24-02-2024,P0152,Product P0152,2,124.94,South
INV00007399,C00097,24-02-2024,P0070,Product P0070,1,105.51,West
INV00007752,C01031,24-02-2024,P0092,Product P0092,2,123.93,West
INV00006636,C00255,24-02-2024,P0262,Product P0262,2,32.94,East
INV00006571,C02097,24-02-2024,P0191,Product P0191,4,104.32,East
INV00003760,C01402,24-02-2024,P0033,Product P0033,4,43.93,East
INV00006934,C01550,24-02-2024,P0117,Product P0117,2,47.7,East
INV00006309,C00990,25-02-2024,P0068,Product P0068,2,172.85,North
INV00004394,C00169,25-02-2024,P0040,Product P0040,1,84.09,East
INV00008185,C01438,25-02-2024,P0116,Product P0116,2,127.05,South
INV00000022,C00927,25-02-2024,P0071,Product P0071,4,162.68,South
INV00007973,C01086,25-02-2024,P0151,Product P0151,3,118.05,North
INV00003998,C02115,25-02-2024,P0260,Product P0260,5,84.73,West
INV00004661,C02081,25-02-2024,P0176,Product P0176,4,81.85,North
INV00001850,C00414,25-02-2024,P0169,Product P0169,2,75.91,South
INV00006879,C01487,25-02-2024,P0056,Product P0056,4,134.34,West
INV00007706,C00917,25-02-2024,P0041,Product P0041,2,166.18,East
INV00002098,C02152,25-02-2024,P0080,Product P0080,2,96.01,East
INV00007759,C02041,25-02-2024,P0103,Product P0103,1,97.23,East
INV00005039,C02488,25-02-2024,P0187,Product P0187,2,30.05,South
INV00001474,C00518,25-02-2024,P0184,Product P0184,2,170.83,South
INV00003521,C02066,25-02-2024,P0291,Product P0291,4,74.29,West
INV00000798,C01147,26-02-2024,P0207,Product P0207,5,130.32,West
INV00002881,C00102,26-02-2024,P0225,Product P0225,2,80.5,West
INV00005382,C02372,26-02-2024,P0010,Product P0010,2,132.91,West
INV00006182,C02188,26-02-2024,P0102,Product P0102,2,7.84,East
INV00004449,C01378,26-02-2024,P0154,Product P0154,4,170.86,East
INV00005716,C01080,26-02-2024,P0073,Product P0073,1,18.27,North
INV00000106,C01968,26-02-2024,P0168,Product P0168,4,118.87,East
INV00001129,C01391,26-02-2024,P0278,Product P0278,4,73.09,North
INV00005190,C00739,27-02-2024,P0185,Product P0185,4,89.49,West
INV00008987,C01865,27-02-2024,P0127,Product P0127,2,147.26,West
INV00006697,C02207,27-02-2024,P0057,Product P0057,2,47.84,North
INV00000812,C02199,27-02-2024,P0219,Product P0219,2,114,North
INV00008826,C01857,27-02-2024,P0075,Product P0075,1,108.38,South
INV00006315,C02131,27-02-2024,P0190,Product P0190,3,153.65,East
INV00009932,C00024,27-02-2024,P0004,Product P0004,4,84.71,West
INV00001976,C00126,27-02-2024,P0114,Product P0114,5,30.73,East
INV00008618,C02350,27-02-2024,P0103,Product P0103,3,158.57,North
INV00000666,C01737,27-02-2024,P0075,Product P0075,3,144.78,South
INV00008916,C01461,27-02-2024,P0054,Product P0054,2,178.75,East
INV00008142,C00983,27-02-2024,P0065,Product P0065,4,108.32,East
INV00002956,C02488,27-02-2024,P0128,Product P0128,5,44.76,West
INV00002067,C01813,27-02-2024,P0083,Product P0083,5,56.48,West
INV00008032,C01371,27-02-2024,P0254,Product P0254,3,146.71,South
INV00002729,C01454,28-02-2024,P0284,Product P0284,3,178.36,West
INV00007740,C01168,28-02-2024,P0195,Product P0195,5,52.69,West
INV00002725,C01977,28-02-2024,P0276,Product P0276,4,52.21,West
INV00004282,C02239,28-02-2024,P0127,Product P0127,2,85.15,South
INV00001950,C00804,28-02-2024,P0291,Product P0291,4,36.6,South
INV00000723,C02113,28-02-2024,P0010,Product P0010,3,155.32,East
INV00008584,C00164,28-02-2024,P0260,Product P0260,3,85.9,North
INV00000236,C01799,28-02-2024,P0231,Product P0231,3,164.64,West
INV00002151,C00821,28-02-2024,P0037,Product P0037,3,157.82,South
INV00002958,C01216,28-02-2024,P0075,Product P0075,4,169.22,North
INV00003550,C01597,28-02-2024,P0155,Product P0155,2,128.23,West
INV00000104,C00019,28-02-2024,P0127,Product P0127,1,8.79,North
INV00002459,C01187,28-02-2024,P0141,Product P0141,3,120.47,East
INV00008773,C01256,28-02-2024,P0261,Product P0261,4,66.59,West
INV00000016,C01966,28-02-2024,P0196,Product P0196,5,161.34,East
INV00005868,C02205,28-02-2024,P0052,Product P0052,4,6.95,South
INV00007398,C00062,28-02-2024,P0050,Product P0050,2,146.34,North
INV00001794,C00696,28-02-2024,P0035,Product P0035,2,108.1,South
INV00009237,C01392,28-02-2024,P0043,Product P0043,3,107.58,East
INV00008056,C01658,28-02-2024,P0249,Product P0249,4,107.33,North
INV00005684,C01083,28-02-2024,P0081,Product P0081,3,141.33,East
INV00000510,C00592,28-02-2024,P0226,Product P0226,4,61.81,South
INV00009741,C00874,28-02-2024,P0244,Product P0244,4,98.22,West
INV00001152,C01262,29-02-2024,P0039,Product P0039,4,24.99,North
INV00006384,C00068,29-02-2024,P0256,Product P0256,5,37.36,East
INV00001394,C01856,29-02-2024,P0038,Product P0038,3,176.79,East
INV00002052,C00757,29-02-2024,P0262,Product P0262,4,53.44,West
INV00004535,C00075,29-02-2024,P0099,Product P0099,4,169.4,West
INV00006258,C01723,29-02-2024,P0183,Product P0183,3,177.59,East
INV00001303,C01750,29-02-2024,P0040,Product P0040,2,81.04,North
INV00007485,C00068,29-02-2024,P0201,Product P0201,3,113.5,South
INV00000368,C00790,29-02-2024,P0203,Product P0203,1,104.02,West
INV00002309,C00770,29-02-2024,P0254,Product P0254,5,156.3,North
INV00003896,C02324,29-02-2024,P0215,Product P0215,3,77.3,South
INV00001347,C02140,29-02-2024,P0190,Product P0190,1,80.46,South
INV00005372,C01848,29-02-2024,P0251,Product P0251,3,26.81,North
INV00003905,C02183,29-02-2024,P0115,Product P0115,2,74.39,East
INV00002960,C01195,29-02-2024,P0105,Product P0105,5,111.35,North
INV00003519,C01696,29-02-2024,P0270,Product P0270,2,119.33,West
INV00003589,C01627,29-02-2024,P0043,Product P0043,1,21.2,East
INV00004551,C00113,29-02-2024,P0070,Product P0070,2,134.45,West
INV00004493,C01742,29-02-2024,P0043,Product P0043,2,57.07,East
INV00002751,C00613,01-03-2024,P0193,Product P0193,5,85.6,West
INV00008030,C01413,01-03-2024,P0293,Product P0293,4,53.81,West
INV00004955,C00940,01-03-2024,P0132,Product P0132,2,131.25,West
INV00003503,C00777,01-03-2024,P0132,Product P0132,1,129.58,East
INV00003686,C00386,01-03-2024,P0217,Product P0217,4,45.27,North
INV00009977,C00507,01-03-2024,P0193,Product P0193,5,109.92,South
INV00000226,C00765,01-03-2024,P0227,Product P0227,2,59.79,West
INV00005056,C02257,01-03-2024,P0232,Product P0232,1,11.1,South
INV00000234,C01897,01-03-2024,P0181,Product P0181,5,93.33,East
INV00005297,C00013,01-03-2024,P0294,Product P0294,1,57.08,East
INV00004913,C00063,01-03-2024,P0152,Product P0152,1,46.74,North
INV00005327,C01414,01-03-2024,P0209,Product P0209,1,24.17,East
INV00005301,C00168,01-03-2024,P0208,Product P0208,2,169.96,West
INV00000328,C00094,01-03-2024,P0125,Product P0125,3,22.23,East
INV00006360,C01269,01-03-2024,P0118,Product P0118,5,17.6,North
INV00004173,C01267,01-03-2024,P0051,Product P0051,1,51.2,South
INV00003445,C02295,01-03-2024,P0118,Product P0118,3,149.67,North
INV00006862,C01407,02-03-2024,P0003,Product P0003,5,156.85,East
INV00008786,C01298,02-03-2024,P0166,Product P0166,3,120.33,South
INV00009317,C02484,02-03-2024,P0213,Product P0213,2,144.38,West
INV00003207,C02499,02-03-2024,P0114,Product P0114,5,151.11,West
INV00005776,C02354,02-03-2024,P0066,Product P0066,2,160.68,East
INV00005894,C00812,02-03-2024,P0280,Product P0280,2,154.73,North
INV00004915,C01945,02-03-2024,P0188,Product P0188,5,43.1,East
INV00002612,C02319,02-03-2024,P0027,Product P0027,3,98.56,North
INV00009386,C01818,02-03-2024,P0221,Product P0221,4,42.96,West
INV00004361,C00019,02-03-2024,P0134,Product P0134,2,153.4,East
INV00004767,C01427,02-03-2024,P0062,Product P0062,5,69.82,South
INV00002992,C01595,02-03-2024,P0004,Product P0004,2,41,West
INV00003668,C00453,02-03-2024,P0293,Product P0293,3,157.27,East
INV00004238,C00271,02-03-2024,P0069,Product P0069,1,46.12,West
INV00005461,C02248,02-03-2024,P0235,Product P0235,2,140.8,West
INV00003820,C02233,03-03-2024,P0112,Product P0112,4,144.88,West
INV00008816,C00940,03-03-2024,P0038,Product P0038,4,9.73,East
INV00006681,C00470,03-03-2024,P0144,Product P0144,5,53.18,West
INV00001479,C00577,03-03-2024,P0051,Product P0051,4,134.61,West
INV00008387,C01518,03-03-2024,P0191,Product P0191,3,123.84,South
INV00008523,C01823,03-03-2024,P0131,Product P0131,2,44.19,North
INV00004676,C00924,03-03-2024,P0147,Product P0147,3,33.9,East
INV00005247,C01461,03-03-2024,P0204,Product P0204,2,39.77,South
INV00000554,C00795,03-03-2024,P0174,Product P0174,4,118.77,North
INV00005584,C00188,03-03-2024,P0151,Product P0151,1,23.64,East
INV00005786,C01545,03-03-2024,P0031,Product P0031,2,93.99,West
INV00000102,C00500,04-03-2024,P0068,Product P0068,1,73.02,South
INV00003914,C01376,04-03-2024,P0087,Product P0087,4,143.89,North
INV00003893,C01090,04-03-2024,P0256,Product P0256,2,143.22,North
INV00006634,C01844,04-03-2024,P0276,Product P0276,2,110.13,South
INV00007543,C00926,04-03-2024,P0081,Product P0081,5,110.67,North
INV00002509,C01019,04-03-2024,P0089,Product P0089,4,142.41,South
INV00009505,C00074,04-03-2024,P0116,Product P0116,4,70.86,West
INV00008155,C01089,04-03-2024,P0130,Product P0130,3,141.01,North
INV00004371,C01396,04-03-2024,P0012,Product P0012,5,110.5,East
INV00002303,C01425,04-03-2024,P0087,Product P0087,2,95.82,East
INV00004644,C00168,04-03-2024,P0012,Product P0012,3,31.62,East
INV00000534,C00712,04-03-2024,P0099,Product P0099,3,170.54,East
INV00006069,C00375,04-03-2024,P0137,Product P0137,4,37.64,South
INV00009545,C01621,04-03-2024,P0025,Product P0025,3,103.97,South
INV00001535,C02042,04-03-2024,P0251,Product P0251,3,55.82,East
INV00009508,C01207,04-03-2024,P0007,Product P0007,5,30.67,South
INV00005105,C00273,04-03-2024,P0201,Product P0201,5,124.32,West
INV00004964,C00588,04-03-2024,P0275,Product P0275,4,172.24,North
INV00004641,C02107,04-03-2024,P0062,Product P0062,3,50.81,South
INV00003254,C00929,04-03-2024,P0193,Product P0193,2,40.54,North
INV00008548,C02157,05-03-2024,P0187,Product P0187,5,124.01,East
INV00005565,C00232,05-03-2024,P0125,Product P0125,4,150.18,South
INV00006340,C01511,05-03-2024,P0118,Product P0118,2,54.21,East
INV00003083,C00693,05-03-2024,P0056,Product P0056,4,173.08,West
INV00007688,C01521,05-03-2024,P0180,Product P0180,4,169.12,West
INV00008036,C01132,05-03-2024,P0118,Product P0118,2,22.47,East
INV00009504,C01325,05-03-2024,P0268,Product P0268,2,176.71,South
INV00006665,C01734,05-03-2024,P0288,Product P0288,3,35.26,North
INV00008211,C01689,05-03-2024,P0283,Product P0283,1,76.18,North
INV00007358,C00696,05-03-2024,P0233,Product P0233,3,63.87,South
INV00001608,C01485,05-03-2024,P0170,Product P0170,1,53.49,East
INV00007189,C00655,05-03-2024,P0067,Product P0067,3,44.19,North
INV00003496,C01330,05-03-2024,P0158,Product P0158,1,126.61,South
INV00003884,C01138,06-03-2024,P0149,Product P0149,3,107.51,West
INV00009742,C01084,06-03-2024,P0014,Product P0014,3,23.78,South
INV00007205,C00011,06-03-2024,P0061,Product P0061,5,25.82,East
INV00006508,C01223,06-03-2024,P0251,Product P0251,2,115.15,East
INV00008860,C00075,06-03-2024,P0251,Product P0251,4,178.47,South
INV00001757,C00871,06-03-2024,P0007,Product P0007,1,48.86,North
INV00007156,C00642,06-03-2024,P0079,Product P0079,5,45.53,East
INV00005604,C01232,06-03-2024,P0242,Product P0242,4,162.61,North
INV00007923,C01322,06-03-2024,P0294,Product P0294,3,142.62,East
INV00005162,C00066,06-03-2024,P0078,Product P0078,1,14.03,West
INV00009284,C00003,06-03-2024,P0044,Product P0044,4,37.23,East
INV00008440,C01712,06-03-2024,P0049,Product P0049,1,105.5,West
INV00008012,C00461,06-03-2024,P0212,Product P0212,5,6.98,South
INV00004313,C00871,06-03-2024,P0114,Product P0114,2,141.93,South
INV00006788,C00071,06-03-2024,P0211,Product P0211,1,84.85,North
INV00007555,C01546,07-03-2024,P0046,Product P0046,3,10.14,South
INV00001996,C00006,07-03-2024,P0245,Product P0245,4,7.98,West
INV00005695,C01469,07-03-2024,P0276,Product P0276,3,121.42,South
INV00008524,C02220,07-03-2024,P0034,Product P0034,4,95.62,West
INV00008861,C02405,07-03-2024,P0081,Product P0081,5,9.39,North
INV00008128,C01466,07-03-2024,P0237,Product P0237,2,77.34,South
INV00009225,C00184,07-03-2024,P0264,Product P0264,4,122.68,West
INV00004343,C01170,07-03-2024,P0079,Product P0079,4,73.86,South
INV00005288,C02158,07-03-2024,P0212,Product P0212,2,144.49,East
INV00003562,C00425,07-03-2024,P0115,Product P0115,1,133.05,East
INV00005617,C01994,07-03-2024,P0089,Product P0089,3,91.89,West
INV00000020,C01126,07-03-2024,P0121,Product P0121,2,65.44,West
INV00002357,C01029,07-03-2024,P0292,Product P0292,2,107.14,West
INV00008162,C00924,07-03-2024,P0141,Product P0141,3,72.82,South
INV00002307,C00815,08-03-2024,P0281,Product P0281,4,60.16,East
INV00005334,C02238,08-03-2024,P0232,Product P0232,1,48.66,West
INV00008241,C01755,08-03-2024,P0181,Product P0181,5,169.7,East
INV00005620,C00415,08-03-2024,P0010,Product P0010,2,91.39,North
INV00008924,C01037,08-03-2024,P0008,Product P0008,4,78.12,East
INV00007901,C00286,08-03-2024,P0070,Product P0070,2,28.86,North
INV00001690,C00236,08-03-2024,P0139,Product P0139,2,131.64,East
INV00002717,C01085,08-03-2024,P0031,Product P0031,2,90.45,West
INV00005932,C01358,08-03-2024,P0245,Product P0245,4,159.85,South
INV00003101,C00914,08-03-2024,P0089,Product P0089,2,71.78,East
INV00004815,C01866,08-03-2024,P0225,Product P0225,5,127.51,North
INV00000358,C02230,08-03-2024,P0152,Product P0152,2,58.54,South
INV00005269,C01748,08-03-2024,P0109,Product P0109,2,17.91,East
INV00000255,C01652,08-03-2024,P0038,Product P0038,1,32.65,South
INV00002629,C01542,09-03-2024,P0042,Product P0042,5,172.65,East
INV00008388,C02090,09-03-2024,P0078,Product P0078,5,60.98,West
INV00002404,C01378,09-03-2024,P0150,Product P0150,1,47.54,East
INV00008186,C02090,09-03-2024,P0040,Product P0040,5,54.63,North
INV00001538,C00277,09-03-2024,P0106,Product P0106,5,159.22,East
INV00005093,C00117,09-03-2024,P0142,Product P0142,3,89.89,North
INV00009921,C00558,09-03-2024,P0073,Product P0073,1,5.72,North
INV00007687,C00177,09-03-2024,P0269,Product P0269,1,85.31,North
INV00002975,C00044,10-03-2024,P0005,Product P0005,5,166.01,East
INV00006514,C00254,10-03-2024,P0231,Product P0231,3,50.49,South
INV00001316,C00748,10-03-2024,P0240,Product P0240,4,179.53,East
INV00004329,C00121,10-03-2024,P0007,Product P0007,2,42.53,South
INV00002779,C00972,10-03-2024,P0119,Product P0119,3,16.33,North
INV00002646,C00014,10-03-2024,P0260,Product P0260,3,36.58,East
INV00004789,C00766,10-03-2024,P0267,Product P0267,3,134.92,North
INV00000437,C01419,10-03-2024,P0101,Product P0101,2,65.91,North
INV00002008,C00381,10-03-2024,P0047,Product P0047,5,87.09,South
INV00001147,C01329,10-03-2024,P0104,Product P0104,2,20.52,North
INV00009126,C00686,10-03-2024,P0018,Product P0018,5,54.66,South
INV00008088,C02312,10-03-2024,P0183,Product P0183,5,131.39,West
INV00001610,C00316,10-03-2024,P0153,Product P0153,3,154.61,South
INV00002816,C00236,10-03-2024,P0063,Product P0063,2,106.2,North
INV00002486,C00902,11-03-2024,P0012,Product P0012,3,9.02,West
INV00006990,C00323,11-03-2024,P0182,Product P0182,4,17.97,North
INV00006415,C00584,11-03-2024,P0202,Product P0202,3,162.08,East
INV00001278,C01935,11-03-2024,P0015,Product P0015,3,168.84,South
INV00004827,C00493,11-03-2024,P0049,Product P0049,5,176.25,South
INV00001776,C00328,11-03-2024,P0048,Product P0048,5,161.71,North
INV00009492,C00092,11-03-2024,P0238,Product P0238,5,21.35,South
INV00007805,C01896,11-03-2024,P0053,Product P0053,3,40.93,South
INV00007627,C00554,11-03-2024,P0002,Product P0002,2,77.75,West
INV00004743,C01070,11-03-2024,P0014,Product P0014,4,25.73,East
INV00009159,C01476,11-03-2024,P0183,Product P0183,5,110.76,East
INV00008959,C01060,11-03-2024,P0296,Product P0296,4,113.21,East
INV00002610,C02067,11-03-2024,P0217,Product P0217,4,76.91,North
INV00000858,C00144,11-03-2024,P0279,Product P0279,3,20.28,North
INV00007527,C00785,11-03-2024,P0046,Product P0046,3,131.31,North
INV00003742,C00759,11-03-2024,P0205,Product P0205,1,9.52,North
INV00006970,C01750,12-03-2024,P0233,Product P0233,2,36,North
INV00008140,C00453,12-03-2024,P0105,Product P0105,4,26.66,South
INV00007917,C01670,12-03-2024,P0170,Product P0170,2,163.45,West
INV00001432,C00463,12-03-2024,P0060,Product P0060,2,44.39,West
INV00003156,C02120,12-03-2024,P0228,Product P0228,2,57.61,West
INV00003275,C00608,12-03-2024,P0278,Product P0278,2,46.23,East
INV00004685,C01293,12-03-2024,P0190,Product P0190,3,77.04,South
INV00000360,C01872,12-03-2024,P0159,Product P0159,4,55.44,North
INV00001546,C01476,12-03-2024,P0073,Product P0073,3,91.69,South
INV00006969,C01369,12-03-2024,P0113,Product P0113,5,79.63,East
INV00005031,C00793,12-03-2024,P0234,Product P0234,3,35.52,West
INV00005120,C00078,13-03-2024,P0269,Product P0269,2,30.73,West
INV00003335,C00182,13-03-2024,P0286,Product P0286,4,50.09,East
INV00005062,C01551,13-03-2024,P0034,Product P0034,1,12.29,West
INV00008731,C01494,13-03-2024,P0011,Product P0011,3,62.44,North
INV00003549,C00769,13-03-2024,P0017,Product P0017,3,61.32,East
INV00000354,C01088,13-03-2024,P0058,Product P0058,1,133.62,South
INV00005122,C01545,13-03-2024,P0275,Product P0275,2,63.21,West
INV00001975,C01398,13-03-2024,P0122,Product P0122,3,176.58,North
INV00006885,C00118,13-03-2024,P0003,Product P0003,2,65.42,West
INV00005053,C02407,13-03-2024,P0172,Product P0172,1,148.51,East
INV00005309,C00169,13-03-2024,P0144,Product P0144,1,164.47,North
INV00008132,C01973,13-03-2024,P0181,Product P0181,3,136.45,West
INV00005876,C00215,13-03-2024,P0069,Product P0069,2,74.82,East
INV00006830,C00749,13-03-2024,P0027,Product P0027,2,84.08,East
INV00003114,C02326,13-03-2024,P0257,Product P0257,2,65.78,East
INV00000438,C02319,14-03-2024,P0088,Product P0088,1,93.11,South
INV00001072,C00523,14-03-2024,P0226,Product P0226,2,79.82,East
INV00005168,C00487,14-03-2024,P0238,Product P0238,4,35.59,North
INV00007147,C02223,14-03-2024,P0152,Product P0152,1,145.74,West
INV00003270,C02458,14-03-2024,P0238,Product P0238,3,123.78,West
INV00009606,C00116,14-03-2024,P0207,Product P0207,2,51.58,North
INV00003363,C00116,14-03-2024,P0043,Product P0043,5,12.36,North
INV00005747,C01084,14-03-2024,P0254,Product P0254,5,32.56,South
INV00000589,C02093,14-03-2024,P0283,Product P0283,5,28.57,East
INV00006941,C02040,14-03-2024,P0092,Product P0092,4,109.82,South
INV00001677,C00375,14-03-2024,P0266,Product P0266,5,147.81,North
INV00008083,C01292,14-03-2024,P0065,Product P0065,3,65.55,West
INV00001430,C01969,14-03-2024,P0032,Product P0032,4,8.25,East
INV00008673,C00647,15-03-2024,P0127,Product P0127,3,127.85,North
INV00001468,C00962,15-03-2024,P0269,Product P0269,5,177.73,East
INV00009623,C00515,15-03-2024,P0131,Product P0131,3,45.56,South
INV00004022,C00119,15-03-2024,P0023,Product P0023,5,86.03,West
INV00000060,C01708,15-03-2024,P0008,Product P0008,4,24.47,North
INV00002421,C00647,15-03-2024,P0157,Product P0157,2,103.21,North
INV00008907,C02248,15-03-2024,P0140,Product P0140,3,137.66,East
INV00003715,C01814,15-03-2024,P0054,Product P0054,3,109.05,West
INV00005559,C01320,15-03-2024,P0158,Product P0158,4,120.88,North
INV00007864,C01466,15-03-2024,P0085,Product P0085,3,9.65,South
INV00009692,C00754,15-03-2024,P0166,Product P0166,1,46.3,West
INV00008077,C01332,15-03-2024,P0263,Product P0263,1,153.6,West
INV00002525,C00156,15-03-2024,P0198,Product P0198,3,156.67,West
INV00008546,C02018,15-03-2024,P0277,Product P0277,5,125.95,West
INV00004272,C01330,15-03-2024,P0204,Product P0204,3,17.96,West
INV00003357,C00142,15-03-2024,P0195,Product P0195,2,8.05,North
INV00005818,C02308,16-03-2024,P0153,Product P0153,2,166.59,South
INV00007736,C00644,16-03-2024,P0122,Product P0122,5,106.18,East
INV00007575,C01320,16-03-2024,P0025,Product P0025,3,141.21,North
INV00004800,C01389,16-03-2024,P0231,Product P0231,3,46.2,East
INV00007246,C01128,16-03-2024,P0059,Product P0059,4,49.38,West
INV00006151,C00029,16-03-2024,P0029,Product P0029,4,94.91,North
INV00001135,C01535,16-03-2024,P0261,Product P0261,4,76.31,South
INV00002650,C00827,16-03-2024,P0180,Product P0180,1,144.58,East
INV00008574,C02275,16-03-2024,P0262,Product P0262,3,122.22,East
INV00001056,C02489,16-03-2024,P0060,Product P0060,4,173.08,North
INV00002567,C02002,16-03-2024,P0139,Product P0139,4,48.28,East
INV00001085,C00502,16-03-2024,P0005,Product P0005,5,137.25,West
INV00001869,C00076,16-03-2024,P0029,Product P0029,5,14.78,South
INV00004759,C01130,16-03-2024,P0123,Product P0123,3,127.46,West
INV00008628,C02050,16-03-2024,P0172,Product P0172,3,18.55,West
INV00004545,C01116,16-03-2024,P0104,Product P0104,5,34.01,West
INV00005740,C00091,16-03-2024,P0209,Product P0209,1,58.36,South
INV00008967,C01781,17-03-2024,P0037,Product P0037,4,89.44,North
INV00000499,C02317,17-03-2024,P0210,Product P0210,4,66.22,East
INV00003827,C00843,17-03-2024,P0127,Product P0127,1,107.69,East
INV00008385,C02487,17-03-2024,P0282,Product P0282,2,170.18,East
INV00005316,C01414,17-03-2024,P0233,Product P0233,4,77.96,West
INV00008812,C01489,17-03-2024,P0184,Product P0184,5,144.45,East
INV00004141,C01816,17-03-2024,P0028,Product P0028,5,128.04,West
INV00008521,C01450,17-03-2024,P0122,Product P0122,5,109.08,South
INV00007878,C01245,17-03-2024,P0132,Product P0132,4,32.36,West
INV00002243,C01132,17-03-2024,P0151,Product P0151,1,24.21,South
INV00004703,C01361,17-03-2024,P0188,Product P0188,5,116.25,South
INV00000019,C02100,17-03-2024,P0245,Product P0245,3,10.04,North
INV00004559,C01877,18-03-2024,P0143,Product P0143,5,145.64,South
INV00005782,C00367,18-03-2024,P0161,Product P0161,4,105.38,South
INV00001256,C00213,18-03-2024,P0231,Product P0231,1,29.25,North
INV00004671,C00240,18-03-2024,P0280,Product P0280,2,27.02,East
INV00002375,C01748,18-03-2024,P0039,Product P0039,2,78.42,West
INV00007464,C02268,18-03-2024,P0160,Product P0160,3,156.84,South
INV00001348,C01753,18-03-2024,P0165,Product P0165,4,149.25,North
INV00000915,C01480,18-03-2024,P0006,Product P0006,3,171.55,South
INV00003087,C00455,18-03-2024,P0216,Product P0216,4,44.07,South
INV00006888,C00911,18-03-2024,P0124,Product P0124,5,113.43,East
INV00000197,C00857,18-03-2024,P0182,Product P0182,5,169.08,South
INV00007853,C00623,18-03-2024,P0076,Product P0076,5,81.76,East
INV00007779,C01054,18-03-2024,P0160,Product P0160,5,33.96,West
INV00003552,C01306,19-03-2024,P0116,Product P0116,1,63.45,North
INV00006365,C02038,19-03-2024,P0268,Product P0268,1,116.96,West
INV00005857,C01188,19-03-2024,P0066,Product P0066,5,11.46,East
INV00006817,C02189,19-03-2024,P0260,Product P0260,3,39.99,North
INV00002412,C00124,19-03-2024,P0204,Product P0204,1,172.27,North
INV00000026,C01610,19-03-2024,P0062,Product P0062,1,128.68,East
INV00004659,C01052,19-03-2024,P0191,Product P0191,4,65.32,South
INV00007412,C00383,19-03-2024,P0127,Product P0127,4,147.85,North
INV00003047,C01820,19-03-2024,P0272,Product P0272,4,21.61,West
INV00000240,C01569,19-03-2024,P0152,Product P0152,2,54.4,West
INV00002926,C00458,19-03-2024,P0215,Product P0215,4,77.46,North
INV00007018,C01704,19-03-2024,P0284,Product P0284,2,46.03,South
INV00007547,C01655,19-03-2024,P0149,Product P0149,5,54.4,North
INV00006015,C01336,19-03-2024,P0066,Product P0066,2,159.77,East
INV00002048,C01329,19-03-2024,P0264,Product P0264,4,156.19,East
INV00004192,C00857,19-03-2024,P0080,Product P0080,2,96.99,North
INV00005769,C01174,19-03-2024,P0027,Product P0027,4,19.6,North
INV00001585,C01590,19-03-2024,P0102,Product P0102,5,176.7,North
INV00005855,C01030,19-03-2024,P0218,Product P0218,3,122.46,North
INV00003380,C00988,19-03-2024,P0143,Product P0143,4,162.79,South
INV00003458,C00078,19-03-2024,P0226,Product P0226,4,58.37,South
INV00005535,C00222,20-03-2024,P0037,Product P0037,4,83.05,West
INV00003006,C00928,20-03-2024,P0174,Product P0174,3,138.33,West
INV00002120,C01754,20-03-2024,P0267,Product P0267,1,141.49,East
INV00006243,C02297,20-03-2024,P0284,Product P0284,3,38.49,North
INV00009866,C01969,20-03-2024,P0150,Product P0150,5,120.24,North
INV00007083,C01832,20-03-2024,P0172,Product P0172,5,150.62,North
INV00007729,C00552,20-03-2024,P0008,Product P0008,1,47.35,South
INV00002280,C01681,20-03-2024,P0134,Product P0134,1,9.46,East
INV00001131,C01018,20-03-2024,P0227,Product P0227,2,9.23,North
INV00004722,C02077,20-03-2024,P0144,Product P0144,1,145.34,West
INV00001158,C02126,20-03-2024,P0256,Product P0256,2,160.18,West
INV00005276,C00524,21-03-2024,P0285,Product P0285,4,26.64,East
INV00003497,C00258,21-03-2024,P0232,Product P0232,3,20.6,East
INV00005454,C01962,21-03-2024,P0036,Product P0036,5,67.95,South
INV00008147,C02499,21-03-2024,P0039,Product P0039,1,71.76,South
INV00001209,C00712,21-03-2024,P0160,Product P0160,5,115.99,South
INV00005955,C01701,21-03-2024,P0154,Product P0154,5,51.76,North
INV00000088,C00781,21-03-2024,P0120,Product P0120,4,139.53,West
INV00000592,C02257,21-03-2024,P0176,Product P0176,4,5,East
INV00004263,C00729,21-03-2024,P0130,Product P0130,1,118.44,West
INV00004165,C01786,21-03-2024,P0119,Product P0119,2,127.02,North
INV00007798,C00334,21-03-2024,P0096,Product P0096,2,133.32,East
INV00007395,C01482,21-03-2024,P0140,Product P0140,4,134.23,West
INV00007993,C01672,21-03-2024,P0037,Product P0037,4,144.45,West
INV00006517,C00685,21-03-2024,P0200,Product P0200,1,139.41,South
INV00009103,C01191,21-03-2024,P0073,Product P0073,4,100.29,West
INV00006966,C02096,21-03-2024,P0249,Product P0249,2,40.1,North
INV00006492,C01391,21-03-2024,P0051,Product P0051,5,103.7,West
INV00000574,C00124,21-03-2024,P0236,Product P0236,5,136.45,West
INV00005866,C01408,21-03-2024,P0022,Product P0022,3,51.85,North
INV00003212,C00691,22-03-2024,P0032,Product P0032,1,138.98,North
INV00006661,C00169,22-03-2024,P0090,Product P0090,4,85.46,North
INV00002713,C02351,22-03-2024,P0105,Product P0105,5,175.89,West
INV00002366,C00215,22-03-2024,P0244,Product P0244,4,12.5,East
INV00001698,C00374,22-03-2024,P0031,Product P0031,4,38.79,East
INV00004502,C01335,22-03-2024,P0161,Product P0161,1,17.27,East
INV00008855,C01423,22-03-2024,P0073,Product P0073,3,6.56,East
INV00007249,C01007,22-03-2024,P0207,Product P0207,5,168.62,West
INV00008402,C00513,22-03-2024,P0049,Product P0049,3,160.22,East
INV00006476,C00713,22-03-2024,P0157,Product P0157,4,29.69,North
INV00002885,C00889,22-03-2024,P0189,Product P0189,3,71.22,East
INV00002314,C00133,22-03-2024,P0136,Product P0136,5,163.97,West
INV00002172,C01863,23-03-2024,P0241,Product P0241,5,130.5,North
INV00002846,C01142,23-03-2024,P0201,Product P0201,4,68.38,West
INV00009332,C01022,23-03-2024,P0223,Product P0223,3,172.01,West
INV00007858,C00348,23-03-2024,P0114,Product P0114,4,150.26,West
INV00008223,C01545,24-03-2024,P0004,Product P0004,2,34.52,North
INV00000494,C01508,24-03-2024,P0153,Product P0153,1,77.14,South
INV00000373,C01026,24-03-2024,P0099,Product P0099,4,169.72,North
INV00000680,C02340,24-03-2024,P0084,Product P0084,4,133.08,South
INV00007068,C00411,24-03-2024,P0280,Product P0280,5,158.66,East
INV00009471,C00951,24-03-2024,P0192,Product P0192,2,30.44,East
INV00009030,C00286,24-03-2024,P0053,Product P0053,3,81.9,South
INV00000564,C00454,24-03-2024,P0091,Product P0091,5,165.74,South
INV00001266,C00093,24-03-2024,P0127,Product P0127,5,53.55,West
INV00000414,C00330,24-03-2024,P0016,Product P0016,3,135.78,West
INV00000050,C01946,24-03-2024,P0191,Product P0191,2,176.48,East
INV00009339,C01734,25-03-2024,P0242,Product P0242,1,153.75,East
INV00002532,C02016,25-03-2024,P0252,Product P0252,1,137.06,North
INV00004323,C01157,25-03-2024,P0106,Product P0106,1,106.42,North
INV00001892,C00614,25-03-2024,P0080,Product P0080,5,62.31,North
INV00005305,C00586,25-03-2024,P0127,Product P0127,2,129.75,South
INV00006462,C01099,25-03-2024,P0070,Product P0070,3,147.69,North
INV00001990,C02310,25-03-2024,P0172,Product P0172,5,131.38,East
INV00005046,C00921,25-03-2024,P0139,Product P0139,5,110.91,West
INV00001128,C01594,25-03-2024,P0053,Product P0053,1,57.24,South
INV00004295,C02318,25-03-2024,P0105,Product P0105,4,32.33,West
INV00007870,C01243,25-03-2024,P0243,Product P0243,4,139.15,East
INV00008510,C02116,25-03-2024,P0248,Product P0248,5,152.71,East
INV00008393,C02326,25-03-2024,P0119,Product P0119,3,136.9,South
INV00003495,C02321,25-03-2024,P0027,Product P0027,1,62.13,North
INV00006098,C02297,25-03-2024,P0165,Product P0165,5,84.64,West
INV00003548,C02206,26-03-2024,P0294,Product P0294,4,146.7,East
INV00007563,C01229,26-03-2024,P0121,Product P0121,2,79.82,West
INV00007919,C00147,26-03-2024,P0192,Product P0192,5,21.65,West
INV00006635,C02171,26-03-2024,P0028,Product P0028,5,57.11,South
INV00009658,C01968,27-03-2024,P0137,Product P0137,3,144.79,West
INV00008874,C02072,27-03-2024,P0084,Product P0084,1,40.79,North
INV00007284,C00076,27-03-2024,P0297,Product P0297,4,115.86,South
INV00007951,C01565,27-03-2024,P0229,Product P0229,5,148.25,North
INV00005514,C02175,27-03-2024,P0037,Product P0037,2,56.06,West
INV00002479,C00195,27-03-2024,P0149,Product P0149,4,102.78,North
INV00006197,C01548,27-03-2024,P0105,Product P0105,3,47.65,East
INV00004285,C00305,27-03-2024,P0075,Product P0075,5,46.22,East
INV00002785,C02280,27-03-2024,P0296,Product P0296,4,90.91,South
INV00009405,C01909,27-03-2024,P0066,Product P0066,3,62.43,West
INV00008624,C01996,27-03-2024,P0169,Product P0169,1,94.25,North
INV00002843,C01911,27-03-2024,P0187,Product P0187,5,142.35,East
INV00007060,C01211,27-03-2024,P0080,Product P0080,3,140.34,South
INV00005025,C02181,27-03-2024,P0093,Product P0093,3,154.46,North
INV00004990,C02210,27-03-2024,P0270,Product P0270,4,80.91,West
INV00007890,C00445,27-03-2024,P0236,Product P0236,1,62.17,West
INV00006086,C01912,27-03-2024,P0253,Product P0253,1,65.31,South
INV00000062,C01862,27-03-2024,P0003,Product P0003,3,175.81,West
INV00006214,C00829,27-03-2024,P0078,Product P0078,5,10.01,East
INV00007414,C00829,28-03-2024,P0039,Product P0039,1,156.5,East
INV00005181,C02137,28-03-2024,P0012,Product P0012,1,28.97,South
INV00002963,C02434,28-03-2024,P0030,Product P0030,3,73.78,South
INV00007799,C01365,28-03-2024,P0262,Product P0262,3,42.44,East
INV00009336,C00851,28-03-2024,P0299,Product P0299,5,143.69,West
INV00004613,C01967,28-03-2024,P0010,Product P0010,5,90.5,South
INV00005260,C00604,28-03-2024,P0252,Product P0252,4,168.25,West
INV00005224,C02049,28-03-2024,P0223,Product P0223,1,157.02,East
INV00003722,C01457,28-03-2024,P0066,Product P0066,5,143.74,North
INV00001593,C00959,28-03-2024,P0199,Product P0199,4,55.83,West
INV00007488,C01277,28-03-2024,P0218,Product P0218,4,108.2,West
INV00004718,C02473,28-03-2024,P0083,Product P0083,5,164.91,South
INV00003057,C02006,28-03-2024,P0004,Product P0004,5,18.47,North
INV00009290,C00683,28-03-2024,P0260,Product P0260,1,28.83,West
INV00005728,C00261,28-03-2024,P0150,Product P0150,1,69.41,South
INV00003219,C02466,28-03-2024,P0092,Product P0092,2,71.39,South
INV00000853,C02408,28-03-2024,P0278,Product P0278,3,145.84,West
INV00003784,C01899,28-03-2024,P0097,Product P0097,1,14.23,South
INV00001855,C00267,28-03-2024,P0219,Product P0219,4,144.08,North
INV00005432,C00566,28-03-2024,P0014,Product P0014,2,158.59,East
INV00006347,C01398,28-03-2024,P0056,Product P0056,1,111.28,East
INV00001693,C01644,29-03-2024,P0212,Product P0212,4,106.81,East
INV00008646,C01547,29-03-2024,P0041,Product P0041,5,74.95,West
INV00001763,C00026,29-03-2024,P0065,Product P0065,2,60.6,West
INV00005691,C00927,29-03-2024,P0001,Product P0001,3,168.88,South
INV00004008,C01627,29-03-2024,P0159,Product P0159,5,107.33,West
INV00009523,C02157,29-03-2024,P0148,Product P0148,5,151.21,North
INV00008777,C02061,29-03-2024,P0074,Product P0074,5,30.16,North
INV00006207,C01766,29-03-2024,P0011,Product P0011,1,42.18,North
INV00005526,C00252,29-03-2024,P0077,Product P0077,3,143.35,East
INV00007572,C02320,29-03-2024,P0070,Product P0070,4,70.4,South
INV00007720,C00204,29-03-2024,P0063,Product P0063,5,89.22,West
INV00007323,C02286,29-03-2024,P0114,Product P0114,1,139.31,East
INV00006043,C00877,29-03-2024,P0174,Product P0174,4,158.24,North
INV00008375,C02288,29-03-2024,P0234,Product P0234,2,98.78,South
INV00008438,C02440,29-03-2024,P0236,Product P0236,4,66.57,North
INV00003682,C00081,29-03-2024,P0211,Product P0211,5,122.01,South
INV00003524,C00423,29-03-2024,P0178,Product P0178,3,27.08,South
INV00004749,C02163,29-03-2024,P0090,Product P0090,4,52.97,West
INV00007316,C01043,29-03-2024,P0148,Product P0148,3,44.51,East
INV00003367,C01553,29-03-2024,P0012,Product P0012,5,178.19,East
INV00004059,C00514,29-03-2024,P0296,Product P0296,5,63.95,North
INV00000559,C01982,30-03-2024,P0171,Product P0171,5,14.29,North
INV00007824,C01187,30-03-2024,P0151,Product P0151,1,173.47,South
INV00000990,C01969,30-03-2024,P0259,Product P0259,5,85.25,South
INV00007887,C00811,30-03-2024,P0080,Product P0080,3,39.55,South
INV00005660,C01841,30-03-2024,P0056,Product P0056,1,123.32,North
INV00004159,C00500,30-03-2024,P0086,Product P0086,3,24.94,West
INV00009429,C01100,30-03-2024,P0204,Product P0204,1,166,East
INV00008354,C01530,30-03-2024,P0147,Product P0147,3,6.46,East
INV00004504,C01930,30-03-2024,P0155,Product P0155,1,176.76,South
INV00004876,C01661,30-03-2024,P0108,Product P0108,1,133.16,East
INV00009819,C01139,30-03-2024,P0252,Product P0252,5,63.22,North
INV00007285,C00285,30-03-2024,P0066,Product P0066,1,67.82,South
INV00007006,C00002,30-03-2024,P0049,Product P0049,3,112.83,North
INV00009585,C01887,30-03-2024,P0087,Product P0087,3,94.75,South
INV00003885,C00406,30-03-2024,P0153,Product P0153,2,65.89,South
INV00004672,C01725,31-03-2024,P0271,Product P0271,3,59.16,East
INV00002485,C00860,31-03-2024,P0128,Product P0128,3,167.22,South
INV00001536,C00079,31-03-2024,P0185,Product P0185,3,33.36,North
INV00000669,C02298,31-03-2024,P0122,Product P0122,3,47.22,West
INV00006645,C01994,31-03-2024,P0280,Product P0280,1,19.89,East
INV00000256,C00362,31-03-2024,P0065,Product P0065,5,16.94,North
INV00001048,C01503,31-03-2024,P0203,Product P0203,3,62.7,West
INV00000758,C00959,31-03-2024,P0065,Product P0065,3,15.64,West
INV00007928,C00685,31-03-2024,P0168,Product P0168,3,129.22,North
INV00000239,C00772,31-03-2024,P0123,Product P0123,3,133.09,East
INV00004534,C01879,31-03-2024,P0097,Product P0097,3,131.75,North
INV00005889,C01660,31-03-2024,P0153,Product P0153,2,68.52,West
INV00000614,C00963,31-03-2024,P0300,Product P0300,3,10.06,East
INV00009975,C01385,31-03-2024,P0153,Product P0153,1,74.01,East
INV00001828,C02462,31-03-2024,P0082,Product P0082,4,6.91,West
INV00001844,C02115,01-04-2024,P0003,Product P0003,4,119.75,West
INV00006343,C01647,01-04-2024,P0211,Product P0211,1,158.78,South
INV00005271,C00463,01-04-2024,P0213,Product P0213,3,136.24,North
INV00007922,C00789,01-04-2024,P0074,Product P0074,5,43.34,West
INV00009319,C01127,01-04-2024,P0163,Product P0163,5,129.62,South
INV00005960,C02188,01-04-2024,P0134,Product P0134,5,158.91,East
INV00007766,C01783,01-04-2024,P0191,Product P0191,3,120.7,West
INV00000127,C00198,01-04-2024,P0131,Product P0131,3,152.06,North
INV00004254,C00848,01-04-2024,P0096,Product P0096,2,73.03,West
INV00009079,C00251,01-04-2024,P0064,Product P0064,5,89.32,North
INV00004125,C01972,01-04-2024,P0021,Product P0021,2,26.83,South
INV00008164,C00686,01-04-2024,P0109,Product P0109,1,115.77,South
INV00006772,C01714,01-04-2024,P0116,Product P0116,3,64.8,North
INV00006171,C01349,01-04-2024,P0162,Product P0162,1,80.43,East
INV00003962,C02149,01-04-2024,P0291,Product P0291,3,32.07,South
INV00006954,C02067,01-04-2024,P0239,Product P0239,3,37.19,North
INV00007204,C00326,02-04-2024,P0016,Product P0016,1,96.16,North
INV00006731,C01724,02-04-2024,P0269,Product P0269,5,99.93,East
INV00001913,C00008,02-04-2024,P0241,Product P0241,1,81.88,West
INV00006742,C02232,02-04-2024,P0127,Product P0127,1,130.09,West
INV00005948,C02327,02-04-2024,P0005,Product P0005,5,137.41,South
INV00008285,C01990,02-04-2024,P0211,Product P0211,5,34.99,West
INV00007636,C00700,02-04-2024,P0238,Product P0238,5,45.52,South
INV00006809,C00125,02-04-2024,P0207,Product P0207,3,100.32,East
INV00007953,C02274,02-04-2024,P0025,Product P0025,1,152.65,East
INV00008000,C00451,02-04-2024,P0193,Product P0193,3,131.69,West
INV00005921,C00367,03-04-2024,P0213,Product P0213,1,109.16,South
INV00001307,C00637,03-04-2024,P0057,Product P0057,3,95.74,East
INV00007588,C00384,03-04-2024,P0224,Product P0224,4,100.15,South
INV00001319,C01123,03-04-2024,P0235,Product P0235,1,77.01,North
INV00004241,C00840,03-04-2024,P0230,Product P0230,4,129.5,North
INV00007121,C01305,03-04-2024,P0270,Product P0270,1,105.71,North
INV00003474,C02215,03-04-2024,P0005,Product P0005,5,94.21,North
INV00008784,C01901,04-04-2024,P0254,Product P0254,3,179.28,West
INV00004814,C01390,04-04-2024,P0288,Product P0288,3,19.98,East
INV00001550,C00012,04-04-2024,P0068,Product P0068,1,88.43,West
INV00009918,C00903,04-04-2024,P0134,Product P0134,5,20.22,South
INV00006933,C00177,04-04-2024,P0007,Product P0007,5,137.86,North
INV00004793,C02428,04-04-2024,P0137,Product P0137,1,168.77,South
INV00003112,C01908,04-04-2024,P0115,Product P0115,3,169.97,South
INV00008736,C01472,04-04-2024,P0245,Product P0245,5,126,East
INV00004012,C02213,04-04-2024,P0137,Product P0137,2,122.29,North
INV00008439,C00640,05-04-2024,P0217,Product P0217,5,95.84,East
INV00001167,C00055,05-04-2024,P0286,Product P0286,4,110.88,West
INV00003440,C02074,05-04-2024,P0135,Product P0135,5,33.49,South
INV00009622,C01294,05-04-2024,P0094,Product P0094,5,44.98,East
INV00007474,C00638,05-04-2024,P0162,Product P0162,3,32.09,West
INV00006968,C01408,05-04-2024,P0166,Product P0166,1,44.73,East
INV00005943,C00500,05-04-2024,P0063,Product P0063,2,171.17,South
INV00006932,C01983,05-04-2024,P0152,Product P0152,1,98.81,South
INV00008892,C01146,05-04-2024,P0085,Product P0085,2,36.99,South
INV00003167,C01873,05-04-2024,P0072,Product P0072,5,174.41,South
INV00000843,C02274,05-04-2024,P0300,Product P0300,4,79.76,West
INV00001333,C01063,05-04-2024,P0285,Product P0285,3,168.01,East
INV00002432,C01305,05-04-2024,P0047,Product P0047,1,34.15,East
INV00000611,C02085,05-04-2024,P0108,Product P0108,3,30.64,West
INV00002339,C00109,05-04-2024,P0003,Product P0003,3,114.25,East
INV00003907,C01789,05-04-2024,P0266,Product P0266,3,13.38,North
INV00009109,C00863,05-04-2024,P0195,Product P0195,3,122.3,South
INV00006983,C02482,05-04-2024,P0162,Product P0162,1,175,East
INV00000555,C02462,05-04-2024,P0279,Product P0279,1,123.98,South
INV00006758,C01138,06-04-2024,P0123,Product P0123,4,89.63,South
INV00000498,C00936,06-04-2024,P0031,Product P0031,1,57.72,West
INV00008577,C01447,06-04-2024,P0289,Product P0289,3,87.19,North
INV00000276,C01206,06-04-2024,P0012,Product P0012,4,159.29,East
INV00000650,C02122,06-04-2024,P0044,Product P0044,2,34.22,South
INV00000926,C02366,06-04-2024,P0032,Product P0032,1,155.92,North
INV00006618,C01500,06-04-2024,P0112,Product P0112,1,87.88,East
INV00000549,C01290,06-04-2024,P0124,Product P0124,3,135.75,North
INV00007844,C02168,06-04-2024,P0225,Product P0225,3,125.05,South
INV00008478,C01343,06-04-2024,P0237,Product P0237,4,39.83,North
INV00001878,C02241,06-04-2024,P0197,Product P0197,2,14.98,South
INV00002860,C01116,06-04-2024,P0041,Product P0041,5,129.3,North
INV00005489,C02153,06-04-2024,P0067,Product P0067,5,104.79,South
INV00005949,C02338,06-04-2024,P0075,Product P0075,5,22.93,West
INV00002087,C01833,07-04-2024,P0247,Product P0247,1,90.16,West
INV00000695,C00226,07-04-2024,P0226,Product P0226,1,159.7,South
INV00007857,C00248,07-04-2024,P0248,Product P0248,1,24.01,West
INV00007331,C00626,07-04-2024,P0148,Product P0148,3,123.35,North
INV00004993,C02479,07-04-2024,P0279,Product P0279,1,121.51,South
INV00000960,C01030,07-04-2024,P0300,Product P0300,5,26.36,North
INV00002748,C02023,07-04-2024,P0212,Product P0212,5,134.01,North
INV00001093,C02108,07-04-2024,P0017,Product P0017,2,35.08,West
INV00001154,C02274,07-04-2024,P0295,Product P0295,4,89.83,West
INV00005378,C00638,07-04-2024,P0113,Product P0113,1,141.59,West
INV00009636,C01252,07-04-2024,P0002,Product P0002,5,18.35,West
INV00002876,C01290,07-04-2024,P0095,Product P0095,2,21.08,East
INV00006115,C00495,07-04-2024,P0119,Product P0119,2,102.04,West
INV00002353,C01786,07-04-2024,P0158,Product P0158,4,98.31,North
INV00004487,C01359,08-04-2024,P0201,Product P0201,5,124.14,South
INV00003728,C01317,08-04-2024,P0098,Product P0098,5,43.96,South
INV00003365,C00404,08-04-2024,P0148,Product P0148,1,30.09,West
INV00005089,C00345,08-04-2024,P0144,Product P0144,2,75.59,North
INV00005228,C01933,08-04-2024,P0125,Product P0125,4,143.9,East
INV00000394,C01499,08-04-2024,P0133,Product P0133,1,101.81,South
INV00000340,C02383,08-04-2024,P0100,Product P0100,1,105.13,South
INV00002312,C00169,08-04-2024,P0030,Product P0030,1,39.3,North
INV00000210,C01947,08-04-2024,P0248,Product P0248,4,136.14,East
INV00000376,C00237,08-04-2024,P0160,Product P0160,2,62.42,South
INV00007491,C00280,08-04-2024,P0220,Product P0220,4,126.26,West
INV00000561,C01342,08-04-2024,P0229,Product P0229,4,15.16,South
INV00000110,C01763,08-04-2024,P0246,Product P0246,5,153.63,South
INV00002506,C00289,08-04-2024,P0129,Product P0129,2,117.93,West
INV00000120,C00287,08-04-2024,P0017,Product P0017,5,77.94,North
INV00007725,C02219,08-04-2024,P0291,Product P0291,1,172.82,North
INV00005232,C01236,08-04-2024,P0243,Product P0243,4,150.27,East
INV00003612,C01707,08-04-2024,P0232,Product P0232,4,124.9,East
INV00006045,C01482,08-04-2024,P0084,Product P0084,5,139.91,West
INV00009328,C00208,09-04-2024,P0251,Product P0251,3,153.62,North
INV00000413,C00699,09-04-2024,P0296,Product P0296,1,144.23,West
INV00005487,C00533,09-04-2024,P0198,Product P0198,4,175.64,South
INV00004612,C00812,09-04-2024,P0136,Product P0136,2,148.37,North
INV00002348,C01881,09-04-2024,P0129,Product P0129,5,84.36,South
INV00000501,C00285,09-04-2024,P0028,Product P0028,1,108.65,West
INV00001691,C01931,09-04-2024,P0032,Product P0032,4,32.32,South
INV00007502,C00213,09-04-2024,P0217,Product P0217,4,40.37,West
INV00000978,C01432,09-04-2024,P0124,Product P0124,5,158.48,East
INV00001321,C00287,09-04-2024,P0223,Product P0223,4,145.64,West
INV00006063,C00945,09-04-2024,P0208,Product P0208,2,90.77,East
INV00007319,C01340,10-04-2024,P0253,Product P0253,2,55.32,West
INV00001868,C01901,10-04-2024,P0075,Product P0075,3,105.11,East
INV00000778,C00297,10-04-2024,P0137,Product P0137,1,178.18,South
INV00004522,C01746,10-04-2024,P0266,Product P0266,3,173.98,West
INV00001362,C00168,10-04-2024,P0261,Product P0261,3,59.44,South
INV00002829,C01566,10-04-2024,P0157,Product P0157,1,92.32,North
INV00009016,C00470,10-04-2024,P0056,Product P0056,1,178.45,North
INV00009659,C01959,10-04-2024,P0207,Product P0207,1,59.42,North
INV00001367,C00755,10-04-2024,P0225,Product P0225,5,78.03,South
INV00003534,C02475,10-04-2024,P0250,Product P0250,3,156.9,East
INV00002241,C00560,10-04-2024,P0069,Product P0069,4,45.05,East
INV00006109,C01519,10-04-2024,P0231,Product P0231,4,90.45,North
INV00004868,C00807,10-04-2024,P0041,Product P0041,5,42.05,North
INV00003349,C00305,10-04-2024,P0193,Product P0193,3,25.11,South
INV00008512,C00177,10-04-2024,P0063,Product P0063,5,129.2,North
INV00005800,C01051,10-04-2024,P0092,Product P0092,2,60.27,West
INV00008517,C01256,10-04-2024,P0082,Product P0082,4,67.54,East
INV00004811,C00509,11-04-2024,P0243,Product P0243,5,72.38,East
INV00003650,C01844,11-04-2024,P0173,Product P0173,4,37.67,North
INV00009880,C00470,11-04-2024,P0212,Product P0212,2,43.16,East
INV00006395,C01448,11-04-2024,P0234,Product P0234,3,71.73,East
INV00000698,C01476,11-04-2024,P0200,Product P0200,2,7.46,East
INV00003194,C00480,12-04-2024,P0074,Product P0074,2,73.32,South
INV00008941,C00234,12-04-2024,P0173,Product P0173,2,107.25,South
INV00001769,C00170,12-04-2024,P0108,Product P0108,2,79.11,South
INV00008665,C00808,12-04-2024,P0294,Product P0294,5,10.55,North
INV00007269,C01182,12-04-2024,P0139,Product P0139,3,92.16,North
INV00000412,C00575,12-04-2024,P0006,Product P0006,3,130.41,West
INV00003410,C01185,12-04-2024,P0138,Product P0138,1,113.84,West
INV00006198,C00645,12-04-2024,P0136,Product P0136,4,146.17,South
INV00006071,C00323,12-04-2024,P0212,Product P0212,5,160.8,West
INV00009184,C01242,12-04-2024,P0030,Product P0030,5,157.59,West
INV00002894,C02282,12-04-2024,P0208,Product P0208,4,42.11,East
INV00007010,C01796,12-04-2024,P0205,Product P0205,1,159.25,West
INV00005071,C02274,12-04-2024,P0220,Product P0220,3,44.19,North
INV00009568,C01464,12-04-2024,P0068,Product P0068,5,120.51,South
INV00007964,C01103,13-04-2024,P0171,Product P0171,2,32.72,West
INV00005657,C02077,13-04-2024,P0121,Product P0121,2,141.39,West
INV00003197,C00565,13-04-2024,P0121,Product P0121,4,11.65,North
INV00001195,C01315,13-04-2024,P0011,Product P0011,2,88.87,West
INV00008955,C02248,13-04-2024,P0267,Product P0267,3,100.3,North
INV00009148,C00911,13-04-2024,P0216,Product P0216,2,100.41,West
INV00007177,C01865,13-04-2024,P0178,Product P0178,5,145.67,West
INV00007434,C01826,13-04-2024,P0059,Product P0059,4,124.96,South
INV00009608,C01157,13-04-2024,P0220,Product P0220,1,49.36,North
INV00004552,C00092,13-04-2024,P0228,Product P0228,3,15.17,North
INV00009634,C00591,14-04-2024,P0009,Product P0009,4,152.07,West
INV00006280,C00942,14-04-2024,P0098,Product P0098,5,149.97,North
INV00009111,C00386,14-04-2024,P0021,Product P0021,4,64.55,North
INV00008063,C00451,14-04-2024,P0156,Product P0156,2,154.92,South
INV00004991,C01622,14-04-2024,P0202,Product P0202,1,98.52,South
INV00007028,C02429,14-04-2024,P0289,Product P0289,3,58.11,South
INV00004757,C01436,14-04-2024,P0129,Product P0129,2,25.73,North
INV00005099,C02345,14-04-2024,P0203,Product P0203,4,25.2,North
INV00005564,C00259,14-04-2024,P0089,Product P0089,4,178.33,East
INV00004482,C00743,14-04-2024,P0171,Product P0171,4,18.81,West
INV00000158,C01393,14-04-2024,P0105,Product P0105,4,66.58,North
INV00001357,C00861,14-04-2024,P0087,Product P0087,4,138.24,West
INV00009440,C00372,15-04-2024,P0003,Product P0003,2,17.52,South
INV00007834,C01297,15-04-2024,P0161,Product P0161,1,92.2,East
INV00006416,C00157,15-04-2024,P0101,Product P0101,5,106.5,North
INV00009481,C01473,15-04-2024,P0087,Product P0087,3,166.32,South
INV00002618,C00132,15-04-2024,P0105,Product P0105,1,47.42,North
INV00003523,C02070,15-04-2024,P0080,Product P0080,5,166.61,North
INV00002800,C00994,15-04-2024,P0245,Product P0245,5,138.17,East
INV00000126,C01414,15-04-2024,P0091,Product P0091,5,103.91,North
INV00005757,C00827,15-04-2024,P0012,Product P0012,3,162.35,North
INV00006192,C00119,15-04-2024,P0258,Product P0258,3,125.45,South
INV00001188,C01497,15-04-2024,P0003,Product P0003,3,144.57,North
INV00000911,C01926,15-04-2024,P0185,Product P0185,3,169.99,West
INV00001250,C02445,15-04-2024,P0004,Product P0004,3,147.47,North
INV00001273,C02329,15-04-2024,P0154,Product P0154,4,17.81,South
INV00003657,C01287,16-04-2024,P0218,Product P0218,5,148.97,West
INV00009780,C02500,16-04-2024,P0275,Product P0275,3,54.59,North
INV00000021,C01251,16-04-2024,P0061,Product P0061,3,154.56,West
INV00005183,C01594,16-04-2024,P0188,Product P0188,5,159.21,East
INV00003918,C02125,16-04-2024,P0110,Product P0110,4,123.94,South
INV00009529,C00404,16-04-2024,P0281,Product P0281,4,74.23,West
INV00009830,C00810,16-04-2024,P0099,Product P0099,1,167.81,North
INV00005634,C00707,16-04-2024,P0167,Product P0167,5,164.02,South
INV00003391,C00633,16-04-2024,P0008,Product P0008,3,21.78,West
INV00003993,C00351,16-04-2024,P0261,Product P0261,3,110.3,South
INV00005850,C00150,16-04-2024,P0254,Product P0254,5,54.68,East
INV00000924,C00363,16-04-2024,P0034,Product P0034,4,112.96,West
INV00001751,C02329,16-04-2024,P0034,Product P0034,2,39.22,West
INV00007703,C01266,16-04-2024,P0058,Product P0058,3,37.71,East
INV00009697,C01071,16-04-2024,P0117,Product P0117,5,179.86,East
INV00005970,C00166,16-04-2024,P0231,Product P0231,2,15.97,South
INV00008704,C00171,16-04-2024,P0153,Product P0153,4,57.13,West
INV00009192,C02446,16-04-2024,P0146,Product P0146,4,45.71,West
INV00002512,C02131,16-04-2024,P0276,Product P0276,1,41.7,East
INV00009371,C00825,16-04-2024,P0272,Product P0272,2,22.47,East
INV00002781,C00778,16-04-2024,P0126,Product P0126,4,41.71,North
INV00008815,C01188,16-04-2024,P0215,Product P0215,5,94.91,West
INV00002233,C02347,17-04-2024,P0142,Product P0142,3,152.76,West
INV00003158,C02488,17-04-2024,P0291,Product P0291,4,131.29,West
INV00000597,C01449,17-04-2024,P0096,Product P0096,2,10.72,East
INV00006100,C00622,17-04-2024,P0208,Product P0208,1,119.56,East
INV00002515,C00259,17-04-2024,P0248,Product P0248,5,111.52,South
INV00008494,C02137,17-04-2024,P0142,Product P0142,3,176.82,East
INV00000002,C01935,17-04-2024,P0066,Product P0066,4,22.54,West
INV00002560,C01474,17-04-2024,P0018,Product P0018,2,117.03,South
INV00005636,C01492,17-04-2024,P0198,Product P0198,5,126.26,South
INV00002447,C01934,17-04-2024,P0015,Product P0015,4,65.35,South
INV00005938,C01435,17-04-2024,P0027,Product P0027,1,175.93,South
INV00006587,C01364,17-04-2024,P0224,Product P0224,2,90.48,West
INV00003424,C00957,17-04-2024,P0257,Product P0257,1,71.98,East
INV00005667,C00506,17-04-2024,P0124,Product P0124,2,178.44,North
INV00009805,C02227,17-04-2024,P0179,Product P0179,2,5.05,West
INV00000203,C01238,17-04-2024,P0246,Product P0246,4,114.11,East
INV00004469,C02222,17-04-2024,P0231,Product P0231,2,124.04,West
INV00006264,C02253,17-04-2024,P0271,Product P0271,4,39.06,South
INV00006270,C01804,18-04-2024,P0078,Product P0078,1,54.13,South
INV00006287,C00177,18-04-2024,P0205,Product P0205,4,133.11,North
INV00003043,C00821,18-04-2024,P0073,Product P0073,4,103.72,East
INV00003669,C01065,18-04-2024,P0082,Product P0082,3,109.66,North
INV00003628,C00593,18-04-2024,P0032,Product P0032,5,43.74,West
INV00006647,C00355,18-04-2024,P0234,Product P0234,4,153.11,South
INV00002158,C01581,18-04-2024,P0021,Product P0021,2,165.59,North
INV00003601,C01114,18-04-2024,P0147,Product P0147,3,166.35,North
INV00003737,C00948,18-04-2024,P0144,Product P0144,5,43.29,South
INV00003776,C00472,18-04-2024,P0080,Product P0080,1,78.2,South
INV00004412,C01470,18-04-2024,P0121,Product P0121,4,26.39,West
INV00001416,C01960,18-04-2024,P0252,Product P0252,3,119.35,West
INV00009728,C01938,18-04-2024,P0278,Product P0278,1,155.59,North
INV00004857,C02115,18-04-2024,P0093,Product P0093,2,130.39,West
INV00004654,C00523,18-04-2024,P0291,Product P0291,3,163.94,North
INV00002780,C00113,19-04-2024,P0061,Product P0061,2,60.6,West
INV00009737,C00513,19-04-2024,P0100,Product P0100,3,130.51,East
INV00001671,C01908,19-04-2024,P0070,Product P0070,1,172.07,East
INV00008611,C00508,19-04-2024,P0235,Product P0235,3,167.47,East
INV00001238,C00310,19-04-2024,P0182,Product P0182,5,91.33,East
INV00008483,C02455,19-04-2024,P0270,Product P0270,2,175.07,South
INV00005833,C02056,19-04-2024,P0216,Product P0216,1,33.73,East
INV00006829,C01183,19-04-2024,P0090,Product P0090,4,130.74,West
INV00000533,C00390,19-04-2024,P0220,Product P0220,1,21.28,North
INV00009215,C02237,19-04-2024,P0047,Product P0047,2,101.14,South
INV00008765,C00748,19-04-2024,P0292,Product P0292,4,46.8,West
INV00001345,C00467,19-04-2024,P0206,Product P0206,5,113.59,East
INV00009581,C01136,20-04-2024,P0186,Product P0186,1,117.86,South
INV00009169,C01687,20-04-2024,P0297,Product P0297,3,40.28,North
INV00009416,C01070,20-04-2024,P0278,Product P0278,2,94.16,West
INV00001281,C01850,20-04-2024,P0051,Product P0051,4,177.23,West
INV00000705,C00324,20-04-2024,P0160,Product P0160,2,115.11,North
INV00002529,C00216,20-04-2024,P0217,Product P0217,4,78.4,North
INV00003255,C00592,20-04-2024,P0157,Product P0157,5,156.99,West
INV00006362,C02343,20-04-2024,P0077,Product P0077,3,146.11,East
INV00001859,C01311,20-04-2024,P0075,Product P0075,5,8.7,West
INV00003189,C00149,20-04-2024,P0297,Product P0297,4,98.97,West
INV00001806,C00113,21-04-2024,P0042,Product P0042,3,163.98,North
INV00001725,C01335,21-04-2024,P0087,Product P0087,5,146.45,South
INV00000251,C00449,21-04-2024,P0175,Product P0175,2,136.86,West
INV00007126,C02262,21-04-2024,P0261,Product P0261,4,37.99,West
INV00008652,C01378,21-04-2024,P0160,Product P0160,4,106.33,West
INV00001532,C00024,21-04-2024,P0124,Product P0124,2,31.79,South
INV00008938,C02480,22-04-2024,P0167,Product P0167,2,58.54,East
INV00004643,C02383,22-04-2024,P0219,Product P0219,2,47.06,South
INV00004874,C01469,22-04-2024,P0027,Product P0027,1,46.64,North
INV00003656,C01204,22-04-2024,P0259,Product P0259,1,111.48,North
INV00006129,C00799,22-04-2024,P0133,Product P0133,5,79.77,North
INV00007655,C00324,22-04-2024,P0157,Product P0157,4,149.46,South
INV00002794,C01338,22-04-2024,P0238,Product P0238,5,29.05,East
INV00009990,C01489,22-04-2024,P0107,Product P0107,4,12.21,West
INV00002113,C02286,22-04-2024,P0281,Product P0281,1,16,South
INV00006528,C01193,23-04-2024,P0282,Product P0282,2,152.35,East
INV00002169,C02341,23-04-2024,P0283,Product P0283,1,132.99,East
INV00006133,C02285,23-04-2024,P0011,Product P0011,1,60.83,South
INV00002302,C00360,23-04-2024,P0242,Product P0242,1,73.52,East
INV00005184,C02233,23-04-2024,P0272,Product P0272,5,162.49,West
INV00001493,C00074,23-04-2024,P0001,Product P0001,1,100.87,North
INV00009674,C00185,23-04-2024,P0052,Product P0052,3,171.41,East
INV00000714,C01910,23-04-2024,P0179,Product P0179,3,129.56,East
INV00004034,C00700,23-04-2024,P0115,Product P0115,5,149.2,South
INV00005802,C00960,23-04-2024,P0108,Product P0108,2,179.5,West
INV00007342,C00900,23-04-2024,P0021,Product P0021,5,162.73,North
INV00000004,C01098,23-04-2024,P0199,Product P0199,4,146.08,South
INV00009861,C01324,23-04-2024,P0226,Product P0226,3,118.2,North
INV00001853,C01136,23-04-2024,P0151,Product P0151,2,13.85,South
INV00002771,C01652,23-04-2024,P0057,Product P0057,4,163.86,East
INV00001095,C00822,23-04-2024,P0213,Product P0213,1,171.12,West
INV00004495,C00769,23-04-2024,P0003,Product P0003,3,173.8,East
INV00001100,C01085,23-04-2024,P0137,Product P0137,3,175.12,North
INV00001012,C02000,23-04-2024,P0109,Product P0109,4,81.72,South
INV00003118,C01608,24-04-2024,P0263,Product P0263,4,28.52,East
INV00000693,C02329,24-04-2024,P0210,Product P0210,3,81.42,South
INV00004082,C00713,24-04-2024,P0199,Product P0199,1,41.8,South
INV00009680,C00391,24-04-2024,P0290,Product P0290,1,169.15,East
INV00002630,C00097,24-04-2024,P0208,Product P0208,1,143.44,South
INV00007383,C00594,24-04-2024,P0172,Product P0172,3,87.22,South
INV00004386,C01803,24-04-2024,P0167,Product P0167,1,161.37,West
INV00006865,C02254,24-04-2024,P0136,Product P0136,5,125.82,North
INV00000170,C00057,24-04-2024,P0280,Product P0280,4,121.71,South
INV00009704,C01829,24-04-2024,P0210,Product P0210,4,150.26,South
INV00008774,C00759,24-04-2024,P0267,Product P0267,3,15.11,East
INV00001994,C01598,24-04-2024,P0175,Product P0175,2,124.58,West
INV00007567,C01047,24-04-2024,P0041,Product P0041,3,79.8,East
INV00001837,C02354,24-04-2024,P0239,Product P0239,4,93.56,South
INV00002039,C02470,24-04-2024,P0212,Product P0212,5,29.99,North
INV00006638,C00214,24-04-2024,P0092,Product P0092,4,134.61,West
INV00002674,C00470,25-04-2024,P0129,Product P0129,2,51.15,East
INV00009719,C01380,25-04-2024,P0051,Product P0051,4,100.62,East
INV00003557,C01762,25-04-2024,P0061,Product P0061,4,114.45,East
INV00000891,C00250,25-04-2024,P0143,Product P0143,4,65.4,West
INV00006501,C00305,25-04-2024,P0156,Product P0156,2,51.2,East
INV00005768,C00823,25-04-2024,P0213,Product P0213,5,24.9,West
INV00000387,C00170,25-04-2024,P0050,Product P0050,1,43.71,East
INV00009135,C00530,25-04-2024,P0202,Product P0202,2,149.61,East
INV00008679,C01457,25-04-2024,P0194,Product P0194,5,38.16,West
INV00002027,C01535,25-04-2024,P0052,Product P0052,4,164.64,East
INV00005076,C00944,25-04-2024,P0247,Product P0247,3,177.74,West
INV00009579,C00343,25-04-2024,P0203,Product P0203,3,56.79,South
INV00009809,C00356,25-04-2024,P0187,Product P0187,5,48.78,South
INV00005811,C01668,26-04-2024,P0107,Product P0107,1,123.36,West
INV00000761,C00440,26-04-2024,P0061,Product P0061,3,56.9,East
INV00005142,C00040,26-04-2024,P0196,Product P0196,4,5.65,West
INV00006720,C01668,26-04-2024,P0049,Product P0049,1,93.19,East
INV00001435,C00799,26-04-2024,P0068,Product P0068,4,34.08,West
INV00008212,C00239,26-04-2024,P0219,Product P0219,2,111.85,East
INV00006498,C02199,26-04-2024,P0118,Product P0118,5,63.67,West
INV00009892,C02002,26-04-2024,P0011,Product P0011,3,134.62,East
INV00003268,C01727,26-04-2024,P0174,Product P0174,1,81.24,North
INV00003816,C00180,26-04-2024,P0243,Product P0243,5,164.03,East
INV00009696,C01640,26-04-2024,P0117,Product P0117,3,30.83,East
INV00003339,C02146,27-04-2024,P0266,Product P0266,3,146.37,North
INV00005841,C01946,27-04-2024,P0172,Product P0172,5,83.05,West
INV00006161,C00597,27-04-2024,P0182,Product P0182,5,41.72,South
INV00005493,C00443,27-04-2024,P0002,Product P0002,4,68.16,West
INV00004324,C00664,27-04-2024,P0135,Product P0135,4,68.99,North
INV00003701,C00383,27-04-2024,P0105,Product P0105,5,102.06,North
INV00004229,C00870,27-04-2024,P0234,Product P0234,5,135.77,West
INV00006368,C00435,27-04-2024,P0011,Product P0011,1,61.05,North
INV00003753,C02402,27-04-2024,P0283,Product P0283,5,165.95,South
INV00009490,C00179,28-04-2024,P0242,Product P0242,5,19.23,South
INV00002503,C01883,28-04-2024,P0056,Product P0056,1,23.75,South
INV00001236,C00867,28-04-2024,P0251,Product P0251,4,21.53,South
INV00006376,C02161,28-04-2024,P0124,Product P0124,1,117.06,West
INV00000539,C01351,28-04-2024,P0043,Product P0043,3,107.84,South
INV00009890,C01329,28-04-2024,P0093,Product P0093,4,12.11,East
INV00000676,C01815,28-04-2024,P0200,Product P0200,5,33.48,South
INV00002562,C00897,28-04-2024,P0231,Product P0231,1,146.68,South
INV00007034,C01524,28-04-2024,P0279,Product P0279,2,79.82,North
INV00006906,C00003,28-04-2024,P0046,Product P0046,2,85.38,North
INV00007958,C01234,28-04-2024,P0216,Product P0216,5,39.43,South
INV00009154,C02054,29-04-2024,P0044,Product P0044,4,152.61,North
INV00000488,C01327,29-04-2024,P0079,Product P0079,2,111.21,North
INV00007131,C00803,29-04-2024,P0138,Product P0138,5,164.64,North
INV00006152,C02268,29-04-2024,P0147,Product P0147,5,175.73,North
INV00007187,C01175,29-04-2024,P0108,Product P0108,5,54.13,East
INV00008397,C01682,29-04-2024,P0081,Product P0081,1,81.33,West
INV00002944,C00470,29-04-2024,P0183,Product P0183,2,41.78,North
INV00004807,C01170,29-04-2024,P0224,Product P0224,2,31.63,North
INV00004526,C01146,29-04-2024,P0165,Product P0165,3,140.13,East
INV00009305,C01131,29-04-2024,P0091,Product P0091,5,20.33,East
INV00009217,C01795,29-04-2024,P0176,Product P0176,3,70.97,West
INV00001999,C00702,29-04-2024,P0108,Product P0108,1,39.79,North
INV00000182,C00381,30-04-2024,P0124,Product P0124,4,145.31,North
INV00003932,C00188,30-04-2024,P0170,Product P0170,1,106.63,West
INV00005146,C01878,30-04-2024,P0023,Product P0023,4,133.75,West
INV00000623,C00413,30-04-2024,P0299,Product P0299,3,57.46,North
INV00003512,C01447,30-04-2024,P0025,Product P0025,4,93.74,North
INV00004228,C01533,30-04-2024,P0160,Product P0160,1,66.64,South
INV00003025,C00935,01-05-2024,P0235,Product P0235,5,153.24,North
INV00001603,C02065,01-05-2024,P0240,Product P0240,5,26.99,West
INV00007302,C00744,01-05-2024,P0097,Product P0097,4,20.23,North
INV00003804,C00055,01-05-2024,P0159,Product P0159,3,66.84,West
INV00007264,C02413,01-05-2024,P0156,Product P0156,5,140.59,East
INV00008734,C01189,01-05-2024,P0211,Product P0211,5,85.83,South
INV00003075,C01454,01-05-2024,P0284,Product P0284,2,83.92,East
INV00006641,C00817,01-05-2024,P0292,Product P0292,1,140.11,North
INV00007179,C00972,01-05-2024,P0289,Product P0289,2,35.49,North
INV00006701,C02226,01-05-2024,P0213,Product P0213,2,32.76,South
INV00006116,C00380,01-05-2024,P0092,Product P0092,3,42.57,South
INV00009582,C01228,01-05-2024,P0072,Product P0072,4,27.85,West
INV00000230,C00442,01-05-2024,P0036,Product P0036,1,139.9,North
INV00007378,C01538,02-05-2024,P0010,Product P0010,2,152.74,South
INV00002528,C02372,02-05-2024,P0212,Product P0212,2,158.4,West
INV00006127,C00412,02-05-2024,P0189,Product P0189,3,136.41,North
INV00001519,C01237,02-05-2024,P0006,Product P0006,2,89.49,West
INV00005345,C00713,02-05-2024,P0240,Product P0240,2,155.34,West
INV00006432,C01870,02-05-2024,P0019,Product P0019,1,155.58,East
INV00006738,C00338,02-05-2024,P0101,Product P0101,4,23.54,South
INV00002221,C02365,02-05-2024,P0185,Product P0185,1,140.25,North
INV00001733,C01749,02-05-2024,P0112,Product P0112,2,119.22,South
INV00003661,C01394,03-05-2024,P0226,Product P0226,1,105.76,West
INV00009855,C01641,03-05-2024,P0210,Product P0210,4,165.67,West
INV00000258,C00259,03-05-2024,P0276,Product P0276,1,37.18,North
INV00007277,C00658,03-05-2024,P0004,Product P0004,2,64.74,South
INV00004867,C01171,03-05-2024,P0192,Product P0192,1,156.02,South
INV00009747,C00608,03-05-2024,P0078,Product P0078,5,11.13,South
INV00008187,C01093,03-05-2024,P0286,Product P0286,5,27.71,North
INV00007456,C00623,03-05-2024,P0108,Product P0108,4,155.37,East
INV00003058,C00369,03-05-2024,P0154,Product P0154,4,81.41,East
INV00001614,C01733,03-05-2024,P0212,Product P0212,2,120.4,North
INV00007254,C02213,03-05-2024,P0091,Product P0091,4,146.86,East
INV00000989,C00616,04-05-2024,P0139,Product P0139,5,15.82,South
INV00008917,C00771,04-05-2024,P0232,Product P0232,5,52.97,East
INV00004149,C02157,04-05-2024,P0075,Product P0075,1,67.61,South
INV00006414,C00010,04-05-2024,P0120,Product P0120,2,93.08,North
INV00001712,C01175,04-05-2024,P0247,Product P0247,2,90.72,West
INV00006488,C00750,04-05-2024,P0110,Product P0110,1,106.34,South
INV00003361,C02462,04-05-2024,P0177,Product P0177,5,110.28,South
INV00003246,C02025,04-05-2024,P0001,Product P0001,3,142.14,East
INV00002537,C00816,04-05-2024,P0141,Product P0141,2,129.88,North
INV00008760,C00066,04-05-2024,P0052,Product P0052,3,145.41,West
INV00004817,C02182,04-05-2024,P0272,Product P0272,5,54.72,West
INV00000884,C00389,04-05-2024,P0244,Product P0244,2,149.14,West
INV00008547,C01754,04-05-2024,P0031,Product P0031,1,28.77,East
INV00003599,C00712,04-05-2024,P0286,Product P0286,3,30.47,South
INV00009735,C00997,04-05-2024,P0094,Product P0094,4,58.14,West
INV00004190,C02251,04-05-2024,P0203,Product P0203,3,103.34,East
INV00009274,C00851,04-05-2024,P0172,Product P0172,4,78.83,West
INV00001528,C00346,05-05-2024,P0280,Product P0280,5,20.24,East
INV00000909,C00928,05-05-2024,P0288,Product P0288,1,70.44,North
INV00006053,C00974,05-05-2024,P0216,Product P0216,3,146.03,West
INV00009527,C02073,05-05-2024,P0280,Product P0280,2,48.57,West
INV00002211,C01750,05-05-2024,P0265,Product P0265,2,140.64,South
INV00006052,C00354,05-05-2024,P0147,Product P0147,1,43.93,East
INV00006574,C01572,05-05-2024,P0121,Product P0121,5,50,East
INV00002472,C00248,05-05-2024,P0023,Product P0023,3,56.36,North
INV00009095,C00515,05-05-2024,P0269,Product P0269,3,57.21,East
INV00008310,C01453,05-05-2024,P0142,Product P0142,3,93.1,West
INV00002946,C00269,06-05-2024,P0298,Product P0298,1,149.9,West
INV00003787,C00443,06-05-2024,P0228,Product P0228,3,126.56,North
INV00006628,C01542,06-05-2024,P0093,Product P0093,4,153.86,South
INV00009544,C00994,06-05-2024,P0224,Product P0224,4,86.43,South
INV00004886,C00507,06-05-2024,P0215,Product P0215,3,21.62,West
INV00007481,C01614,06-05-2024,P0122,Product P0122,5,162.36,North
INV00009774,C00273,06-05-2024,P0225,Product P0225,3,12.47,West
INV00004760,C01735,06-05-2024,P0106,Product P0106,2,101.09,West
INV00007777,C02077,06-05-2024,P0249,Product P0249,2,123.54,West
INV00005138,C01638,06-05-2024,P0272,Product P0272,5,14.05,South
INV00009520,C02331,06-05-2024,P0074,Product P0074,3,155.23,North
INV00009925,C00161,06-05-2024,P0168,Product P0168,5,156.92,East
INV00003733,C01005,06-05-2024,P0086,Product P0086,5,161.08,North
INV00006230,C01129,07-05-2024,P0039,Product P0039,1,61.06,West
INV00006107,C00064,07-05-2024,P0226,Product P0226,1,174.06,West
INV00002349,C00504,07-05-2024,P0236,Product P0236,5,30.06,West
INV00008229,C00850,07-05-2024,P0020,Product P0020,1,165.84,West
INV00009470,C02274,07-05-2024,P0024,Product P0024,4,127.34,East
INV00009662,C01485,07-05-2024,P0239,Product P0239,3,126.64,East
INV00003214,C02412,07-05-2024,P0260,Product P0260,4,45.01,South
INV00001746,C02449,07-05-2024,P0036,Product P0036,5,106.74,North
INV00000039,C00692,08-05-2024,P0288,Product P0288,3,73.24,North
INV00004354,C01034,08-05-2024,P0035,Product P0035,3,39.58,West
INV00007591,C00298,08-05-2024,P0113,Product P0113,3,18.66,South
INV00005219,C00130,08-05-2024,P0235,Product P0235,2,149.36,North
INV00008166,C01824,08-05-2024,P0036,Product P0036,2,52.37,North
INV00005840,C01773,08-05-2024,P0129,Product P0129,4,171.98,West
INV00003494,C01860,08-05-2024,P0184,Product P0184,2,165.19,West
INV00007017,C01529,08-05-2024,P0074,Product P0074,3,16.54,South
INV00001366,C00045,08-05-2024,P0052,Product P0052,5,11.05,South
INV00003072,C01203,08-05-2024,P0052,Product P0052,2,172.64,East
INV00007241,C01267,08-05-2024,P0026,Product P0026,2,82.62,North
INV00005669,C01896,08-05-2024,P0101,Product P0101,5,59.69,North
INV00006024,C02224,09-05-2024,P0216,Product P0216,4,127.54,East
INV00004791,C00493,09-05-2024,P0287,Product P0287,1,28.17,South
INV00004569,C00774,09-05-2024,P0045,Product P0045,4,172.4,West
INV00006567,C00257,09-05-2024,P0033,Product P0033,2,109.81,North
INV00005043,C00996,09-05-2024,P0163,Product P0163,5,172.68,North
INV00004916,C00253,09-05-2024,P0243,Product P0243,3,148.38,South
INV00000972,C01047,09-05-2024,P0274,Product P0274,4,126.56,North
INV00000233,C00049,09-05-2024,P0055,Product P0055,4,50.16,East
INV00002640,C02131,09-05-2024,P0181,Product P0181,2,157.42,West
INV00005797,C02172,09-05-2024,P0230,Product P0230,1,129.44,West
INV00001314,C02134,09-05-2024,P0274,Product P0274,4,173.74,North
INV00005430,C02152,09-05-2024,P0083,Product P0083,1,10.95,South
INV00004824,C02437,09-05-2024,P0222,Product P0222,4,149.91,West
INV00009810,C01776,09-05-2024,P0180,Product P0180,2,26.29,North
INV00001598,C01813,09-05-2024,P0198,Product P0198,5,35.73,South
INV00009114,C01925,10-05-2024,P0110,Product P0110,1,25.07,East
INV00006804,C02087,10-05-2024,P0051,Product P0051,3,31.83,North
INV00000819,C01665,10-05-2024,P0151,Product P0151,3,8.99,North
INV00004542,C01573,10-05-2024,P0259,Product P0259,5,129.84,North
INV00007559,C00262,10-05-2024,P0005,Product P0005,2,73.59,South
INV00000984,C01620,10-05-2024,P0199,Product P0199,3,19.41,East
INV00008682,C00319,10-05-2024,P0017,Product P0017,4,7.23,North
INV00005556,C01286,10-05-2024,P0263,Product P0263,1,116.53,East
INV00007497,C01908,10-05-2024,P0001,Product P0001,4,80,West
INV00004506,C00948,10-05-2024,P0257,Product P0257,4,96.68,East
INV00002496,C00514,10-05-2024,P0290,Product P0290,3,50.44,South
INV00008724,C01355,10-05-2024,P0135,Product P0135,1,96,North
INV00000631,C01843,11-05-2024,P0041,Product P0041,1,116.19,North
INV00007444,C01288,11-05-2024,P0148,Product P0148,2,152.56,North
INV00004711,C00713,11-05-2024,P0268,Product P0268,4,66.67,East
INV00007809,C00262,11-05-2024,P0101,Product P0101,5,55.95,North
INV00000684,C02398,11-05-2024,P0013,Product P0013,5,145.21,South
INV00001374,C01051,11-05-2024,P0021,Product P0021,5,118.52,West
INV00007728,C00860,11-05-2024,P0179,Product P0179,3,168.74,North
INV00009822,C00302,11-05-2024,P0033,Product P0033,2,49.39,West
INV00002088,C01658,11-05-2024,P0300,Product P0300,2,54.78,North
INV00002481,C01629,11-05-2024,P0290,Product P0290,1,75.04,West
INV00008887,C01689,11-05-2024,P0120,Product P0120,5,111.8,West
INV00006352,C00101,11-05-2024,P0269,Product P0269,1,108.04,East
INV00006776,C02362,11-05-2024,P0175,Product P0175,5,15.38,West
INV00001730,C00262,12-05-2024,P0202,Product P0202,3,147.69,South
INV00001834,C00180,12-05-2024,P0240,Product P0240,3,149.12,North
INV00005848,C01686,12-05-2024,P0173,Product P0173,2,110.74,North
INV00009798,C02222,12-05-2024,P0208,Product P0208,1,111.24,East
INV00004921,C02442,12-05-2024,P0164,Product P0164,1,17.43,North
INV00002285,C01703,12-05-2024,P0235,Product P0235,2,162.57,North
INV00002004,C01146,12-05-2024,P0036,Product P0036,1,172.4,South
INV00004318,C01036,12-05-2024,P0058,Product P0058,1,32.43,South
INV00006745,C02170,12-05-2024,P0082,Product P0082,4,89.1,East
INV00006006,C00613,12-05-2024,P0084,Product P0084,4,45.15,West
INV00006126,C00612,12-05-2024,P0164,Product P0164,3,152.56,South
INV00005413,C01270,12-05-2024,P0059,Product P0059,1,85.02,North
INV00006982,C01471,12-05-2024,P0063,Product P0063,1,74.68,East
INV00008688,C00586,12-05-2024,P0061,Product P0061,2,62.63,East
INV00003647,C01606,13-05-2024,P0139,Product P0139,2,63.03,East
INV00008175,C00056,13-05-2024,P0180,Product P0180,1,118.08,South
INV00000526,C00776,13-05-2024,P0047,Product P0047,1,122.62,North
INV00003151,C01783,13-05-2024,P0069,Product P0069,5,130.53,East
INV00003141,C01230,13-05-2024,P0089,Product P0089,2,115.83,North
INV00005858,C00913,13-05-2024,P0002,Product P0002,1,39.8,East
INV00003068,C01763,13-05-2024,P0016,Product P0016,4,94.95,West
INV00007980,C02491,13-05-2024,P0116,Product P0116,2,8.37,North
INV00008531,C01767,13-05-2024,P0052,Product P0052,5,125.35,North
INV00002262,C02499,14-05-2024,P0087,Product P0087,2,60.4,South
INV00009698,C00342,14-05-2024,P0114,Product P0114,2,173.16,West
INV00007784,C01659,14-05-2024,P0212,Product P0212,5,9.24,West
INV00009385,C01063,14-05-2024,P0126,Product P0126,4,121.81,East
INV00005453,C02108,14-05-2024,P0271,Product P0271,3,16.92,East
INV00006138,C01830,14-05-2024,P0038,Product P0038,1,166.25,West
INV00007521,C00378,14-05-2024,P0274,Product P0274,4,32.57,West
INV00007134,C02152,14-05-2024,P0270,Product P0270,3,31.4,North
INV00004803,C00554,14-05-2024,P0107,Product P0107,1,113.05,East
INV00007227,C00039,14-05-2024,P0259,Product P0259,2,35.58,West
INV00009199,C00032,15-05-2024,P0165,Product P0165,3,6.06,East
INV00009849,C01653,15-05-2024,P0030,Product P0030,1,166.2,North
INV00007322,C00532,15-05-2024,P0082,Product P0082,4,51.95,North
INV00005218,C01666,15-05-2024,P0097,Product P0097,2,131.15,North
INV00006483,C02366,15-05-2024,P0010,Product P0010,2,49.78,West
INV00000662,C01838,16-05-2024,P0230,Product P0230,2,107.09,West
INV00002391,C01137,16-05-2024,P0033,Product P0033,1,100.22,West
INV00001899,C01868,16-05-2024,P0232,Product P0232,2,168.52,West
INV00006511,C00690,16-05-2024,P0226,Product P0226,1,173.32,South
INV00008619,C00036,16-05-2024,P0277,Product P0277,5,109.72,East
INV00004818,C00825,16-05-2024,P0177,Product P0177,4,70.92,East
INV00005311,C02278,16-05-2024,P0063,Product P0063,1,10.17,South
INV00001748,C00943,16-05-2024,P0047,Product P0047,2,171.1,West
INV00007847,C00680,17-05-2024,P0023,Product P0023,4,135.62,South
INV00004647,C01865,17-05-2024,P0291,Product P0291,4,158.11,East
INV00000683,C02400,17-05-2024,P0210,Product P0210,3,9.47,East
INV00003664,C02406,17-05-2024,P0186,Product P0186,2,121.29,North
INV00005781,C00485,18-05-2024,P0024,Product P0024,4,123.79,North
INV00008408,C01537,18-05-2024,P0106,Product P0106,4,72.64,North
INV00007306,C00774,18-05-2024,P0294,Product P0294,1,63.46,East
INV00006090,C01874,18-05-2024,P0280,Product P0280,5,80.95,South
INV00000347,C02479,18-05-2024,P0284,Product P0284,5,78.95,North
INV00009724,C02216,18-05-2024,P0151,Product P0151,4,88.73,South
INV00003917,C00167,18-05-2024,P0043,Product P0043,1,68.48,North
INV00002055,C01787,18-05-2024,P0218,Product P0218,5,89.04,South
INV00008242,C02378,18-05-2024,P0183,Product P0183,3,72.92,East
INV00005754,C00687,18-05-2024,P0195,Product P0195,4,113.45,South
INV00000209,C00659,18-05-2024,P0223,Product P0223,5,59.56,West
INV00005920,C02286,18-05-2024,P0283,Product P0283,5,76.83,West
INV00001981,C01644,18-05-2024,P0194,Product P0194,3,149.28,North
INV00002933,C00406,19-05-2024,P0108,Product P0108,5,19.12,North
INV00006904,C01399,19-05-2024,P0028,Product P0028,4,164.87,South
INV00001221,C01625,19-05-2024,P0182,Product P0182,3,46.43,East
INV00001525,C01509,19-05-2024,P0104,Product P0104,2,89.11,North
INV00003526,C00530,19-05-2024,P0273,Product P0273,1,74.94,West
INV00009858,C01792,19-05-2024,P0239,Product P0239,3,71.16,North
INV00001980,C01987,19-05-2024,P0145,Product P0145,5,171.19,East
INV00006557,C00356,19-05-2024,P0232,Product P0232,1,31.16,East
INV00005733,C02107,19-05-2024,P0094,Product P0094,1,150.2,North
INV00005204,C01669,19-05-2024,P0296,Product P0296,5,156.09,North
INV00007341,C02208,19-05-2024,P0026,Product P0026,3,25.16,East
INV00000441,C02433,19-05-2024,P0149,Product P0149,3,59.42,North
INV00005330,C01230,19-05-2024,P0044,Product P0044,1,146.36,West
INV00009425,C00657,19-05-2024,P0022,Product P0022,2,55.43,North
INV00001592,C00867,20-05-2024,P0188,Product P0188,3,128.74,North
INV00004728,C02216,20-05-2024,P0248,Product P0248,4,60.39,South
INV00002235,C01472,20-05-2024,P0201,Product P0201,5,95.22,South
INV00009599,C01395,20-05-2024,P0054,Product P0054,5,91.23,North
INV00007392,C01059,20-05-2024,P0147,Product P0147,2,158.05,East
INV00004741,C00663,20-05-2024,P0150,Product P0150,2,70.62,East
INV00002942,C02342,20-05-2024,P0121,Product P0121,2,27.22,South
INV00007449,C01806,20-05-2024,P0203,Product P0203,1,25.89,East
INV00003676,C01080,20-05-2024,P0191,Product P0191,5,8.63,West
INV00006003,C01601,20-05-2024,P0012,Product P0012,1,140.9,West
INV00000287,C00403,21-05-2024,P0224,Product P0224,5,168.84,East
INV00009060,C01377,21-05-2024,P0079,Product P0079,1,165.67,North
INV00005153,C00654,21-05-2024,P0161,Product P0161,4,155.69,North
INV00004074,C02357,21-05-2024,P0031,Product P0031,3,179.47,North
INV00001830,C02456,21-05-2024,P0080,Product P0080,5,118.83,East
INV00005720,C01145,21-05-2024,P0223,Product P0223,3,6.54,West
INV00002856,C00194,21-05-2024,P0119,Product P0119,1,55.7,South
INV00004512,C01305,21-05-2024,P0015,Product P0015,5,63.81,South
INV00008511,C01690,21-05-2024,P0059,Product P0059,4,158.97,West
INV00007868,C00091,21-05-2024,P0289,Product P0289,3,115.91,North
INV00008484,C02071,22-05-2024,P0149,Product P0149,1,53.95,West
INV00001481,C00379,22-05-2024,P0072,Product P0072,4,146.82,South
INV00007118,C01557,22-05-2024,P0090,Product P0090,5,168.06,West
INV00004112,C01200,22-05-2024,P0115,Product P0115,3,68.04,South
INV00002783,C01905,22-05-2024,P0165,Product P0165,3,51.21,North
INV00009099,C01155,22-05-2024,P0154,Product P0154,3,136.6,North
INV00002074,C00856,22-05-2024,P0274,Product P0274,3,53.38,West
INV00006536,C01909,22-05-2024,P0059,Product P0059,3,63.99,South
INV00008011,C01417,22-05-2024,P0238,Product P0238,5,43.25,West
INV00003757,C01593,22-05-2024,P0218,Product P0218,1,89.57,West
INV00006579,C00332,22-05-2024,P0221,Product P0221,5,114.65,West
INV00008258,C01997,22-05-2024,P0085,Product P0085,5,157.3,North
INV00000799,C00789,22-05-2024,P0029,Product P0029,4,5.36,South
INV00002308,C00384,22-05-2024,P0085,Product P0085,4,172.9,North
INV00009587,C02329,22-05-2024,P0255,Product P0255,5,54.25,East
INV00001755,C01567,22-05-2024,P0132,Product P0132,4,110.57,North
INV00001274,C01689,22-05-2024,P0079,Product P0079,5,119.97,West
INV00005261,C02484,22-05-2024,P0149,Product P0149,4,142.71,South
INV00007258,C01607,22-05-2024,P0124,Product P0124,5,50.99,East
INV00001652,C00046,22-05-2024,P0048,Product P0048,4,142.21,South
INV00000573,C00706,22-05-2024,P0054,Product P0054,2,52.84,North
INV00002595,C00765,22-05-2024,P0281,Product P0281,4,164.32,West
INV00008718,C01216,22-05-2024,P0182,Product P0182,1,162.01,West
INV00009034,C01079,22-05-2024,P0266,Product P0266,4,92.86,North
INV00003765,C01032,22-05-2024,P0145,Product P0145,3,79.41,North
INV00002446,C02237,22-05-2024,P0170,Product P0170,1,76.51,West
INV00008737,C01098,22-05-2024,P0281,Product P0281,5,170.73,South
INV00000764,C02341,23-05-2024,P0210,Product P0210,4,94.13,North
INV00003756,C00803,23-05-2024,P0099,Product P0099,1,117.39,East
INV00002553,C00543,23-05-2024,P0199,Product P0199,4,68.15,East
INV00005898,C02395,23-05-2024,P0087,Product P0087,2,113.12,South
INV00007272,C00155,23-05-2024,P0144,Product P0144,2,43.53,East
INV00001823,C00755,23-05-2024,P0171,Product P0171,3,125.05,South
INV00001831,C00888,23-05-2024,P0168,Product P0168,1,52.72,East
INV00007739,C01674,23-05-2024,P0150,Product P0150,5,5.69,West
INV00003710,C02125,23-05-2024,P0042,Product P0042,2,144.7,East
INV00002878,C02341,23-05-2024,P0257,Product P0257,4,167.21,West
INV00006241,C01628,23-05-2024,P0112,Product P0112,4,16.37,West
INV00005047,C01929,23-05-2024,P0281,Product P0281,4,151.54,North
INV00007683,C02156,23-05-2024,P0119,Product P0119,5,89.07,North
INV00006673,C00835,24-05-2024,P0090,Product P0090,5,43.48,North
INV00001330,C00855,24-05-2024,P0063,Product P0063,2,21.28,South
INV00004287,C01786,24-05-2024,P0121,Product P0121,1,125.47,West
INV00005555,C01387,24-05-2024,P0129,Product P0129,2,33.8,West
INV00002541,C00725,24-05-2024,P0245,Product P0245,2,170.7,West
INV00004930,C00555,24-05-2024,P0286,Product P0286,5,174.4,West
INV00004365,C01446,24-05-2024,P0116,Product P0116,4,20.76,East
INV00000782,C01593,24-05-2024,P0169,Product P0169,4,107.49,North
INV00009419,C00185,24-05-2024,P0130,Product P0130,4,110.53,South
INV00008527,C01277,24-05-2024,P0066,Product P0066,4,157.97,South
INV00002342,C00987,25-05-2024,P0295,Product P0295,1,70.34,East
INV00006077,C00755,25-05-2024,P0283,Product P0283,5,65.93,East
INV00005513,C02266,25-05-2024,P0176,Product P0176,1,113.76,West
INV00005362,C02002,25-05-2024,P0300,Product P0300,5,60.98,North
INV00001923,C02064,25-05-2024,P0024,Product P0024,5,148.04,South
INV00004301,C00692,25-05-2024,P0063,Product P0063,3,130.76,North
INV00007127,C02221,25-05-2024,P0052,Product P0052,3,19.11,East
INV00004043,C01900,25-05-2024,P0153,Product P0153,2,130.81,East
INV00007817,C01319,26-05-2024,P0261,Product P0261,5,36.4,South
INV00006495,C00705,26-05-2024,P0237,Product P0237,1,33.97,East
INV00004045,C01034,26-05-2024,P0243,Product P0243,4,54.8,South
INV00004335,C02292,26-05-2024,P0198,Product P0198,5,142.13,East
INV00001631,C01432,26-05-2024,P0182,Product P0182,4,7.15,North
INV00001622,C00011,26-05-2024,P0155,Product P0155,2,85.68,West
INV00005381,C00415,26-05-2024,P0014,Product P0014,2,113.23,North
INV00009461,C00403,26-05-2024,P0211,Product P0211,2,121.27,East
INV00006880,C01491,26-05-2024,P0052,Product P0052,1,131.57,East
INV00008610,C00031,26-05-2024,P0005,Product P0005,5,138.58,North
INV00009045,C02397,26-05-2024,P0257,Product P0257,3,176.26,East
INV00009600,C01896,26-05-2024,P0122,Product P0122,4,75.02,North
INV00007743,C02108,26-05-2024,P0050,Product P0050,2,166.29,North
INV00009978,C02299,27-05-2024,P0102,Product P0102,3,28.7,North
INV00004063,C01582,27-05-2024,P0181,Product P0181,3,86.81,North
INV00004543,C02317,27-05-2024,P0178,Product P0178,3,133.81,West
INV00000992,C01373,27-05-2024,P0076,Product P0076,5,174.33,East
INV00007165,C01567,27-05-2024,P0093,Product P0093,5,54.61,East
INV00009985,C00669,27-05-2024,P0188,Product P0188,3,179.85,West
INV00007528,C00622,27-05-2024,P0200,Product P0200,2,107.08,North
INV00008392,C01298,27-05-2024,P0044,Product P0044,4,29.84,East
INV00000578,C01310,27-05-2024,P0093,Product P0093,3,12.74,East
INV00004358,C00642,27-05-2024,P0277,Product P0277,2,11.88,East
INV00000266,C01453,27-05-2024,P0066,Product P0066,3,7.82,West
INV00009132,C01652,27-05-2024,P0168,Product P0168,3,8.01,East
INV00009140,C01440,27-05-2024,P0190,Product P0190,5,158.59,North
INV00003566,C00652,27-05-2024,P0186,Product P0186,3,109.96,South
INV00001841,C01063,27-05-2024,P0160,Product P0160,2,58.01,South
INV00007530,C00147,27-05-2024,P0120,Product P0120,4,40.17,South
INV00000663,C00088,27-05-2024,P0079,Product P0079,1,163.21,East
INV00008803,C01948,27-05-2024,P0191,Product P0191,4,108.97,East
INV00009008,C01151,28-05-2024,P0063,Product P0063,5,150.98,South
INV00003065,C01768,28-05-2024,P0093,Product P0093,2,132.9,West
INV00001204,C01904,28-05-2024,P0021,Product P0021,4,132.43,North
INV00009888,C02460,28-05-2024,P0172,Product P0172,1,145.39,West
INV00002460,C00149,28-05-2024,P0131,Product P0131,4,21.53,East
INV00007542,C02350,28-05-2024,P0031,Product P0031,5,142.13,North
INV00009156,C00198,28-05-2024,P0205,Product P0205,1,27.25,West
INV00000658,C01583,28-05-2024,P0132,Product P0132,2,141.55,South
INV00008831,C02354,28-05-2024,P0234,Product P0234,5,34.16,West
INV00009438,C01267,28-05-2024,P0254,Product P0254,1,20.19,South
INV00004041,C00822,29-05-2024,P0154,Product P0154,5,103.06,West
INV00009125,C00024,29-05-2024,P0161,Product P0161,4,150.01,East
INV00006844,C00856,29-05-2024,P0253,Product P0253,4,123.57,East
INV00005968,C01516,29-05-2024,P0292,Product P0292,4,81.34,North
INV00000389,C02230,29-05-2024,P0036,Product P0036,4,112.5,East
INV00007875,C00726,29-05-2024,P0259,Product P0259,3,63.81,North
INV00008936,C01647,29-05-2024,P0187,Product P0187,2,89.8,North
INV00007716,C01094,29-05-2024,P0288,Product P0288,2,105.34,South
INV00004574,C02221,29-05-2024,P0240,Product P0240,3,108.85,South
INV00005922,C01994,29-05-2024,P0043,Product P0043,1,5.4,North
INV00004251,C01046,30-05-2024,P0293,Product P0293,1,79.84,South
INV00005945,C00635,30-05-2024,P0148,Product P0148,1,158.46,South
INV00006989,C00923,30-05-2024,P0270,Product P0270,2,97.41,East
INV00004231,C00184,30-05-2024,P0179,Product P0179,5,129.95,East
INV00002276,C01062,30-05-2024,P0058,Product P0058,5,113.56,North
INV00003902,C02380,30-05-2024,P0179,Product P0179,5,48.67,East
INV00000720,C01499,30-05-2024,P0246,Product P0246,4,122.52,West
INV00002938,C01805,30-05-2024,P0287,Product P0287,5,118.04,South
INV00000632,C00819,30-05-2024,P0119,Product P0119,5,96.52,West
INV00001792,C02203,31-05-2024,P0234,Product P0234,5,102.63,West
INV00005693,C02215,31-05-2024,P0036,Product P0036,3,57.04,North
INV00002809,C01979,31-05-2024,P0046,Product P0046,5,41.78,East
INV00003854,C00881,31-05-2024,P0079,Product P0079,2,127.84,West
INV00002164,C02282,31-05-2024,P0010,Product P0010,4,14.56,East
INV00001580,C01502,31-05-2024,P0139,Product P0139,1,11.52,West
INV00001764,C01505,31-05-2024,P0068,Product P0068,5,11.18,East
INV00009115,C01296,31-05-2024,P0086,Product P0086,3,18.05,West
INV00006213,C01450,31-05-2024,P0229,Product P0229,3,49.17,West
INV00007708,C00978,31-05-2024,P0180,Product P0180,2,52.87,South
INV00001802,C01172,31-05-2024,P0250,Product P0250,1,81.55,South
INV00008466,C01831,31-05-2024,P0180,Product P0180,4,151.32,East
INV00004589,C01517,01-06-2024,P0162,Product P0162,1,60.16,East
INV00001006,C02303,01-06-2024,P0034,Product P0034,1,172.88,North
INV00008160,C01127,01-06-2024,P0101,Product P0101,3,52.59,North
INV00005946,C00321,01-06-2024,P0158,Product P0158,5,100.44,North
INV00002675,C02328,01-06-2024,P0169,Product P0169,3,129.09,North
INV00008064,C00888,01-06-2024,P0276,Product P0276,4,140.25,East
INV00002721,C01567,01-06-2024,P0170,Product P0170,5,127.7,West
INV00005675,C01236,01-06-2024,P0077,Product P0077,4,97.78,South
INV00004311,C01299,02-06-2024,P0043,Product P0043,4,19.92,West
INV00006391,C01900,02-06-2024,P0045,Product P0045,5,58.9,East
INV00008414,C00476,02-06-2024,P0188,Product P0188,4,73.37,South
INV00000540,C00053,02-06-2024,P0148,Product P0148,2,168.27,West
INV00002332,C02153,02-06-2024,P0196,Product P0196,3,61.11,East
INV00009823,C00548,02-06-2024,P0175,Product P0175,3,136.55,East
INV00001229,C00386,02-06-2024,P0132,Product P0132,3,47.02,North
INV00004583,C00413,02-06-2024,P0062,Product P0062,1,39.31,West
INV00002842,C01763,02-06-2024,P0103,Product P0103,4,75.76,West
INV00006531,C00160,02-06-2024,P0175,Product P0175,1,179.5,East
INV00004000,C01301,02-06-2024,P0223,Product P0223,4,112.87,West
INV00001145,C00828,03-06-2024,P0206,Product P0206,4,130.72,North
INV00007250,C01672,03-06-2024,P0103,Product P0103,1,126.26,West
INV00004528,C00232,03-06-2024,P0007,Product P0007,2,128.72,South
INV00000357,C00379,03-06-2024,P0006,Product P0006,3,5.43,South
INV00004474,C00342,03-06-2024,P0110,Product P0110,4,17.62,West
INV00002775,C01363,03-06-2024,P0043,Product P0043,4,145.13,South
INV00001602,C01847,03-06-2024,P0125,Product P0125,1,46.21,East
INV00004096,C01368,03-06-2024,P0098,Product P0098,2,89.8,North
INV00005018,C01332,03-06-2024,P0187,Product P0187,5,74.52,North
INV00009443,C00466,04-06-2024,P0255,Product P0255,5,33.39,North
INV00004046,C00035,04-06-2024,P0102,Product P0102,2,152.11,West
INV00009484,C00565,04-06-2024,P0116,Product P0116,3,59.16,West
INV00000881,C00216,04-06-2024,P0023,Product P0023,1,10.11,West
INV00009864,C01575,04-06-2024,P0205,Product P0205,1,128.14,North
INV00002416,C01216,04-06-2024,P0087,Product P0087,4,81.42,West
INV00009446,C00669,04-06-2024,P0145,Product P0145,4,90,East
INV00005627,C01047,04-06-2024,P0182,Product P0182,5,17.85,North
INV00004854,C00172,04-06-2024,P0298,Product P0298,4,153.53,West
INV00004484,C00152,04-06-2024,P0087,Product P0087,2,155.39,West
INV00006042,C00984,04-06-2024,P0059,Product P0059,5,77.01,West
INV00001034,C00785,04-06-2024,P0053,Product P0053,1,57.63,East
INV00003332,C02128,04-06-2024,P0215,Product P0215,4,141.63,North
INV00007622,C01420,04-06-2024,P0247,Product P0247,1,5.43,North
INV00004473,C01221,04-06-2024,P0287,Product P0287,2,80.92,North
INV00002821,C01352,04-06-2024,P0127,Product P0127,1,121.26,East
INV00004700,C00060,04-06-2024,P0040,Product P0040,2,114.06,North
INV00002559,C00078,04-06-2024,P0127,Product P0127,5,4.95,East
INV00008067,C00528,04-06-2024,P0028,Product P0028,5,91.5,East
INV00009407,C02197,04-06-2024,P0002,Product P0002,1,57.32,West
INV00001457,C02462,04-06-2024,P0124,Product P0124,2,143.72,West
INV00006991,C01429,05-06-2024,P0189,Product P0189,4,15.01,West
INV00004670,C01071,05-06-2024,P0117,Product P0117,1,11.9,West
INV00006199,C00397,05-06-2024,P0068,Product P0068,2,111.54,South
INV00006412,C01042,05-06-2024,P0112,Product P0112,3,141.23,North
INV00008246,C02218,05-06-2024,P0262,Product P0262,3,166.06,West
INV00008713,C02147,05-06-2024,P0235,Product P0235,3,112.86,South
INV00004625,C00981,05-06-2024,P0038,Product P0038,2,4.85,South
INV00000297,C02125,05-06-2024,P0176,Product P0176,3,23.69,North
INV00009976,C00475,05-06-2024,P0245,Product P0245,2,164.54,West
INV00002967,C00602,05-06-2024,P0239,Product P0239,5,165.21,North
INV00001293,C01110,05-06-2024,P0231,Product P0231,5,51.82,North
INV00008940,C00589,05-06-2024,P0068,Product P0068,5,66.65,West
INV00004813,C01317,05-06-2024,P0007,Product P0007,3,115.21,West
INV00009648,C01761,06-06-2024,P0135,Product P0135,5,131.55,South
INV00006927,C00967,06-06-2024,P0107,Product P0107,4,66.88,East
INV00006441,C02090,06-06-2024,P0285,Product P0285,4,11.39,East
INV00007513,C01203,06-06-2024,P0061,Product P0061,5,75.62,North
INV00001516,C02326,06-06-2024,P0148,Product P0148,3,111.88,North
INV00006338,C00192,06-06-2024,P0061,Product P0061,3,91.89,North
INV00002165,C02387,06-06-2024,P0036,Product P0036,4,130.46,North
INV00001761,C00962,07-06-2024,P0062,Product P0062,5,161.46,East
INV00004775,C00674,07-06-2024,P0233,Product P0233,2,6.32,North
INV00002045,C00695,07-06-2024,P0220,Product P0220,4,126.99,East
INV00005259,C01674,07-06-2024,P0115,Product P0115,1,39.38,East
INV00008633,C01110,07-06-2024,P0127,Product P0127,2,178.84,East
INV00007731,C01387,07-06-2024,P0152,Product P0152,4,23.72,West
INV00009665,C00102,07-06-2024,P0208,Product P0208,4,134.8,South
INV00007821,C00395,07-06-2024,P0256,Product P0256,2,59.48,East
INV00002382,C01122,07-06-2024,P0252,Product P0252,3,89.85,West
INV00001169,C02496,07-06-2024,P0222,Product P0222,1,49.93,West
INV00003808,C00389,07-06-2024,P0096,Product P0096,2,6.85,West
INV00007477,C02398,07-06-2024,P0012,Product P0012,2,116.79,North
INV00004402,C00297,07-06-2024,P0113,Product P0113,5,167.7,North
INV00003886,C01035,07-06-2024,P0165,Product P0165,2,129.98,East
INV00008922,C01053,07-06-2024,P0264,Product P0264,4,146.49,West
INV00008143,C01008,07-06-2024,P0021,Product P0021,1,83.5,East
INV00005861,C01286,07-06-2024,P0239,Product P0239,3,60.57,North
INV00002835,C00971,07-06-2024,P0096,Product P0096,4,114.92,South
INV00003992,C01885,08-06-2024,P0252,Product P0252,5,97.3,South
INV00006265,C01350,08-06-2024,P0006,Product P0006,1,91.1,South
INV00001977,C02330,08-06-2024,P0161,Product P0161,2,11.72,West
INV00000453,C01248,08-06-2024,P0281,Product P0281,5,160.1,South
INV00001918,C01227,08-06-2024,P0201,Product P0201,3,28.92,North
INV00004608,C01216,08-06-2024,P0144,Product P0144,3,166.96,North
INV00002782,C02340,08-06-2024,P0041,Product P0041,2,161.16,East
INV00002883,C01408,08-06-2024,P0210,Product P0210,1,98.87,North
INV00003958,C01836,08-06-2024,P0236,Product P0236,2,6.43,South
INV00002150,C02135,08-06-2024,P0244,Product P0244,5,25.74,East
INV00009989,C01654,08-06-2024,P0116,Product P0116,2,28.47,South
INV00008944,C00697,08-06-2024,P0030,Product P0030,1,46.68,East
INV00004415,C01228,09-06-2024,P0015,Product P0015,1,49.75,East
INV00009901,C01451,09-06-2024,P0292,Product P0292,1,54.31,South
INV00002109,C00702,09-06-2024,P0079,Product P0079,3,81.23,West
INV00000301,C00910,09-06-2024,P0016,Product P0016,1,26.06,East
INV00009017,C00963,09-06-2024,P0139,Product P0139,4,146.37,West
INV00005957,C00545,09-06-2024,P0125,Product P0125,1,20.2,East
INV00001364,C00505,10-06-2024,P0112,Product P0112,5,85.56,South
INV00002602,C00537,10-06-2024,P0062,Product P0062,3,46.11,East
INV00007975,C00336,10-06-2024,P0272,Product P0272,1,165.39,North
INV00005552,C00887,10-06-2024,P0129,Product P0129,1,94.98,East
INV00002663,C00375,10-06-2024,P0025,Product P0025,5,28.35,West
INV00008263,C01954,10-06-2024,P0013,Product P0013,1,79.36,North
INV00001179,C00648,10-06-2024,P0283,Product P0283,5,54.55,East
INV00007682,C01707,10-06-2024,P0054,Product P0054,1,78.86,West
INV00008617,C01931,10-06-2024,P0168,Product P0168,5,51.49,North
INV00005102,C01359,10-06-2024,P0266,Product P0266,3,176.29,East
INV00004389,C00843,10-06-2024,P0117,Product P0117,3,57.77,East
INV00009764,C01493,11-06-2024,P0037,Product P0037,4,153.52,East
INV00008133,C01643,11-06-2024,P0082,Product P0082,2,126.06,North
INV00002665,C00538,11-06-2024,P0081,Product P0081,4,41.8,South
INV00004831,C00872,11-06-2024,P0112,Product P0112,5,118.57,North
INV00000932,C01750,11-06-2024,P0243,Product P0243,5,91.72,North
INV00009441,C01046,11-06-2024,P0019,Product P0019,3,74.03,East
INV00001958,C01330,11-06-2024,P0049,Product P0049,3,87.63,East
INV00001267,C00138,11-06-2024,P0046,Product P0046,2,121.17,West
INV00002035,C02466,11-06-2024,P0134,Product P0134,5,65.94,South
INV00002178,C01202,11-06-2024,P0105,Product P0105,5,135.05,North
INV00008986,C02491,11-06-2024,P0266,Product P0266,5,63.29,South
INV00002493,C02324,11-06-2024,P0077,Product P0077,5,141.2,South
INV00000626,C00582,11-06-2024,P0105,Product P0105,3,100.82,North
INV00006159,C01933,11-06-2024,P0191,Product P0191,5,179.61,South
INV00004651,C00994,12-06-2024,P0163,Product P0163,5,76.96,East
INV00005024,C01050,12-06-2024,P0164,Product P0164,2,7.6,West
INV00004097,C01341,12-06-2024,P0125,Product P0125,4,86.73,North
INV00005118,C01160,12-06-2024,P0257,Product P0257,4,15.64,North
INV00004156,C00467,12-06-2024,P0299,Product P0299,5,161.58,South
INV00007600,C00684,12-06-2024,P0123,Product P0123,4,118.04,West
INV00003767,C01697,12-06-2024,P0029,Product P0029,3,41.59,North
INV00006952,C01081,12-06-2024,P0070,Product P0070,3,60.8,South
INV00002253,C00610,12-06-2024,P0153,Product P0153,1,179.02,East
INV00003226,C01930,13-06-2024,P0153,Product P0153,2,144.02,South
INV00006786,C02436,13-06-2024,P0135,Product P0135,4,151.58,South
INV00006956,C02273,13-06-2024,P0135,Product P0135,4,100.39,North
INV00005745,C00043,13-06-2024,P0300,Product P0300,4,29.46,North
INV00008744,C00298,13-06-2024,P0026,Product P0026,2,30.41,West
INV00002548,C01462,13-06-2024,P0008,Product P0008,2,141.47,North
INV00008930,C00438,13-06-2024,P0293,Product P0293,4,82.69,North
INV00003874,C01188,13-06-2024,P0272,Product P0272,5,99.31,South
INV00007979,C01178,13-06-2024,P0035,Product P0035,4,21.51,North
INV00007524,C00818,14-06-2024,P0031,Product P0031,3,34.96,South
INV00006669,C01127,14-06-2024,P0052,Product P0052,1,40.43,West
INV00005687,C01897,14-06-2024,P0137,Product P0137,4,172.95,North
INV00009750,C01299,14-06-2024,P0061,Product P0061,3,11.46,South
INV00001132,C01676,14-06-2024,P0075,Product P0075,3,156.13,West
INV00000317,C01826,14-06-2024,P0093,Product P0093,3,133.26,North
INV00004075,C00812,14-06-2024,P0242,Product P0242,2,31.96,West
INV00008664,C02350,14-06-2024,P0015,Product P0015,4,80.3,North
INV00004737,C00154,14-06-2024,P0132,Product P0132,2,116.77,West
INV00003954,C01160,15-06-2024,P0247,Product P0247,1,10.81,North
INV00006370,C00145,15-06-2024,P0120,Product P0120,3,178.19,North
INV00006356,C00912,15-06-2024,P0172,Product P0172,2,9.31,South
INV00007775,C00217,15-06-2024,P0080,Product P0080,3,93.9,East
INV00000687,C01017,15-06-2024,P0213,Product P0213,5,170.66,West
INV00007053,C01698,15-06-2024,P0012,Product P0012,4,84.49,East
INV00000606,C01341,15-06-2024,P0218,Product P0218,4,78.93,South
INV00000109,C01179,15-06-2024,P0162,Product P0162,5,85.99,South
INV00006097,C01702,15-06-2024,P0090,Product P0090,4,171.65,North
INV00001551,C00702,15-06-2024,P0110,Product P0110,1,44.77,South
INV00004194,C00098,15-06-2024,P0144,Product P0144,2,150.95,East
INV00006009,C00175,15-06-2024,P0241,Product P0241,5,101.7,West
INV00002880,C02443,16-06-2024,P0173,Product P0173,5,89.15,South
INV00003056,C01197,16-06-2024,P0008,Product P0008,4,37.09,North
INV00000298,C01098,16-06-2024,P0269,Product P0269,3,38.94,North
INV00005888,C00422,16-06-2024,P0155,Product P0155,5,61.19,North
INV00000349,C00452,16-06-2024,P0223,Product P0223,2,85.43,South
INV00005551,C01506,16-06-2024,P0264,Product P0264,4,21.43,South
INV00004763,C00245,16-06-2024,P0185,Product P0185,1,104.42,East
INV00003700,C01900,16-06-2024,P0287,Product P0287,1,77.92,North
INV00001515,C00618,16-06-2024,P0225,Product P0225,4,25.69,West
INV00009561,C01379,16-06-2024,P0122,Product P0122,5,99.04,West
INV00004756,C01506,16-06-2024,P0288,Product P0288,5,117.22,East
INV00007856,C02072,16-06-2024,P0289,Product P0289,2,72.07,West
INV00000779,C00678,16-06-2024,P0087,Product P0087,5,106.44,West
INV00009483,C00045,16-06-2024,P0138,Product P0138,1,52.29,East
INV00001222,C01383,16-06-2024,P0015,Product P0015,2,95.54,North
INV00005086,C00850,17-06-2024,P0195,Product P0195,1,102.49,North
INV00005519,C01418,17-06-2024,P0137,Product P0137,4,173.82,North
INV00006475,C00605,17-06-2024,P0097,Product P0097,2,109.86,North
INV00001130,C01623,17-06-2024,P0280,Product P0280,4,84.32,South
INV00001898,C02187,17-06-2024,P0111,Product P0111,3,179.44,North
INV00004794,C00645,17-06-2024,P0117,Product P0117,2,18.2,East
INV00005140,C02489,17-06-2024,P0294,Product P0294,3,91.75,East
INV00005893,C00314,17-06-2024,P0222,Product P0222,3,12.16,South
INV00008778,C01801,17-06-2024,P0072,Product P0072,2,116.89,East
INV00002426,C01404,17-06-2024,P0115,Product P0115,2,167.58,South
INV00009197,C02290,17-06-2024,P0206,Product P0206,4,160.22,North
INV00008889,C01404,17-06-2024,P0146,Product P0146,2,129.95,East
INV00001688,C01020,17-06-2024,P0171,Product P0171,5,51.94,West
INV00004048,C00621,17-06-2024,P0145,Product P0145,1,54.25,East
INV00001469,C01944,17-06-2024,P0226,Product P0226,3,67.6,North
INV00000751,C02404,17-06-2024,P0157,Product P0157,5,13.47,North
INV00007894,C00525,18-06-2024,P0016,Product P0016,5,115.39,West
INV00007117,C01279,18-06-2024,P0142,Product P0142,4,83.55,East
INV00007525,C01010,18-06-2024,P0245,Product P0245,5,138.69,North
INV00007903,C00837,18-06-2024,P0002,Product P0002,1,33.43,East
INV00005263,C01472,18-06-2024,P0172,Product P0172,4,51.7,West
INV00006600,C00067,18-06-2024,P0104,Product P0104,4,159.82,West
INV00008746,C01281,18-06-2024,P0210,Product P0210,5,121.81,East
INV00007149,C00705,18-06-2024,P0133,Product P0133,2,98.43,East
INV00002003,C00994,18-06-2024,P0022,Product P0022,3,38.14,South
INV00002587,C00925,18-06-2024,P0285,Product P0285,4,154.74,North
INV00003354,C01821,18-06-2024,P0131,Product P0131,2,83.4,West
INV00006889,C00255,18-06-2024,P0277,Product P0277,1,85.3,West
INV00006912,C01956,19-06-2024,P0024,Product P0024,3,116.78,East
INV00005284,C01900,19-06-2024,P0275,Product P0275,3,14.61,North
INV00003452,C00139,19-06-2024,P0117,Product P0117,1,167.89,South
INV00007550,C01982,19-06-2024,P0203,Product P0203,5,107.86,West
INV00006806,C01309,19-06-2024,P0177,Product P0177,2,135.09,North
INV00004453,C01195,19-06-2024,P0221,Product P0221,3,132.37,East
INV00004996,C00530,19-06-2024,P0151,Product P0151,2,147.07,East
INV00009232,C00717,19-06-2024,P0132,Product P0132,1,77.06,East
INV00004677,C01389,19-06-2024,P0010,Product P0010,4,112.05,East
INV00007043,C01525,19-06-2024,P0074,Product P0074,5,56.28,West
INV00006379,C01439,19-06-2024,P0125,Product P0125,4,83.83,East
INV00004344,C00644,19-06-2024,P0164,Product P0164,5,156.42,South
INV00002279,C00922,19-06-2024,P0049,Product P0049,1,63.71,South
INV00001675,C01795,19-06-2024,P0267,Product P0267,1,95.19,West
INV00001053,C01255,19-06-2024,P0280,Product P0280,4,176.69,East
INV00004873,C00149,19-06-2024,P0299,Product P0299,5,142.09,East
INV00004679,C01634,20-06-2024,P0201,Product P0201,1,113.65,East
INV00003128,C02272,20-06-2024,P0284,Product P0284,1,50.04,South
INV00000195,C02400,20-06-2024,P0271,Product P0271,5,108.61,West
INV00002887,C02333,20-06-2024,P0241,Product P0241,4,145.48,East
INV00004038,C01536,20-06-2024,P0009,Product P0009,3,22.29,North
INV00001450,C00258,20-06-2024,P0241,Product P0241,5,53.9,West
INV00003801,C02308,20-06-2024,P0123,Product P0123,3,41.33,South
INV00003013,C00115,20-06-2024,P0270,Product P0270,2,84.71,East
INV00003168,C00671,20-06-2024,P0054,Product P0054,2,130.17,South
INV00002275,C00445,20-06-2024,P0197,Product P0197,3,26.43,East
INV00002683,C00975,20-06-2024,P0299,Product P0299,2,79.43,West
INV00008044,C00484,21-06-2024,P0298,Product P0298,2,150.48,West
INV00008134,C00704,21-06-2024,P0108,Product P0108,5,125.03,West
INV00000322,C00270,21-06-2024,P0298,Product P0298,1,111.17,West
INV00008467,C00994,21-06-2024,P0231,Product P0231,3,85.65,East
INV00007354,C00806,21-06-2024,P0234,Product P0234,3,159.95,West
INV00006344,C01680,21-06-2024,P0208,Product P0208,1,99.46,North
INV00005869,C02312,21-06-2024,P0078,Product P0078,1,53.03,North
INV00001077,C01779,21-06-2024,P0144,Product P0144,1,17.51,South
INV00004452,C00634,21-06-2024,P0032,Product P0032,2,14.05,East
INV00002755,C02477,21-06-2024,P0202,Product P0202,1,76.34,East
INV00001173,C00979,21-06-2024,P0063,Product P0063,1,75.98,West
INV00007259,C00358,21-06-2024,P0249,Product P0249,3,11.72,East
INV00004550,C02173,21-06-2024,P0213,Product P0213,4,19.05,East
INV00007526,C00221,21-06-2024,P0081,Product P0081,2,110.13,North
INV00007823,C00075,21-06-2024,P0081,Product P0081,2,83.52,East
INV00005731,C02088,21-06-2024,P0225,Product P0225,4,144.56,South
INV00007100,C02130,21-06-2024,P0199,Product P0199,2,24.19,East
INV00006815,C00923,21-06-2024,P0090,Product P0090,2,93.52,East
INV00005752,C00542,21-06-2024,P0038,Product P0038,2,176.96,South
INV00002590,C00865,21-06-2024,P0040,Product P0040,3,30.37,North
INV00007062,C00122,21-06-2024,P0193,Product P0193,4,56.43,North
INV00003990,C01189,22-06-2024,P0240,Product P0240,1,28.28,West
INV00003466,C01875,22-06-2024,P0257,Product P0257,5,89.59,South
INV00002598,C01808,22-06-2024,P0084,Product P0084,4,170.38,West
INV00001956,C01002,22-06-2024,P0104,Product P0104,2,29.47,East
INV00007568,C00566,22-06-2024,P0076,Product P0076,1,46.22,East
INV00003734,C02333,22-06-2024,P0156,Product P0156,2,166.38,South
INV00005926,C00252,22-06-2024,P0208,Product P0208,4,163.67,South
INV00009261,C00915,22-06-2024,P0295,Product P0295,4,134.63,West
INV00008477,C01154,23-06-2024,P0034,Product P0034,2,23.25,North
INV00004967,C00565,23-06-2024,P0051,Product P0051,4,121.75,South
INV00007263,C01885,23-06-2024,P0100,Product P0100,2,137.79,East
INV00005281,C01783,23-06-2024,P0027,Product P0027,4,15.27,East
INV00003665,C01283,23-06-2024,P0037,Product P0037,5,67.96,East
INV00002714,C01302,23-06-2024,P0099,Product P0099,3,94.16,West
INV00005674,C01625,23-06-2024,P0079,Product P0079,5,6.4,North
INV00002977,C01236,23-06-2024,P0138,Product P0138,3,110.07,East
INV00000072,C00474,24-06-2024,P0060,Product P0060,5,160.37,South
INV00006553,C00449,24-06-2024,P0255,Product P0255,4,174.66,West
INV00009308,C00312,24-06-2024,P0203,Product P0203,4,162.48,North
INV00003719,C01706,24-06-2024,P0067,Product P0067,4,36.1,East
INV00006606,C00640,24-06-2024,P0066,Product P0066,5,145.04,East
INV00009661,C00463,24-06-2024,P0082,Product P0082,5,61.11,South
INV00007896,C00228,24-06-2024,P0217,Product P0217,1,63.73,North
INV00003476,C00540,24-06-2024,P0180,Product P0180,5,46.47,South
INV00002619,C01642,24-06-2024,P0011,Product P0011,1,169.44,North
INV00003745,C00604,24-06-2024,P0096,Product P0096,3,81.76,East
INV00005226,C01233,24-06-2024,P0201,Product P0201,1,149.92,East
INV00002131,C01795,24-06-2024,P0287,Product P0287,1,168.8,West
INV00001156,C01468,24-06-2024,P0204,Product P0204,3,150.03,East
INV00009124,C00607,25-06-2024,P0043,Product P0043,5,168.09,North
INV00008016,C00382,25-06-2024,P0165,Product P0165,5,90.43,West
INV00002692,C01519,25-06-2024,P0192,Product P0192,3,7.92,West
INV00000933,C00644,25-06-2024,P0044,Product P0044,1,18.18,South
INV00004381,C02351,25-06-2024,P0106,Product P0106,3,11.03,East
INV00003674,C00002,25-06-2024,P0017,Product P0017,3,117.13,West
INV00005810,C00948,25-06-2024,P0287,Product P0287,1,34.94,East
INV00009676,C00027,25-06-2024,P0142,Product P0142,2,32.71,East
INV00004410,C00809,25-06-2024,P0182,Product P0182,3,156.43,East
INV00000678,C00212,25-06-2024,P0249,Product P0249,2,7.21,East
INV00002478,C00441,25-06-2024,P0252,Product P0252,4,113.14,South
INV00008213,C02406,25-06-2024,P0103,Product P0103,2,96.93,West
INV00005663,C02152,25-06-2024,P0135,Product P0135,4,84.3,West
INV00005819,C00984,25-06-2024,P0048,Product P0048,3,122.96,South
INV00004212,C01776,25-06-2024,P0014,Product P0014,4,46.8,East
INV00003492,C01589,26-06-2024,P0030,Product P0030,5,161.64,South
INV00000129,C01437,26-06-2024,P0064,Product P0064,2,35.24,East
INV00008931,C02163,26-06-2024,P0061,Product P0061,5,150.87,West
INV00001003,C01396,26-06-2024,P0191,Product P0191,4,44.36,North
INV00008824,C00131,26-06-2024,P0107,Product P0107,1,12.42,East
INV00002895,C00653,26-06-2024,P0153,Product P0153,5,35.17,East
INV00001065,C01883,26-06-2024,P0245,Product P0245,5,65.48,South
INV00009303,C01377,26-06-2024,P0267,Product P0267,4,64.99,West
INV00006078,C00461,26-06-2024,P0026,Product P0026,1,24.62,East
INV00005104,C01249,26-06-2024,P0202,Product P0202,2,168.25,West
INV00002861,C00485,26-06-2024,P0278,Product P0278,4,158.85,West
INV00000718,C01231,27-06-2024,P0110,Product P0110,4,149.7,East
INV00001780,C01712,27-06-2024,P0026,Product P0026,1,11.27,North
INV00002932,C01683,27-06-2024,P0257,Product P0257,4,75.93,North
INV00000107,C01951,27-06-2024,P0232,Product P0232,5,85.34,West
INV00008722,C00607,27-06-2024,P0084,Product P0084,1,172.98,South
INV00007073,C01520,27-06-2024,P0244,Product P0244,1,125.5,West
INV00008335,C02473,27-06-2024,P0130,Product P0130,4,53.36,West
INV00002565,C01100,27-06-2024,P0228,Product P0228,3,112.11,South
INV00004369,C02317,28-06-2024,P0069,Product P0069,3,158.64,East
INV00006436,C00033,28-06-2024,P0173,Product P0173,3,151.35,East
INV00006188,C02412,28-06-2024,P0298,Product P0298,4,154.24,East
INV00006312,C00830,28-06-2024,P0293,Product P0293,5,158.76,West
INV00002520,C02492,28-06-2024,P0074,Product P0074,2,149.53,West
INV00007601,C00329,28-06-2024,P0049,Product P0049,1,141.28,East
INV00000377,C01842,28-06-2024,P0136,Product P0136,2,171.8,South
INV00003403,C00392,28-06-2024,P0090,Product P0090,4,22.38,West
INV00002189,C01155,28-06-2024,P0053,Product P0053,3,23.27,South
INV00000470,C02333,28-06-2024,P0214,Product P0214,4,36.12,West
INV00004985,C00482,28-06-2024,P0081,Product P0081,4,117.15,East
INV00000177,C01793,28-06-2024,P0225,Product P0225,4,51.65,East
INV00009555,C01171,28-06-2024,P0073,Product P0073,2,176.37,South
INV00005289,C00663,29-06-2024,P0221,Product P0221,3,143.83,North
INV00000213,C01973,29-06-2024,P0258,Product P0258,4,113.51,South
INV00000667,C01259,29-06-2024,P0135,Product P0135,4,126.24,East
INV00002678,C02196,29-06-2024,P0046,Product P0046,3,107.37,West
INV00007202,C00718,29-06-2024,P0161,Product P0161,4,167.26,West
INV00001711,C00857,29-06-2024,P0187,Product P0187,2,33.32,North
INV00009098,C01815,29-06-2024,P0158,Product P0158,1,74.59,West
INV00004430,C02306,29-06-2024,P0245,Product P0245,3,175.71,South
INV00000248,C01040,29-06-2024,P0167,Product P0167,1,56.15,West
INV00004880,C01891,29-06-2024,P0275,Product P0275,3,117.41,North
INV00008225,C02227,29-06-2024,P0222,Product P0222,3,11.36,East
INV00008008,C00603,29-06-2024,P0009,Product P0009,2,68.51,North
INV00004866,C01466,30-06-2024,P0215,Product P0215,1,90.49,East
INV00003356,C01104,30-06-2024,P0268,Product P0268,5,5.21,South
INV00008097,C00839,30-06-2024,P0136,Product P0136,4,151.97,South
INV00000916,C01147,30-06-2024,P0194,Product P0194,1,14.88,North
INV00004516,C01985,30-06-2024,P0273,Product P0273,1,48.51,West
INV00009467,C01596,30-06-2024,P0118,Product P0118,4,12.83,North
INV00003159,C01670,30-06-2024,P0005,Product P0005,3,175.07,South
INV00009146,C00407,30-06-2024,P0126,Product P0126,2,126.76,East
INV00006651,C00501,30-06-2024,P0228,Product P0228,1,143.16,North
INV00007719,C01087,30-06-2024,P0097,Product P0097,2,51.36,East
INV00004490,C00965,30-06-2024,P0140,Product P0140,5,163.48,North
INV00001091,C01258,30-06-2024,P0174,Product P0174,5,48.39,North
INV00001819,C00339,30-06-2024,P0231,Product P0231,5,163.18,North
INV00005798,C01558,01-07-2024,P0288,Product P0288,4,32.82,West
INV00000742,C01907,01-07-2024,P0044,Product P0044,2,98.66,North
INV00005656,C00550,01-07-2024,P0044,Product P0044,1,90.22,West
INV00002974,C02454,01-07-2024,P0077,Product P0077,5,158.49,North
INV00007298,C00618,01-07-2024,P0139,Product P0139,1,158.16,North
INV00000508,C00620,01-07-2024,P0242,Product P0242,2,125.25,West
INV00004560,C01621,01-07-2024,P0222,Product P0222,4,9.99,West
INV00003145,C01909,01-07-2024,P0270,Product P0270,4,143.24,North
INV00001681,C02357,01-07-2024,P0082,Product P0082,2,52.09,West
INV00007215,C00618,01-07-2024,P0011,Product P0011,4,28.04,East
INV00000017,C01284,01-07-2024,P0253,Product P0253,2,71.24,East
INV00003109,C02252,01-07-2024,P0241,Product P0241,5,109.13,East
INV00000283,C01678,01-07-2024,P0012,Product P0012,2,170.72,North
INV00003416,C01031,01-07-2024,P0160,Product P0160,1,92.25,North
INV00001924,C01087,01-07-2024,P0047,Product P0047,1,133.83,West
INV00008721,C01776,01-07-2024,P0222,Product P0222,4,98.32,East
INV00002155,C01762,01-07-2024,P0197,Product P0197,5,179.26,South
INV00007598,C01039,01-07-2024,P0041,Product P0041,1,166.33,East
INV00004266,C02478,01-07-2024,P0040,Product P0040,2,166.2,West
INV00009945,C00423,01-07-2024,P0264,Product P0264,3,67.43,West
INV00004975,C02004,01-07-2024,P0254,Product P0254,4,33.44,North
INV00001232,C01835,02-07-2024,P0069,Product P0069,2,154.27,North
INV00006055,C02125,02-07-2024,P0270,Product P0270,1,14.43,East
INV00001635,C01038,02-07-2024,P0126,Product P0126,1,102.63,North
INV00007133,C01965,02-07-2024,P0203,Product P0203,2,78.62,North
INV00002799,C01770,02-07-2024,P0162,Product P0162,2,11.65,East
INV00008627,C01959,02-07-2024,P0274,Product P0274,2,6.78,East
INV00000329,C00354,03-07-2024,P0184,Product P0184,1,105.83,North
INV00001042,C02142,03-07-2024,P0134,Product P0134,5,90.68,South
INV00009224,C00760,03-07-2024,P0209,Product P0209,2,151.71,South
INV00009973,C01507,03-07-2024,P0186,Product P0186,4,163.62,South
INV00005760,C00003,03-07-2024,P0285,Product P0285,2,20.01,West
INV00009435,C01053,03-07-2024,P0192,Product P0192,5,16.53,West
INV00008507,C01146,03-07-2024,P0270,Product P0270,3,134.51,East
INV00007166,C01005,03-07-2024,P0161,Product P0161,4,58.68,South
INV00005095,C01111,03-07-2024,P0082,Product P0082,2,35.25,South
INV00003263,C01853,03-07-2024,P0183,Product P0183,1,110.84,North
INV00002719,C01450,03-07-2024,P0251,Product P0251,4,43.69,North
INV00002293,C00589,03-07-2024,P0120,Product P0120,3,178.99,North
INV00005979,C00515,03-07-2024,P0144,Product P0144,4,89.55,South
INV00002984,C02056,03-07-2024,P0200,Product P0200,1,137.94,West
INV00009130,C00401,03-07-2024,P0196,Product P0196,4,40.49,East
INV00007371,C01903,04-07-2024,P0221,Product P0221,5,25.18,South
INV00005253,C01786,04-07-2024,P0051,Product P0051,3,59.9,North
INV00007142,C01905,04-07-2024,P0189,Product P0189,2,157.66,East
INV00000451,C02401,04-07-2024,P0240,Product P0240,3,63,North
INV00008412,C01878,04-07-2024,P0253,Product P0253,1,94.95,South
INV00009107,C01184,04-07-2024,P0009,Product P0009,4,41.68,North
INV00005530,C00182,04-07-2024,P0191,Product P0191,3,178.96,North
INV00001231,C02054,04-07-2024,P0262,Product P0262,1,28.71,North
INV00001440,C02389,04-07-2024,P0031,Product P0031,3,70.99,North
INV00004942,C01116,04-07-2024,P0054,Product P0054,4,125,North
INV00000199,C00848,04-07-2024,P0293,Product P0293,2,30.89,North
INV00000930,C01446,05-07-2024,P0017,Product P0017,2,33.7,East
INV00001363,C00878,05-07-2024,P0158,Product P0158,3,159.92,South
INV00008899,C01835,05-07-2024,P0114,Product P0114,1,56.11,North
INV00001049,C01672,05-07-2024,P0016,Product P0016,2,162.57,East
INV00008629,C00703,05-07-2024,P0233,Product P0233,5,61.61,South
INV00006187,C00976,05-07-2024,P0263,Product P0263,2,137.73,North
INV00009868,C00628,05-07-2024,P0062,Product P0062,1,31.82,West
INV00007478,C01990,05-07-2024,P0236,Product P0236,5,87.74,South
INV00000100,C00350,05-07-2024,P0295,Product P0295,4,43.05,West
INV00009628,C02352,05-07-2024,P0017,Product P0017,1,83.36,East
INV00000647,C01152,05-07-2024,P0106,Product P0106,5,92.42,East
INV00009041,C01835,05-07-2024,P0256,Product P0256,5,67.69,North
INV00008844,C00451,05-07-2024,P0011,Product P0011,3,160.62,East
INV00006033,C01924,05-07-2024,P0154,Product P0154,5,16.22,West
INV00002290,C01042,05-07-2024,P0184,Product P0184,1,97.34,North
INV00005726,C00795,06-07-2024,P0039,Product P0039,2,118.47,South
INV00009346,C00088,06-07-2024,P0279,Product P0279,3,80.13,East
INV00009433,C02126,06-07-2024,P0072,Product P0072,4,74.45,South
INV00005847,C00302,06-07-2024,P0283,Product P0283,1,121.51,North
INV00008298,C01088,06-07-2024,P0111,Product P0111,4,48.63,North
INV00004466,C00236,06-07-2024,P0060,Product P0060,1,174.2,South
INV00002300,C02233,07-07-2024,P0220,Product P0220,4,9.03,West
INV00008513,C02107,07-07-2024,P0108,Product P0108,5,84.62,South
INV00001800,C01306,07-07-2024,P0019,Product P0019,1,90.66,West
INV00005114,C00063,07-07-2024,P0090,Product P0090,1,75.86,East
INV00007943,C01433,07-07-2024,P0257,Product P0257,1,40.21,North
INV00007842,C00545,07-07-2024,P0124,Product P0124,4,158.8,East
INV00000603,C01848,07-07-2024,P0023,Product P0023,2,124.39,West
INV00009812,C01431,07-07-2024,P0213,Product P0213,4,44.9,East
INV00005605,C01522,07-07-2024,P0265,Product P0265,3,91.84,West
INV00005755,C00361,07-07-2024,P0015,Product P0015,2,110.94,North
INV00005484,C02112,07-07-2024,P0138,Product P0138,1,70.84,East
INV00007455,C01521,07-07-2024,P0203,Product P0203,4,27.03,West
INV00001817,C00586,07-07-2024,P0175,Product P0175,4,158.09,South
INV00008969,C00998,07-07-2024,P0181,Product P0181,2,116.02,East
INV00008274,C01258,07-07-2024,P0149,Product P0149,3,137.66,North
INV00004393,C00031,08-07-2024,P0185,Product P0185,3,85.9,West
INV00008245,C01490,08-07-2024,P0237,Product P0237,2,51.64,East
INV00002924,C01352,08-07-2024,P0222,Product P0222,3,91.59,West
INV00001368,C01134,08-07-2024,P0176,Product P0176,5,92.36,South
INV00005875,C01780,08-07-2024,P0233,Product P0233,2,102.72,East
INV00004746,C00764,08-07-2024,P0161,Product P0161,1,116.18,South
INV00003176,C01393,08-07-2024,P0291,Product P0291,2,9.93,North
INV00000343,C01555,09-07-2024,P0252,Product P0252,5,100.4,North
INV00009930,C00590,09-07-2024,P0005,Product P0005,3,23.66,South
INV00007613,C01133,09-07-2024,P0236,Product P0236,2,80.67,North
INV00004176,C00873,09-07-2024,P0082,Product P0082,1,45.04,South
INV00007198,C02379,09-07-2024,P0129,Product P0129,2,28.8,East
INV00003235,C01430,09-07-2024,P0055,Product P0055,2,116.87,West
INV00002031,C01390,09-07-2024,P0216,Product P0216,2,135.41,West
INV00003184,C00145,09-07-2024,P0208,Product P0208,2,150.61,West
INV00009361,C01793,09-07-2024,P0163,Product P0163,3,117.08,West
INV00000618,C00667,09-07-2024,P0056,Product P0056,4,40.15,West
INV00008248,C00964,10-07-2024,P0105,Product P0105,3,156.54,West
INV00007368,C01218,10-07-2024,P0260,Product P0260,4,16.61,North
INV00004864,C01796,10-07-2024,P0195,Product P0195,5,174.99,South
INV00000640,C02373,10-07-2024,P0099,Product P0099,3,72.4,East
INV00004015,C00708,10-07-2024,P0036,Product P0036,2,37.71,East
INV00007837,C00968,10-07-2024,P0060,Product P0060,3,163.21,South
INV00004370,C01317,10-07-2024,P0021,Product P0021,4,114.68,North
INV00009872,C00385,10-07-2024,P0088,Product P0088,1,123.55,East
INV00008173,C00744,10-07-2024,P0165,Product P0165,4,138.15,North
INV00008588,C01475,10-07-2024,P0025,Product P0025,5,109.32,East
INV00000227,C02022,10-07-2024,P0102,Product P0102,3,59.49,South
INV00001895,C00336,10-07-2024,P0162,Product P0162,4,17.7,West
INV00008148,C00438,10-07-2024,P0204,Product P0204,3,137.91,North
INV00008163,C00837,10-07-2024,P0174,Product P0174,2,76.58,South
INV00005562,C00293,10-07-2024,P0229,Product P0229,1,149.95,East
INV00009414,C00217,10-07-2024,P0227,Product P0227,2,115.34,West
INV00009320,C00390,10-07-2024,P0119,Product P0119,2,48.71,South
INV00007109,C00701,10-07-2024,P0067,Product P0067,5,144.62,East
INV00004521,C02476,10-07-2024,P0227,Product P0227,4,38.75,East
INV00009311,C01979,10-07-2024,P0132,Product P0132,1,133.5,East
INV00009882,C02146,11-07-2024,P0271,Product P0271,3,170.69,West
INV00001857,C00938,11-07-2024,P0194,Product P0194,2,47.5,North
INV00002130,C00802,11-07-2024,P0100,Product P0100,2,19.43,North
INV00001988,C00530,11-07-2024,P0273,Product P0273,1,86.08,West
INV00004109,C01282,11-07-2024,P0012,Product P0012,5,150.76,North
INV00000154,C00734,11-07-2024,P0147,Product P0147,3,42.11,South
INV00009530,C01097,11-07-2024,P0136,Product P0136,2,159.93,South
INV00009847,C01431,11-07-2024,P0216,Product P0216,1,142.55,West
INV00004907,C00714,11-07-2024,P0031,Product P0031,3,113.1,West
INV00000058,C00386,11-07-2024,P0178,Product P0178,5,148.16,West
INV00007762,C01794,11-07-2024,P0217,Product P0217,4,163.35,South
INV00008600,C01721,11-07-2024,P0029,Product P0029,3,81.5,South
INV00001651,C00475,11-07-2024,P0149,Product P0149,1,56.23,South
INV00008196,C01555,11-07-2024,P0117,Product P0117,2,17.34,East
INV00003309,C00060,12-07-2024,P0088,Product P0088,4,77.4,North
INV00009974,C01583,12-07-2024,P0250,Product P0250,5,71.68,East
INV00007374,C00871,12-07-2024,P0235,Product P0235,3,53.86,North
INV00006819,C01809,12-07-2024,P0206,Product P0206,2,37.45,West
INV00003414,C00235,12-07-2024,P0051,Product P0051,3,7.37,East
INV00004095,C02400,12-07-2024,P0099,Product P0099,4,36.52,West
INV00005057,C02369,12-07-2024,P0215,Product P0215,4,162.24,West
INV00007206,C01254,12-07-2024,P0090,Product P0090,3,144.13,North
INV00001207,C01288,12-07-2024,P0136,Product P0136,2,171.45,South
INV00008904,C02435,12-07-2024,P0076,Product P0076,5,160.46,North
INV00002320,C01937,12-07-2024,P0280,Product P0280,2,174.35,South
INV00005017,C00141,12-07-2024,P0225,Product P0225,2,85.87,North
INV00004148,C02139,12-07-2024,P0159,Product P0159,1,154.11,North
INV00002116,C00507,12-07-2024,P0172,Product P0172,2,149.15,South
INV00004427,C00643,13-07-2024,P0294,Product P0294,5,144.91,East
INV00000375,C02216,13-07-2024,P0219,Product P0219,5,134.17,North
INV00004269,C00113,13-07-2024,P0008,Product P0008,2,106.39,West
INV00004104,C00041,13-07-2024,P0067,Product P0067,1,119.29,East
INV00009277,C00430,13-07-2024,P0191,Product P0191,1,172.13,East
INV00007656,C00820,13-07-2024,P0288,Product P0288,4,136.27,North
INV00005427,C02069,13-07-2024,P0079,Product P0079,3,144.79,West
INV00007002,C01036,13-07-2024,P0006,Product P0006,5,64.12,South
INV00002369,C00406,14-07-2024,P0206,Product P0206,3,110.25,East
INV00006471,C00039,14-07-2024,P0003,Product P0003,5,71.51,North
INV00009384,C00612,14-07-2024,P0056,Product P0056,1,88.77,North
INV00006470,C00411,14-07-2024,P0269,Product P0269,4,21.9,West
INV00005200,C02377,14-07-2024,P0180,Product P0180,2,131.47,North
INV00000167,C00804,14-07-2024,P0108,Product P0108,1,38.57,West
INV00006430,C00367,14-07-2024,P0072,Product P0072,5,21.04,East
INV00001013,C00615,14-07-2024,P0010,Product P0010,2,130.58,West
INV00007292,C01890,14-07-2024,P0114,Product P0114,4,131.04,North
INV00002222,C00385,14-07-2024,P0026,Product P0026,2,59.32,East
INV00000907,C01029,14-07-2024,P0269,Product P0269,2,104.19,North
INV00002981,C01793,14-07-2024,P0110,Product P0110,5,176.68,North
INV00009700,C01939,14-07-2024,P0011,Product P0011,1,131.75,North
INV00000250,C00105,14-07-2024,P0166,Product P0166,1,25.59,West
INV00006519,C00488,14-07-2024,P0003,Product P0003,4,54.58,East
INV00004697,C00189,14-07-2024,P0169,Product P0169,4,121.87,North
INV00006560,C00264,14-07-2024,P0097,Product P0097,3,113.07,North
INV00008307,C01180,15-07-2024,P0058,Product P0058,5,98.85,North
INV00005707,C01030,15-07-2024,P0274,Product P0274,2,120.17,South
INV00008642,C02061,15-07-2024,P0223,Product P0223,3,176.45,East
INV00004611,C00231,15-07-2024,P0241,Product P0241,1,31.22,North
INV00006545,C00434,15-07-2024,P0097,Product P0097,4,38.87,North
INV00009744,C00612,15-07-2024,P0247,Product P0247,5,99.91,East
INV00009059,C02485,15-07-2024,P0033,Product P0033,4,85.8,East
INV00006800,C01620,15-07-2024,P0239,Product P0239,2,61.28,East
INV00006790,C01852,15-07-2024,P0019,Product P0019,1,169.8,North
INV00005064,C01599,15-07-2024,P0027,Product P0027,3,8.15,South
INV00000147,C00087,15-07-2024,P0283,Product P0283,2,171.36,North
INV00005680,C00115,15-07-2024,P0099,Product P0099,5,57.21,South
INV00009961,C00268,15-07-2024,P0126,Product P0126,2,37.55,South
INV00008381,C00590,15-07-2024,P0184,Product P0184,2,118.31,North
INV00000894,C02451,15-07-2024,P0248,Product P0248,5,124.29,West
INV00007185,C00575,15-07-2024,P0116,Product P0116,3,164.94,South
INV00005457,C00400,15-07-2024,P0277,Product P0277,2,164.45,West
INV00002194,C00548,15-07-2024,P0020,Product P0020,1,57.9,North
INV00002408,C01777,15-07-2024,P0056,Product P0056,1,61.6,North
INV00008333,C01783,15-07-2024,P0282,Product P0282,5,122.43,East
INV00002210,C00346,15-07-2024,P0129,Product P0129,5,132.35,South
INV00003467,C01348,16-07-2024,P0064,Product P0064,3,51.51,South
INV00000656,C01332,16-07-2024,P0277,Product P0277,1,111.19,West
INV00008300,C01040,16-07-2024,P0034,Product P0034,5,174.71,North
INV00001288,C00587,16-07-2024,P0113,Product P0113,5,94.42,South
INV00006827,C01346,16-07-2024,P0191,Product P0191,5,15.2,North
INV00009208,C01630,16-07-2024,P0118,Product P0118,5,142.52,South
INV00001529,C00052,16-07-2024,P0247,Product P0247,1,17.65,East
INV00008994,C01198,16-07-2024,P0024,Product P0024,5,102.11,East
INV00007767,C02198,16-07-2024,P0036,Product P0036,4,147.86,North
INV00002682,C00253,16-07-2024,P0262,Product P0262,4,78.49,North
INV00008325,C01316,16-07-2024,P0003,Product P0003,4,74.92,South
INV00005738,C02327,16-07-2024,P0177,Product P0177,1,82.18,East
INV00005351,C00567,16-07-2024,P0016,Product P0016,1,152.52,North
INV00002433,C00407,17-07-2024,P0200,Product P0200,2,35.96,South
INV00006741,C00006,17-07-2024,P0100,Product P0100,4,79.35,North
INV00008631,C01112,17-07-2024,P0066,Product P0066,3,75.88,West
INV00008447,C01249,17-07-2024,P0002,Product P0002,2,57.83,East
INV00000527,C02309,17-07-2024,P0263,Product P0263,1,81.72,West
INV00003648,C01505,17-07-2024,P0011,Product P0011,4,161.27,South
INV00000994,C01079,17-07-2024,P0290,Product P0290,2,109.46,West
INV00009364,C00117,17-07-2024,P0009,Product P0009,4,6.24,East
INV00006244,C00831,17-07-2024,P0174,Product P0174,3,70.39,South
INV00000362,C02227,17-07-2024,P0198,Product P0198,5,88.28,South
INV00001984,C01878,17-07-2024,P0207,Product P0207,4,14.85,South
INV00002633,C02284,18-07-2024,P0020,Product P0020,1,35.92,East
INV00005350,C01455,18-07-2024,P0141,Product P0141,2,16.6,South
INV00007884,C00465,18-07-2024,P0036,Product P0036,2,46.09,South
INV00008441,C01172,18-07-2024,P0042,Product P0042,2,62.38,East
INV00003572,C02106,18-07-2024,P0152,Product P0152,1,111.75,North
INV00001014,C00787,18-07-2024,P0051,Product P0051,3,44.42,West
INV00005692,C01470,18-07-2024,P0083,Product P0083,3,33.07,West
INV00009695,C00297,18-07-2024,P0145,Product P0145,5,118.05,South
INV00002263,C00080,18-07-2024,P0100,Product P0100,2,25.31,East
INV00002037,C01460,18-07-2024,P0155,Product P0155,2,173.68,East
INV00001079,C01045,18-07-2024,P0223,Product P0223,3,22.39,South
INV00002801,C01983,18-07-2024,P0264,Product P0264,5,106.2,North
INV00008768,C01180,18-07-2024,P0279,Product P0279,1,52.59,East
INV00005506,C02094,18-07-2024,P0271,Product P0271,3,135.49,North
INV00004965,C02362,18-07-2024,P0007,Product P0007,5,43.92,South
INV00009325,C01020,18-07-2024,P0178,Product P0178,4,59.7,East
INV00000616,C01599,19-07-2024,P0089,Product P0089,1,136.18,West
INV00004660,C01245,19-07-2024,P0128,Product P0128,3,24.36,West
INV00003744,C01100,19-07-2024,P0171,Product P0171,4,170.8,North
INV00003133,C01901,19-07-2024,P0216,Product P0216,4,36.41,West
INV00004103,C00476,19-07-2024,P0100,Product P0100,3,113.54,East
INV00008608,C00876,19-07-2024,P0171,Product P0171,2,54.42,East
INV00000537,C01140,19-07-2024,P0039,Product P0039,3,95.64,East
INV00004024,C00717,19-07-2024,P0293,Product P0293,1,94.86,East
INV00003374,C01258,19-07-2024,P0283,Product P0283,1,79.14,East
INV00009690,C00988,20-07-2024,P0064,Product P0064,1,130.21,East
INV00003573,C01723,20-07-2024,P0029,Product P0029,1,77.52,South
INV00005601,C00843,20-07-2024,P0291,Product P0291,2,116.33,North
INV00000078,C00568,20-07-2024,P0266,Product P0266,3,130.09,North
INV00001749,C02013,20-07-2024,P0024,Product P0024,4,117.99,North
INV00009291,C01429,20-07-2024,P0231,Product P0231,2,100.46,South
INV00002889,C00372,20-07-2024,P0256,Product P0256,3,153.63,North
INV00007382,C00098,20-07-2024,P0152,Product P0152,1,49.43,South
INV00002850,C00904,20-07-2024,P0025,Product P0025,1,97.25,West
INV00006789,C00618,20-07-2024,P0126,Product P0126,1,150.34,East
INV00003493,C00929,20-07-2024,P0111,Product P0111,5,6.53,North
INV00006034,C02371,20-07-2024,P0230,Product P0230,4,141.32,West
INV00004214,C01784,20-07-2024,P0193,Product P0193,4,92.18,South
INV00006575,C00342,21-07-2024,P0117,Product P0117,1,137.81,North
INV00001043,C01039,21-07-2024,P0086,Product P0086,4,37.92,West
INV00007822,C01279,21-07-2024,P0111,Product P0111,4,121.44,South
INV00005637,C00637,21-07-2024,P0110,Product P0110,4,35.22,South
INV00004498,C00971,21-07-2024,P0237,Product P0237,3,151.17,South
INV00001588,C00196,21-07-2024,P0035,Product P0035,5,179.84,North
INV00003317,C01581,21-07-2024,P0163,Product P0163,4,8.33,East
INV00005434,C01258,21-07-2024,P0162,Product P0162,3,160.7,South
INV00004944,C02161,21-07-2024,P0245,Product P0245,2,63.66,North
INV00008422,C01749,21-07-2024,P0284,Product P0284,4,5.99,South
INV00008678,C01279,21-07-2024,P0174,Product P0174,2,32.83,South
INV00007617,C01543,21-07-2024,P0079,Product P0079,1,87.09,South
INV00000119,C00614,21-07-2024,P0153,Product P0153,3,81.99,South
INV00006494,C00864,21-07-2024,P0047,Product P0047,5,164.73,South
INV00008923,C01634,21-07-2024,P0104,Product P0104,4,93.15,East
INV00002828,C02359,21-07-2024,P0285,Product P0285,3,81.7,South
INV00007273,C01420,21-07-2024,P0195,Product P0195,1,54.55,West
INV00007607,C01267,21-07-2024,P0292,Product P0292,1,40.58,South
INV00008653,C00806,22-07-2024,P0140,Product P0140,1,155.57,North
INV00007904,C02398,22-07-2024,P0151,Product P0151,4,145.34,South
INV00008989,C00016,22-07-2024,P0201,Product P0201,5,112.53,North
INV00004420,C00261,22-07-2024,P0188,Product P0188,1,154.85,West
INV00000712,C01307,22-07-2024,P0279,Product P0279,4,77.15,North
INV00003091,C00859,22-07-2024,P0022,Product P0022,4,136.89,West
INV00003239,C02208,22-07-2024,P0005,Product P0005,3,65.86,West
INV00007184,C00821,22-07-2024,P0014,Product P0014,4,37.45,South
INV00002089,C00763,22-07-2024,P0235,Product P0235,5,94.96,North
INV00008670,C02101,22-07-2024,P0198,Product P0198,1,57.21,East
INV00006075,C02279,22-07-2024,P0014,Product P0014,5,17.95,South
INV00002337,C01137,22-07-2024,P0291,Product P0291,1,166.25,East
INV00005967,C01796,22-07-2024,P0120,Product P0120,5,109.92,North
INV00009712,C02374,23-07-2024,P0029,Product P0029,4,168.41,West
INV00001719,C01033,23-07-2024,P0281,Product P0281,1,114.9,West
INV00009399,C02222,23-07-2024,P0095,Product P0095,1,136.25,East
INV00000198,C00296,23-07-2024,P0249,Product P0249,1,21.01,West
INV00002360,C00521,23-07-2024,P0130,Product P0130,3,158.88,North
INV00004084,C01969,23-07-2024,P0060,Product P0060,5,44.78,West
INV00007236,C00400,23-07-2024,P0206,Product P0206,5,59.43,East
INV00009765,C01901,23-07-2024,P0287,Product P0287,3,67.84,South
INV00008814,C02299,23-07-2024,P0147,Product P0147,2,68.45,North
INV00002392,C00481,23-07-2024,P0125,Product P0125,4,65.56,South
INV00001426,C02037,23-07-2024,P0295,Product P0295,3,26.75,East
INV00004264,C01892,23-07-2024,P0200,Product P0200,1,62.16,East
INV00004725,C00727,24-07-2024,P0215,Product P0215,1,46.14,South
INV00008537,C01389,24-07-2024,P0147,Product P0147,2,8.81,South
INV00002257,C01992,24-07-2024,P0285,Product P0285,1,91.11,South
INV00007815,C01148,24-07-2024,P0024,Product P0024,3,166.13,South
INV00000704,C00429,24-07-2024,P0226,Product P0226,3,149.76,North
INV00007458,C01775,24-07-2024,P0038,Product P0038,1,48.44,East
INV00008005,C02363,24-07-2024,P0012,Product P0012,2,21.7,West
INV00002373,C00153,24-07-2024,P0007,Product P0007,2,135.93,East
INV00006222,C00755,24-07-2024,P0089,Product P0089,3,53.67,West
INV00006662,C02361,24-07-2024,P0058,Product P0058,2,174.86,West
INV00004360,C02425,25-07-2024,P0098,Product P0098,2,106.06,West
INV00000466,C02416,25-07-2024,P0122,Product P0122,2,14.69,South
INV00007947,C01793,25-07-2024,P0254,Product P0254,2,76.22,West
INV00004652,C02466,25-07-2024,P0105,Product P0105,1,53.87,West
INV00002852,C00979,25-07-2024,P0007,Product P0007,4,116.55,West
INV00006469,C01286,25-07-2024,P0275,Product P0275,2,156.69,West
INV00004952,C00126,25-07-2024,P0157,Product P0157,4,105.27,North
INV00001069,C00835,25-07-2024,P0125,Product P0125,2,53.9,North
INV00007614,C01666,25-07-2024,P0008,Product P0008,1,156.48,North
INV00000793,C01807,25-07-2024,P0093,Product P0093,1,169.7,South
INV00007093,C01055,25-07-2024,P0259,Product P0259,1,148.6,West
INV00009845,C01822,25-07-2024,P0166,Product P0166,1,139.93,East
INV00009479,C00731,25-07-2024,P0083,Product P0083,3,146.04,West
INV00003296,C01991,25-07-2024,P0008,Product P0008,2,168.83,West
INV00007749,C01455,25-07-2024,P0117,Product P0117,2,69.81,West
INV00005479,C00234,26-07-2024,P0011,Product P0011,4,91.35,West
INV00001108,C02268,26-07-2024,P0053,Product P0053,1,126.69,North
INV00008370,C02297,26-07-2024,P0227,Product P0227,5,12.06,North
INV00001055,C00192,26-07-2024,P0042,Product P0042,5,78.85,East
INV00000420,C01266,26-07-2024,P0022,Product P0022,2,6.18,East
INV00006316,C00143,26-07-2024,P0065,Product P0065,3,131.09,North
INV00004089,C02458,27-07-2024,P0030,Product P0030,4,56.53,East
INV00004520,C01073,27-07-2024,P0016,Product P0016,4,80.64,West
INV00005002,C00085,27-07-2024,P0151,Product P0151,4,179.26,South
INV00005721,C02450,27-07-2024,P0226,Product P0226,2,50.97,South
INV00004385,C00959,27-07-2024,P0208,Product P0208,3,11.52,South
INV00007520,C00413,27-07-2024,P0058,Product P0058,3,71.63,West
INV00007549,C01173,27-07-2024,P0025,Product P0025,4,157.88,East
INV00002875,C00959,27-07-2024,P0261,Product P0261,3,22.32,South
INV00002399,C00630,27-07-2024,P0290,Product P0290,2,145.24,East
INV00000847,C00391,27-07-2024,P0009,Product P0009,3,59.4,South
INV00006877,C01102,27-07-2024,P0123,Product P0123,2,124.94,West
INV00009304,C02007,27-07-2024,P0241,Product P0241,1,9.36,South
INV00009956,C00521,27-07-2024,P0253,Product P0253,3,110.49,South
INV00006493,C00741,27-07-2024,P0146,Product P0146,1,165.96,West
INV00003769,C02020,28-07-2024,P0219,Product P0219,4,124.21,East
INV00009177,C00182,28-07-2024,P0268,Product P0268,2,35.03,East
INV00008878,C00741,28-07-2024,P0156,Product P0156,2,147.92,North
INV00009410,C00335,28-07-2024,P0093,Product P0093,1,158.4,North
INV00000212,C01793,28-07-2024,P0136,Product P0136,2,46.48,West
INV00001663,C00464,28-07-2024,P0266,Product P0266,3,47.44,South
INV00008192,C00809,28-07-2024,P0180,Product P0180,2,65.75,North
INV00008214,C01781,28-07-2024,P0061,Product P0061,4,57.73,South
INV00009886,C01489,29-07-2024,P0236,Product P0236,4,34.54,West
INV00006061,C01173,29-07-2024,P0005,Product P0005,3,167.81,East
INV00000957,C01002,29-07-2024,P0158,Product P0158,4,130.73,East
INV00008276,C02140,29-07-2024,P0188,Product P0188,5,37.91,East
INV00004924,C01698,29-07-2024,P0172,Product P0172,2,108.82,West
INV00008541,C01268,29-07-2024,P0076,Product P0076,4,172.65,West
INV00002524,C01004,29-07-2024,P0042,Product P0042,5,80.7,South
INV00007783,C02108,29-07-2024,P0025,Product P0025,3,174.77,West
INV00001875,C01022,29-07-2024,P0171,Product P0171,4,125.33,East
INV00006156,C01528,30-07-2024,P0073,Product P0073,4,34.58,North
INV00003598,C01386,30-07-2024,P0167,Product P0167,1,60.06,South
INV00006029,C01321,30-07-2024,P0067,Product P0067,5,144.52,North
INV00002884,C00123,30-07-2024,P0274,Product P0274,2,4.99,North
INV00002597,C01252,30-07-2024,P0230,Product P0230,5,13.42,South
INV00001389,C02228,30-07-2024,P0050,Product P0050,1,118.8,East
INV00001325,C02166,30-07-2024,P0088,Product P0088,3,29.27,West
INV00006044,C01856,30-07-2024,P0080,Product P0080,3,34.14,West
INV00000596,C02006,30-07-2024,P0073,Product P0073,3,10.62,North
INV00003568,C00384,30-07-2024,P0019,Product P0019,4,51.57,West
INV00003462,C02363,30-07-2024,P0242,Product P0242,5,72.2,North
INV00004619,C01583,30-07-2024,P0052,Product P0052,4,47.33,West
INV00008073,C01642,30-07-2024,P0167,Product P0167,4,66.8,East
INV00003346,C01900,31-07-2024,P0154,Product P0154,3,51.76,North
INV00006905,C01600,31-07-2024,P0291,Product P0291,1,42.24,East
INV00003162,C02225,31-07-2024,P0247,Product P0247,3,134.58,South
INV00001247,C02150,31-07-2024,P0050,Product P0050,3,98.37,South
INV00004998,C02049,31-07-2024,P0199,Product P0199,2,153.17,East
INV00004773,C00444,31-07-2024,P0126,Product P0126,2,94.37,South
INV00004771,C00739,31-07-2024,P0070,Product P0070,3,34.72,West
INV00001707,C02459,31-07-2024,P0289,Product P0289,2,63.65,South
INV00004540,C02174,31-07-2024,P0108,Product P0108,1,105.35,South
INV00007644,C01570,31-07-2024,P0121,Product P0121,5,172.43,North
INV00007689,C00106,31-07-2024,P0099,Product P0099,3,31.84,East
INV00009191,C00332,31-07-2024,P0063,Product P0063,1,139.33,East
INV00007487,C02012,31-07-2024,P0220,Product P0220,5,25.9,East
INV00008459,C01025,31-07-2024,P0080,Product P0080,1,33.21,North
INV00004307,C01849,31-07-2024,P0252,Product P0252,3,41.3,East
INV00001577,C01371,31-07-2024,P0236,Product P0236,1,13.58,South
INV00001109,C02352,31-07-2024,P0069,Product P0069,1,157.09,East
INV00007186,C02015,01-08-2024,P0262,Product P0262,4,14.31,West
INV00008850,C01481,01-08-2024,P0182,Product P0182,2,54.27,North
INV00009548,C01117,01-08-2024,P0164,Product P0164,2,55.1,West
INV00006083,C00590,01-08-2024,P0008,Product P0008,3,55.9,West
INV00002672,C02140,01-08-2024,P0114,Product P0114,1,89.04,West
INV00002192,C01025,01-08-2024,P0113,Product P0113,5,94.76,East
INV00008362,C01815,01-08-2024,P0129,Product P0129,3,172.44,South
INV00008045,C01041,01-08-2024,P0183,Product P0183,2,131.05,North
INV00001530,C02298,01-08-2024,P0141,Product P0141,4,11.03,South
INV00002185,C01585,01-08-2024,P0016,Product P0016,5,101.23,North
INV00001931,C00224,01-08-2024,P0068,Product P0068,4,161.68,South
INV00009335,C02347,01-08-2024,P0286,Product P0286,5,120.87,South
INV00006272,C01903,01-08-2024,P0126,Product P0126,5,171.1,East
INV00004331,C00463,01-08-2024,P0019,Product P0019,3,132.28,South
INV00003076,C01870,01-08-2024,P0177,Product P0177,1,146.49,South
INV00005406,C00970,02-08-2024,P0166,Product P0166,4,165.19,North
INV00003438,C01647,02-08-2024,P0188,Product P0188,3,164.89,North
INV00003788,C00053,02-08-2024,P0064,Product P0064,4,5.51,East
INV00003115,C00913,02-08-2024,P0210,Product P0210,2,45.17,South
INV00000259,C00438,02-08-2024,P0153,Product P0153,2,39.19,East
INV00000024,C02317,02-08-2024,P0160,Product P0160,3,122.06,South
INV00001772,C00944,02-08-2024,P0013,Product P0013,2,168.28,South
INV00005548,C00123,02-08-2024,P0286,Product P0286,1,88.95,East
INV00007312,C00208,02-08-2024,P0063,Product P0063,1,168.36,West
INV00001148,C01922,02-08-2024,P0259,Product P0259,3,39.47,North
INV00001557,C02242,02-08-2024,P0109,Product P0109,2,41.62,South
INV00000386,C00307,03-08-2024,P0037,Product P0037,2,106.32,South
INV00002174,C01912,03-08-2024,P0148,Product P0148,4,49.81,North
INV00002085,C00329,03-08-2024,P0226,Product P0226,1,161.03,South
INV00001112,C00583,03-08-2024,P0264,Product P0264,5,97.62,East
INV00003426,C02450,03-08-2024,P0094,Product P0094,1,21.64,North
INV00005919,C01703,03-08-2024,P0096,Product P0096,4,37.35,West
INV00009853,C02124,03-08-2024,P0220,Product P0220,3,22.88,East
INV00007657,C02008,03-08-2024,P0152,Product P0152,2,15.69,West
INV00009730,C01656,03-08-2024,P0018,Product P0018,1,70.73,North
INV00000185,C01240,03-08-2024,P0251,Product P0251,1,176.12,West
INV00001948,C02293,03-08-2024,P0299,Product P0299,3,71.57,East
INV00007130,C02434,03-08-2024,P0125,Product P0125,4,143.91,South
INV00007969,C00023,03-08-2024,P0150,Product P0150,2,7.72,North
INV00005690,C00524,03-08-2024,P0033,Product P0033,1,95.74,West
INV00001560,C02139,03-08-2024,P0027,Product P0027,3,7.02,East
INV00004321,C01649,03-08-2024,P0298,Product P0298,1,47.9,West
INV00004595,C01542,03-08-2024,P0010,Product P0010,5,101.88,South
INV00002477,C01304,03-08-2024,P0026,Product P0026,4,135,North
INV00004847,C02095,03-08-2024,P0210,Product P0210,1,153.67,South
INV00008468,C01933,04-08-2024,P0273,Product P0273,2,157.28,East
INV00001428,C02257,04-08-2024,P0206,Product P0206,1,26.38,South
INV00007033,C02292,04-08-2024,P0187,Product P0187,2,157.1,South
INV00005589,C02021,04-08-2024,P0259,Product P0259,5,12.15,North
INV00000131,C01414,04-08-2024,P0086,Product P0086,4,142.47,North
INV00006604,C00798,04-08-2024,P0118,Product P0118,5,67.35,North
INV00003632,C01365,04-08-2024,P0058,Product P0058,4,133.84,East
INV00002112,C01687,04-08-2024,P0012,Product P0012,4,133.1,West
INV00003236,C01428,04-08-2024,P0256,Product P0256,1,126.3,North
INV00004227,C01124,04-08-2024,P0019,Product P0019,2,12.99,South
INV00002249,C00390,04-08-2024,P0297,Product P0297,1,67.31,North
INV00004025,C01137,04-08-2024,P0178,Product P0178,4,150.89,North
INV00001902,C01328,05-08-2024,P0105,Product P0105,2,6.38,South
INV00002467,C00753,05-08-2024,P0246,Product P0246,5,29.61,North
INV00005561,C01190,05-08-2024,P0024,Product P0024,3,178.07,North
INV00003247,C01920,05-08-2024,P0005,Product P0005,5,128.09,West
INV00008864,C02255,05-08-2024,P0062,Product P0062,4,114.31,West
INV00005510,C02206,05-08-2024,P0128,Product P0128,5,62.22,East
INV00000743,C01587,05-08-2024,P0148,Product P0148,5,137.51,North
INV00007120,C01286,05-08-2024,P0263,Product P0263,4,102.43,West
INV00006366,C01229,05-08-2024,P0153,Product P0153,1,155.23,West
INV00003625,C02082,05-08-2024,P0024,Product P0024,5,74.15,East
INV00005614,C00822,05-08-2024,P0235,Product P0235,5,53.29,South
INV00000327,C00592,05-08-2024,P0261,Product P0261,3,52.83,South
INV00006953,C02017,05-08-2024,P0154,Product P0154,1,169.47,North
INV00005416,C00575,05-08-2024,P0139,Product P0139,1,127.05,South
INV00007191,C01189,06-08-2024,P0096,Product P0096,5,123.63,West
INV00003960,C00539,06-08-2024,P0212,Product P0212,5,64.62,East
INV00002062,C01405,06-08-2024,P0111,Product P0111,2,29.44,West
INV00000977,C00239,06-08-2024,P0188,Product P0188,2,86.74,West
INV00002461,C00851,06-08-2024,P0139,Product P0139,2,146.42,East
INV00007112,C01998,06-08-2024,P0044,Product P0044,1,132.81,West
INV00003913,C00479,06-08-2024,P0080,Product P0080,3,177.59,South
INV00004246,C00699,06-08-2024,P0287,Product P0287,1,25.04,North
INV00004597,C02248,06-08-2024,P0186,Product P0186,3,84.67,West
INV00009011,C01148,06-08-2024,P0259,Product P0259,5,175.34,North
INV00001499,C01169,07-08-2024,P0015,Product P0015,2,177.52,East
INV00009995,C02399,07-08-2024,P0219,Product P0219,5,33.7,South
INV00009671,C01691,07-08-2024,P0125,Product P0125,3,135.74,South
INV00007812,C01672,07-08-2024,P0072,Product P0072,5,122.2,South
INV00008177,C00383,07-08-2024,P0009,Product P0009,2,9.74,East
INV00000862,C02320,07-08-2024,P0108,Product P0108,1,159.22,East
INV00007711,C00658,07-08-2024,P0182,Product P0182,1,113.02,North
INV00002452,C02226,07-08-2024,P0035,Product P0035,2,7.46,East
INV00001797,C02440,08-08-2024,P0135,Product P0135,3,102.35,North
INV00006249,C00157,08-08-2024,P0282,Product P0282,5,49.6,East
INV00004536,C01270,08-08-2024,P0189,Product P0189,1,154.64,North
INV00008616,C00861,08-08-2024,P0279,Product P0279,5,134.45,East
INV00006652,C02118,08-08-2024,P0065,Product P0065,3,91.1,West
INV00000313,C00298,08-08-2024,P0127,Product P0127,2,68.47,South
INV00009542,C01611,08-08-2024,P0113,Product P0113,2,90.94,East
INV00003485,C01020,08-08-2024,P0092,Product P0092,5,144.26,South
INV00004994,C01381,08-08-2024,P0100,Product P0100,3,40.37,South
INV00004368,C00356,09-08-2024,P0108,Product P0108,4,161.31,North
INV00006418,C00274,09-08-2024,P0192,Product P0192,3,142.72,South
INV00004237,C02362,09-08-2024,P0266,Product P0266,4,123.68,North
INV00002214,C00290,09-08-2024,P0294,Product P0294,4,170.68,East
INV00006837,C01790,09-08-2024,P0054,Product P0054,5,104.52,South
INV00000267,C01118,09-08-2024,P0100,Product P0100,4,68.56,West
INV00009817,C00624,09-08-2024,P0152,Product P0152,1,89.31,South
INV00003441,C02370,09-08-2024,P0253,Product P0253,1,179.48,East
INV00006174,C00514,09-08-2024,P0282,Product P0282,2,160.24,North
INV00009426,C01530,09-08-2024,P0258,Product P0258,5,118.47,East
INV00004472,C02191,09-08-2024,P0235,Product P0235,5,140.87,North
INV00003202,C02284,09-08-2024,P0006,Product P0006,5,58.29,North
INV00001015,C01299,09-08-2024,P0143,Product P0143,5,96.87,South
INV00004687,C02371,09-08-2024,P0072,Product P0072,4,87.93,North
INV00002390,C02183,09-08-2024,P0014,Product P0014,4,175.83,North
INV00006693,C02072,09-08-2024,P0092,Product P0092,4,147.57,East
INV00003203,C01924,10-08-2024,P0254,Product P0254,5,58.77,East
INV00009653,C02096,10-08-2024,P0255,Product P0255,5,22.66,North
INV00000221,C00319,10-08-2024,P0105,Product P0105,2,36.85,East
INV00002018,C01816,10-08-2024,P0235,Product P0235,2,89.61,West
INV00003825,C01485,10-08-2024,P0172,Product P0172,2,38.58,West
INV00003931,C01773,10-08-2024,P0280,Product P0280,3,157.76,North
INV00004846,C01914,10-08-2024,P0085,Product P0085,3,67.01,East
INV00007782,C00357,10-08-2024,P0236,Product P0236,5,5.54,North
INV00005852,C01475,10-08-2024,P0059,Product P0059,1,149.19,South
INV00005710,C01896,10-08-2024,P0079,Product P0079,5,120.49,South
INV00000282,C01217,10-08-2024,P0187,Product P0187,1,26.22,West
INV00001386,C00588,10-08-2024,P0161,Product P0161,1,66.18,West
INV00004839,C02127,10-08-2024,P0063,Product P0063,3,92.75,West
INV00005729,C01038,10-08-2024,P0028,Product P0028,1,177.47,South
INV00003630,C02075,11-08-2024,P0151,Product P0151,3,145.8,East
INV00000556,C01262,11-08-2024,P0216,Product P0216,3,105.46,East
INV00001259,C01352,11-08-2024,P0193,Product P0193,4,148.94,West
INV00002991,C01141,11-08-2024,P0027,Product P0027,5,4.91,East
INV00002822,C02076,11-08-2024,P0006,Product P0006,1,38.98,West
INV00008026,C02325,11-08-2024,P0267,Product P0267,4,55.87,South
INV00007377,C01515,11-08-2024,P0050,Product P0050,2,76.5,West
INV00008319,C00577,11-08-2024,P0063,Product P0063,5,26.78,East
INV00002329,C00066,12-08-2024,P0084,Product P0084,3,14.96,East
INV00006179,C01999,12-08-2024,P0071,Product P0071,2,7.67,West
INV00009141,C01254,12-08-2024,P0199,Product P0199,1,136.52,North
INV00009893,C00122,12-08-2024,P0225,Product P0225,2,126.35,South
INV00000671,C02382,12-08-2024,P0085,Product P0085,4,148.67,North
INV00009262,C00683,12-08-2024,P0237,Product P0237,2,152.33,West
INV00002281,C01908,12-08-2024,P0208,Product P0208,4,14.57,North
INV00006602,C02357,12-08-2024,P0212,Product P0212,4,74.34,North
INV00002499,C00081,12-08-2024,P0072,Product P0072,5,23.37,East
INV00001216,C00286,12-08-2024,P0180,Product P0180,5,120.8,North
INV00008183,C01865,12-08-2024,P0011,Product P0011,2,62.51,North
INV00008157,C00147,12-08-2024,P0225,Product P0225,4,7.47,South
INV00000448,C02390,12-08-2024,P0031,Product P0031,4,88.6,South
INV00004500,C00864,12-08-2024,P0181,Product P0181,3,158.72,East
INV00007699,C00184,12-08-2024,P0053,Product P0053,2,37.56,West
INV00005924,C02425,12-08-2024,P0078,Product P0078,4,70.93,East
INV00002905,C01630,12-08-2024,P0278,Product P0278,4,140.17,South
INV00008015,C01994,13-08-2024,P0262,Product P0262,4,32.63,North
INV00009595,C01117,13-08-2024,P0048,Product P0048,3,144.35,South
INV00004037,C01714,13-08-2024,P0158,Product P0158,3,48.77,West
INV00001001,C02021,13-08-2024,P0255,Product P0255,1,120.46,North
INV00006585,C01822,13-08-2024,P0033,Product P0033,2,19.58,South
INV00006326,C00357,13-08-2024,P0070,Product P0070,5,143.37,West
INV00003033,C01409,13-08-2024,P0192,Product P0192,3,44.75,East
INV00005483,C00755,13-08-2024,P0235,Product P0235,5,18.93,South
INV00002013,C00383,13-08-2024,P0186,Product P0186,3,175.27,South
INV00003216,C00662,13-08-2024,P0067,Product P0067,2,158.05,South
INV00003888,C00442,14-08-2024,P0179,Product P0179,2,32.59,North
INV00007461,C01361,14-08-2024,P0034,Product P0034,4,117.07,West
INV00002225,C01003,14-08-2024,P0144,Product P0144,4,129.74,South
INV00001269,C02383,14-08-2024,P0258,Product P0258,1,147.96,West
INV00006221,C00704,14-08-2024,P0168,Product P0168,4,16.47,South
INV00000801,C00031,14-08-2024,P0156,Product P0156,3,130.54,West
INV00003024,C00497,14-08-2024,P0045,Product P0045,5,123.41,North
INV00007599,C00039,14-08-2024,P0090,Product P0090,2,102.13,North
INV00009202,C01558,14-08-2024,P0159,Product P0159,4,103.2,East
INV00001847,C01007,14-08-2024,P0247,Product P0247,3,49.21,North
INV00004790,C01488,14-08-2024,P0257,Product P0257,1,88.59,South
INV00006421,C01568,14-08-2024,P0213,Product P0213,1,177.9,North
INV00008339,C01598,15-08-2024,P0217,Product P0217,4,139.38,South
INV00000700,C00238,15-08-2024,P0062,Product P0062,5,24.92,East
INV00000893,C01307,15-08-2024,P0073,Product P0073,4,64.43,West
INV00008469,C01769,15-08-2024,P0230,Product P0230,2,136.82,West
INV00005607,C01128,15-08-2024,P0210,Product P0210,4,83.49,East
INV00002179,C01566,15-08-2024,P0011,Product P0011,3,155.74,East
INV00004199,C02382,15-08-2024,P0235,Product P0235,3,134.52,East
INV00000807,C01363,15-08-2024,P0221,Product P0221,5,149.36,West
INV00003217,C00014,15-08-2024,P0164,Product P0164,4,122.14,West
INV00000910,C00230,15-08-2024,P0280,Product P0280,2,79.6,West
INV00005896,C01996,15-08-2024,P0125,Product P0125,3,113.09,North
INV00003755,C00095,15-08-2024,P0270,Product P0270,1,21.74,West
INV00008329,C00410,15-08-2024,P0118,Product P0118,5,31.56,West
INV00001787,C00496,15-08-2024,P0161,Product P0161,1,64.76,North
INV00000836,C01942,15-08-2024,P0288,Product P0288,1,133.38,East
INV00002652,C02197,15-08-2024,P0056,Product P0056,2,131.01,West
INV00000553,C02071,15-08-2024,P0276,Product P0276,1,109.67,East
INV00004128,C00227,16-08-2024,P0019,Product P0019,4,53.76,West
INV00006622,C02334,16-08-2024,P0269,Product P0269,3,30.13,North
INV00009571,C02376,16-08-2024,P0016,Product P0016,1,114.52,East
INV00006768,C01393,16-08-2024,P0094,Product P0094,1,60.82,South
INV00001601,C00754,16-08-2024,P0268,Product P0268,1,62.65,East
INV00008553,C01271,16-08-2024,P0202,Product P0202,5,29.41,West
INV00003160,C02183,16-08-2024,P0288,Product P0288,3,74.8,North
INV00002007,C01086,16-08-2024,P0167,Product P0167,2,144.47,South
INV00004110,C00810,16-08-2024,P0038,Product P0038,5,40.5,North
INV00003092,C00981,16-08-2024,P0254,Product P0254,4,115.12,East
INV00005293,C00849,16-08-2024,P0141,Product P0141,4,70.96,East
INV00007287,C01646,16-08-2024,P0058,Product P0058,3,136.26,North
INV00009421,C01176,16-08-2024,P0174,Product P0174,5,161.37,East
INV00009365,C00855,17-08-2024,P0281,Product P0281,3,83.86,South
INV00006037,C01456,17-08-2024,P0090,Product P0090,4,110.76,North
INV00005615,C01429,17-08-2024,P0208,Product P0208,2,63.43,South
INV00000522,C00366,17-08-2024,P0196,Product P0196,5,113.84,West
INV00006898,C00821,17-08-2024,P0034,Product P0034,5,166.61,South
INV00000511,C02487,17-08-2024,P0177,Product P0177,1,19.53,West
INV00008867,C00251,17-08-2024,P0195,Product P0195,1,131.61,North
INV00000956,C01528,17-08-2024,P0136,Product P0136,3,160.38,West
INV00004714,C01223,17-08-2024,P0213,Product P0213,5,46.91,East
INV00000393,C00919,17-08-2024,P0202,Product P0202,2,154.36,North
INV00003947,C00059,17-08-2024,P0254,Product P0254,1,124.23,North
INV00005709,C01341,17-08-2024,P0013,Product P0013,5,169.9,West
INV00002417,C01548,17-08-2024,P0278,Product P0278,4,24.3,South
INV00003545,C00094,17-08-2024,P0268,Product P0268,3,148.22,East
INV00005805,C00769,17-08-2024,P0239,Product P0239,3,39.78,South
INV00002453,C00238,17-08-2024,P0257,Product P0257,1,170.93,South
INV00004044,C00272,18-08-2024,P0294,Product P0294,3,83.12,South
INV00008603,C00626,18-08-2024,P0261,Product P0261,4,103.02,East
INV00004940,C00847,18-08-2024,P0180,Product P0180,2,72.07,North
INV00006137,C00358,18-08-2024,P0257,Product P0257,1,30.75,North
INV00003028,C01869,18-08-2024,P0226,Product P0226,1,35.37,North
INV00009175,C01064,18-08-2024,P0060,Product P0060,1,42.29,West
INV00005842,C02499,18-08-2024,P0196,Product P0196,3,20.14,North
INV00008493,C01144,19-08-2024,P0144,Product P0144,4,31.92,South
INV00006998,C00981,19-08-2024,P0167,Product P0167,1,87.83,West
INV00005171,C01505,19-08-2024,P0290,Product P0290,1,123.87,North
INV00003382,C01968,19-08-2024,P0136,Product P0136,2,18.53,West
INV00004216,C02483,19-08-2024,P0171,Product P0171,1,164.12,West
INV00000116,C01422,19-08-2024,P0165,Product P0165,2,97.57,South
INV00009085,C01035,19-08-2024,P0084,Product P0084,5,65.04,North
INV00005203,C02092,19-08-2024,P0031,Product P0031,5,164.53,West
INV00005835,C00639,19-08-2024,P0163,Product P0163,3,18.52,West
INV00002383,C02295,19-08-2024,P0065,Product P0065,3,167.77,East
INV00004260,C00064,19-08-2024,P0092,Product P0092,5,44.42,North
INV00000138,C00078,19-08-2024,P0083,Product P0083,2,48.33,East
INV00004090,C02453,19-08-2024,P0289,Product P0289,1,81.56,West
INV00006382,C00488,20-08-2024,P0201,Product P0201,2,112.22,West
INV00003887,C00209,20-08-2024,P0088,Product P0088,3,106.16,South
INV00001208,C01802,20-08-2024,P0274,Product P0274,4,61.08,East
INV00004340,C01257,20-08-2024,P0007,Product P0007,4,134.31,North
INV00003818,C02007,20-08-2024,P0297,Product P0297,3,21.45,East
INV00002261,C00060,20-08-2024,P0031,Product P0031,5,113.45,West
INV00009401,C01196,20-08-2024,P0105,Product P0105,4,175.18,North
INV00006750,C01269,20-08-2024,P0191,Product P0191,5,95.85,South
INV00001184,C01121,20-08-2024,P0238,Product P0238,5,12.77,North
INV00005531,C01479,20-08-2024,P0088,Product P0088,3,107.92,West
INV00008470,C00168,20-08-2024,P0035,Product P0035,1,107.35,West
INV00002444,C00531,20-08-2024,P0065,Product P0065,4,127.76,West
INV00005069,C00089,20-08-2024,P0078,Product P0078,4,83.41,North
INV00000971,C00747,21-08-2024,P0079,Product P0079,5,56.73,South
INV00007517,C00032,21-08-2024,P0048,Product P0048,4,114.87,West
INV00009058,C00586,21-08-2024,P0245,Product P0245,2,8.74,East
INV00002497,C02003,21-08-2024,P0107,Product P0107,3,166.18,North
INV00002545,C02014,21-08-2024,P0185,Product P0185,1,114.18,North
INV00007386,C00231,21-08-2024,P0004,Product P0004,1,11.9,South
INV00001446,C00090,21-08-2024,P0021,Product P0021,1,117.42,North
INV00007283,C01784,21-08-2024,P0155,Product P0155,2,96.8,South
INV00006286,C02491,21-08-2024,P0086,Product P0086,1,26.79,East
INV00006237,C02028,21-08-2024,P0072,Product P0072,2,69.44,South
INV00003499,C00308,21-08-2024,P0034,Product P0034,4,164.11,North
INV00000380,C00657,21-08-2024,P0172,Product P0172,2,156.74,North
INV00001943,C02186,21-08-2024,P0117,Product P0117,2,43.62,North
INV00006164,C00285,22-08-2024,P0185,Product P0185,3,20.16,North
INV00005386,C02190,22-08-2024,P0123,Product P0123,5,168.65,West
INV00004665,C00782,22-08-2024,P0130,Product P0130,2,41.24,East
INV00005177,C00501,22-08-2024,P0222,Product P0222,3,122.61,West
INV00006993,C00578,22-08-2024,P0004,Product P0004,2,121.98,East
INV00009073,C00052,22-08-2024,P0139,Product P0139,2,41.98,South
INV00005214,C01536,22-08-2024,P0234,Product P0234,4,165.46,East
INV00003943,C02320,22-08-2024,P0268,Product P0268,4,59.97,North
INV00006747,C00031,23-08-2024,P0267,Product P0267,4,95.92,South
INV00004345,C00937,23-08-2024,P0050,Product P0050,1,118.13,East
INV00009824,C01165,23-08-2024,P0191,Product P0191,3,27.24,East
INV00006561,C01589,23-08-2024,P0157,Product P0157,2,42.71,South
INV00000099,C01592,23-08-2024,P0192,Product P0192,1,150.02,South
INV00008020,C01531,23-08-2024,P0010,Product P0010,4,53.06,East
INV00005959,C01530,23-08-2024,P0118,Product P0118,1,64.4,East
INV00002325,C01867,23-08-2024,P0277,Product P0277,2,52.23,West
INV00009165,C02366,23-08-2024,P0288,Product P0288,2,109.35,West
INV00006298,C02147,23-08-2024,P0248,Product P0248,3,47.11,East
INV00000486,C00582,23-08-2024,P0092,Product P0092,2,149.45,North
INV00005401,C02129,23-08-2024,P0288,Product P0288,1,47.74,South
INV00004297,C01114,23-08-2024,P0106,Product P0106,5,50.67,East
INV00001936,C00409,24-08-2024,P0086,Product P0086,5,109.05,East
INV00006023,C00794,24-08-2024,P0168,Product P0168,5,27.5,West
INV00000454,C00063,24-08-2024,P0042,Product P0042,4,24.66,North
INV00008104,C01673,24-08-2024,P0175,Product P0175,5,140.46,South
INV00005117,C00639,24-08-2024,P0186,Product P0186,4,70.11,North
INV00002581,C00960,24-08-2024,P0151,Product P0151,2,38.47,West
INV00004948,C01300,24-08-2024,P0139,Product P0139,1,14.59,North
INV00002084,C01669,24-08-2024,P0002,Product P0002,2,168.84,North
INV00008450,C00547,24-08-2024,P0015,Product P0015,3,110.35,South
INV00002637,C00839,24-08-2024,P0265,Product P0265,1,38.88,North
INV00002642,C01242,24-08-2024,P0070,Product P0070,2,171.07,West
INV00009210,C01750,24-08-2024,P0055,Product P0055,5,46.11,South
INV00000003,C01637,24-08-2024,P0157,Product P0157,2,57.51,West
INV00000215,C01843,24-08-2024,P0247,Product P0247,1,52.66,North
INV00008465,C01173,25-08-2024,P0240,Product P0240,2,70.61,North
INV00000430,C01789,25-08-2024,P0122,Product P0122,4,143.06,South
INV00007409,C01346,25-08-2024,P0103,Product P0103,4,52.26,South
INV00004175,C01002,25-08-2024,P0064,Product P0064,4,162.31,West
INV00004374,C02046,25-08-2024,P0079,Product P0079,1,124.42,East
INV00006505,C01035,25-08-2024,P0242,Product P0242,3,69.36,North
INV00005234,C00494,25-08-2024,P0089,Product P0089,3,112.03,East
INV00000006,C02147,25-08-2024,P0231,Product P0231,2,34.61,East
INV00002011,C01242,25-08-2024,P0044,Product P0044,2,14.66,East
INV00006269,C00686,25-08-2024,P0243,Product P0243,1,169.53,North
INV00000831,C00615,25-08-2024,P0090,Product P0090,4,144.83,West
INV00002514,C01886,25-08-2024,P0196,Product P0196,2,65.45,East
INV00006480,C00806,25-08-2024,P0112,Product P0112,1,20.69,East
INV00007686,C01632,25-08-2024,P0045,Product P0045,4,158.42,East
INV00006915,C00498,25-08-2024,P0090,Product P0090,1,28.16,West
INV00005554,C01622,25-08-2024,P0061,Product P0061,2,103.2,South
INV00008743,C02199,25-08-2024,P0294,Product P0294,5,87.93,South
INV00007023,C01507,26-08-2024,P0085,Product P0085,4,165.87,West
INV00006945,C01984,26-08-2024,P0243,Product P0243,4,38.54,South
INV00005027,C00636,26-08-2024,P0202,Product P0202,1,65.42,East
INV00000580,C00255,26-08-2024,P0183,Product P0183,1,85.5,West
INV00004525,C02002,26-08-2024,P0280,Product P0280,4,145.71,East
INV00002385,C00460,26-08-2024,P0264,Product P0264,4,30.87,West
INV00005739,C00562,26-08-2024,P0206,Product P0206,3,140.3,North
INV00004733,C01909,26-08-2024,P0287,Product P0287,2,59.72,South
INV00001509,C02159,26-08-2024,P0059,Product P0059,5,100.81,East
INV00006814,C01290,26-08-2024,P0057,Product P0057,1,117.88,West
INV00006125,C00347,27-08-2024,P0056,Product P0056,2,169.5,East
INV00001657,C02119,27-08-2024,P0104,Product P0104,5,76.01,West
INV00002601,C02159,27-08-2024,P0246,Product P0246,2,100.09,North
INV00005050,C02281,27-08-2024,P0057,Product P0057,4,114.78,West
INV00002635,C00209,27-08-2024,P0106,Product P0106,1,179.92,South
INV00004317,C02448,27-08-2024,P0136,Product P0136,3,93.23,East
INV00006085,C01683,27-08-2024,P0179,Product P0179,2,119.27,South
INV00001059,C01062,27-08-2024,P0266,Product P0266,4,139.11,West
INV00002556,C00259,27-08-2024,P0197,Product P0197,1,15,South
INV00007503,C01862,27-08-2024,P0137,Product P0137,3,19.91,West
INV00000436,C00310,27-08-2024,P0012,Product P0012,1,71.46,West
INV00000049,C01695,27-08-2024,P0097,Product P0097,3,120.22,West
INV00009871,C01615,27-08-2024,P0034,Product P0034,3,44.27,West
INV00009911,C02346,28-08-2024,P0186,Product P0186,1,99.67,South
INV00008269,C00358,28-08-2024,P0011,Product P0011,2,82.43,West
INV00007534,C01282,28-08-2024,P0240,Product P0240,4,7.17,North
INV00005951,C01002,28-08-2024,P0205,Product P0205,5,177.14,West
INV00008539,C00069,28-08-2024,P0091,Product P0091,2,159.46,West
INV00004715,C00071,28-08-2024,P0081,Product P0081,1,26.33,East
INV00001845,C01858,28-08-2024,P0042,Product P0042,1,147.4,South
INV00007900,C00739,28-08-2024,P0048,Product P0048,3,91.49,North
INV00003052,C00438,28-08-2024,P0300,Product P0300,4,50.63,North
INV00007313,C01256,28-08-2024,P0046,Product P0046,3,117.5,North
INV00005689,C01897,28-08-2024,P0203,Product P0203,3,113.64,South
INV00001185,C01051,28-08-2024,P0083,Product P0083,3,9.47,South
INV00005596,C00884,28-08-2024,P0263,Product P0263,1,105.6,North
INV00001453,C00129,28-08-2024,P0231,Product P0231,1,40.5,North
INV00007107,C00370,28-08-2024,P0172,Product P0172,2,95.02,North
INV00000081,C02351,28-08-2024,P0039,Product P0039,5,68.87,South
INV00008092,C00650,28-08-2024,P0020,Product P0020,2,75.81,North
INV00007561,C01652,28-08-2024,P0090,Product P0090,2,137.05,North
INV00007372,C00237,29-08-2024,P0039,Product P0039,1,27.67,South
INV00007987,C02101,29-08-2024,P0237,Product P0237,5,14.71,West
INV00006173,C02325,29-08-2024,P0268,Product P0268,3,33.63,South
INV00005014,C02351,29-08-2024,P0290,Product P0290,4,92.91,North
INV00001438,C01633,29-08-2024,P0030,Product P0030,1,165.78,East
INV00000941,C01728,29-08-2024,P0112,Product P0112,4,75.51,East
INV00000388,C02078,29-08-2024,P0203,Product P0203,3,42.26,West
INV00004850,C02251,29-08-2024,P0225,Product P0225,2,130.54,North
INV00003113,C00148,29-08-2024,P0132,Product P0132,4,123.82,North
INV00009898,C01639,29-08-2024,P0190,Product P0190,5,168.61,South
INV00003122,C02498,29-08-2024,P0136,Product P0136,5,60.34,South
INV00004338,C00820,29-08-2024,P0161,Product P0161,2,169.39,South
INV00007893,C00805,29-08-2024,P0284,Product P0284,4,93.23,North
INV00004855,C00139,29-08-2024,P0163,Product P0163,2,36.69,North
INV00001781,C00117,30-08-2024,P0036,Product P0036,4,111.82,South
INV00009567,C00550,30-08-2024,P0218,Product P0218,4,108.96,West
INV00000516,C00264,30-08-2024,P0127,Product P0127,3,51.65,South
INV00003016,C01150,30-08-2024,P0014,Product P0014,1,109.55,West
INV00004477,C02347,30-08-2024,P0247,Product P0247,5,126.68,South
INV00005762,C00405,31-08-2024,P0083,Product P0083,1,161.98,West
INV00000310,C00272,31-08-2024,P0019,Product P0019,2,55.08,West
INV00005448,C01026,31-08-2024,P0120,Product P0120,5,41.45,West
INV00002471,C02231,31-08-2024,P0029,Product P0029,1,173.48,North
INV00009947,C01721,31-08-2024,P0175,Product P0175,5,15.61,East
INV00007016,C02025,31-08-2024,P0073,Product P0073,4,93.98,West
INV00006589,C00595,31-08-2024,P0136,Product P0136,2,156.18,South
INV00002386,C02188,31-08-2024,P0059,Product P0059,4,12.75,North
INV00000999,C02405,31-08-2024,P0166,Product P0166,3,135.91,South
INV00008845,C01287,31-08-2024,P0103,Product P0103,4,23.67,East
INV00002429,C01887,31-08-2024,P0271,Product P0271,2,106.44,West
INV00000164,C01016,31-08-2024,P0175,Product P0175,2,68.84,North
INV00007730,C02374,01-09-2024,P0021,Product P0021,1,136.33,West
INV00006850,C00386,01-09-2024,P0103,Product P0103,3,52.15,West
INV00004617,C00732,01-09-2024,P0232,Product P0232,5,159.4,North
INV00000776,C02378,01-09-2024,P0058,Product P0058,4,153.11,East
INV00002333,C00672,01-09-2024,P0192,Product P0192,5,43.05,East
INV00009211,C01865,01-09-2024,P0171,Product P0171,4,102.82,South
INV00004962,C01263,01-09-2024,P0151,Product P0151,5,35.68,North
INV00000547,C01074,01-09-2024,P0256,Product P0256,2,101.64,South
INV00006194,C00209,01-09-2024,P0024,Product P0024,1,85.81,West
INV00009656,C01035,01-09-2024,P0149,Product P0149,1,116.55,North
INV00003735,C00807,02-09-2024,P0210,Product P0210,4,166.59,West
INV00002660,C00402,02-09-2024,P0075,Product P0075,5,14.58,East
INV00009221,C00383,02-09-2024,P0195,Product P0195,4,13.44,West
INV00002584,C01647,02-09-2024,P0279,Product P0279,2,63.34,North
INV00004879,C01679,02-09-2024,P0127,Product P0127,5,29.52,East
INV00002671,C01980,02-09-2024,P0261,Product P0261,3,107.79,South
INV00004766,C00377,02-09-2024,P0284,Product P0284,4,161.58,East
INV00009269,C01760,02-09-2024,P0100,Product P0100,5,80.04,North
INV00009043,C01359,02-09-2024,P0254,Product P0254,2,124.58,East
INV00008391,C02480,02-09-2024,P0066,Product P0066,2,78.14,South
INV00000397,C00112,02-09-2024,P0225,Product P0225,5,148.92,South
INV00002681,C00294,02-09-2024,P0159,Product P0159,3,167.46,North
INV00008491,C01053,03-09-2024,P0057,Product P0057,2,161.74,North
INV00004411,C00302,03-09-2024,P0300,Product P0300,1,145.48,North
INV00006627,C01965,03-09-2024,P0051,Product P0051,3,78.2,West
INV00002549,C01176,03-09-2024,P0021,Product P0021,2,99.63,South
INV00006648,C02004,03-09-2024,P0282,Product P0282,5,13.59,West
INV00008443,C00769,03-09-2024,P0265,Product P0265,3,176.74,East
INV00000124,C01178,03-09-2024,P0049,Product P0049,3,144.72,West
INV00006537,C00862,03-09-2024,P0199,Product P0199,1,63.21,West
INV00009063,C01599,03-09-2024,P0001,Product P0001,2,50.2,West
INV00004664,C00942,03-09-2024,P0266,Product P0266,4,84.55,North
INV00009477,C00869,03-09-2024,P0101,Product P0101,4,103.34,West
INV00002538,C01247,04-09-2024,P0012,Product P0012,1,37.68,East
INV00005518,C01686,04-09-2024,P0105,Product P0105,2,173.06,East
INV00008636,C01970,04-09-2024,P0102,Product P0102,4,139.41,East
INV00005812,C01622,04-09-2024,P0057,Product P0057,5,163.71,East
INV00007984,C01058,04-09-2024,P0055,Product P0055,1,113.69,West
INV00007494,C00626,04-09-2024,P0209,Product P0209,5,110.61,North
INV00006586,C01448,04-09-2024,P0138,Product P0138,4,68.77,North
INV00009663,C00248,04-09-2024,P0058,Product P0058,4,88.93,South
INV00005856,C01471,04-09-2024,P0133,Product P0133,1,92.81,West
INV00009286,C01185,04-09-2024,P0269,Product P0269,4,76.76,West
INV00009675,C01007,04-09-2024,P0125,Product P0125,2,49.69,North
INV00007048,C00953,04-09-2024,P0125,Product P0125,2,48.46,North
INV00005756,C01004,04-09-2024,P0234,Product P0234,1,60.88,North
INV00003640,C01550,05-09-2024,P0291,Product P0291,3,178.84,North
INV00003629,C02114,05-09-2024,P0219,Product P0219,1,36.69,North
INV00002874,C00547,05-09-2024,P0153,Product P0153,2,110.48,South
INV00006554,C01209,05-09-2024,P0127,Product P0127,3,27.43,West
INV00006357,C01745,05-09-2024,P0225,Product P0225,2,161.65,East
INV00000378,C01867,05-09-2024,P0269,Product P0269,2,10.9,West
INV00007583,C01717,05-09-2024,P0071,Product P0071,4,170.8,West
INV00003205,C00749,05-09-2024,P0300,Product P0300,5,6.83,South
INV00006336,C00472,05-09-2024,P0293,Product P0293,2,159.69,South
INV00009075,C01048,05-09-2024,P0089,Product P0089,3,16.94,West
INV00005174,C00836,05-09-2024,P0044,Product P0044,1,77.75,South
INV00004405,C00654,05-09-2024,P0264,Product P0264,2,100.15,West
INV00007789,C02100,06-09-2024,P0060,Product P0060,2,131.34,West
INV00004428,C01206,06-09-2024,P0181,Product P0181,5,115.67,West
INV00007321,C00552,06-09-2024,P0096,Product P0096,5,147.79,North
INV00001456,C00164,06-09-2024,P0097,Product P0097,4,130.15,North
INV00006637,C00243,06-09-2024,P0224,Product P0224,3,26.17,North
INV00006659,C01448,06-09-2024,P0232,Product P0232,4,114.92,North
INV00005933,C00847,06-09-2024,P0204,Product P0204,5,146.91,East
INV00005123,C01538,06-09-2024,P0023,Product P0023,3,173.13,West
INV00008292,C00639,06-09-2024,P0216,Product P0216,5,122.99,East
INV00004373,C00567,06-09-2024,P0299,Product P0299,1,137.18,East
INV00007467,C01651,06-09-2024,P0224,Product P0224,4,146.15,East
INV00007580,C01746,06-09-2024,P0246,Product P0246,4,149.57,East
INV00004388,C00148,06-09-2024,P0148,Product P0148,2,84.79,North
INV00009090,C00889,06-09-2024,P0180,Product P0180,1,29.6,North
INV00001170,C02294,06-09-2024,P0216,Product P0216,3,168.34,East
INV00009748,C01462,06-09-2024,P0075,Product P0075,3,108.54,South
INV00005999,C01883,07-09-2024,P0200,Product P0200,4,149.45,East
INV00008062,C01278,07-09-2024,P0101,Product P0101,2,106.61,West
INV00003875,C01553,07-09-2024,P0265,Product P0265,5,18.22,North
INV00007723,C02026,07-09-2024,P0238,Product P0238,1,34.62,East
INV00004366,C02096,07-09-2024,P0207,Product P0207,5,156.53,North
INV00007352,C02196,07-09-2024,P0219,Product P0219,5,100.86,South
INV00003320,C00088,07-09-2024,P0128,Product P0128,5,5.66,South
INV00004806,C01883,07-09-2024,P0097,Product P0097,4,127.94,South
INV00000859,C01673,07-09-2024,P0045,Product P0045,5,127.72,South
INV00009706,C02014,07-09-2024,P0109,Product P0109,4,11.59,South
INV00000936,C02352,07-09-2024,P0043,Product P0043,1,4.88,South
INV00008960,C02426,07-09-2024,P0216,Product P0216,3,51.52,East
INV00002395,C01183,07-09-2024,P0182,Product P0182,2,106.16,South
INV00002301,C00669,08-09-2024,P0230,Product P0230,4,50.93,South
INV00007672,C01100,08-09-2024,P0025,Product P0025,4,76.38,South
INV00006393,C00643,08-09-2024,P0218,Product P0218,5,33.2,South
INV00008971,C01541,08-09-2024,P0293,Product P0293,2,168.43,East
INV00004808,C02232,08-09-2024,P0155,Product P0155,2,123.32,South
INV00008890,C00275,08-09-2024,P0214,Product P0214,4,31.38,North
INV00002042,C02232,08-09-2024,P0294,Product P0294,3,144.06,South
INV00008857,C00357,08-09-2024,P0075,Product P0075,5,87.06,South
INV00008231,C00796,09-09-2024,P0122,Product P0122,1,34.97,North
INV00001775,C01923,09-09-2024,P0144,Product P0144,4,90.83,South
INV00005593,C01320,09-09-2024,P0017,Product P0017,4,100.08,South
INV00008168,C00775,09-09-2024,P0063,Product P0063,2,124.98,East
INV00000897,C01274,09-09-2024,P0221,Product P0221,2,35.97,South
INV00005270,C01303,09-09-2024,P0035,Product P0035,1,63.58,East
INV00001696,C01707,09-09-2024,P0066,Product P0066,1,79.39,West
INV00005080,C01275,09-09-2024,P0081,Product P0081,4,16.17,North
INV00002625,C02304,09-09-2024,P0013,Product P0013,5,174.88,North
INV00005854,C01711,09-09-2024,P0056,Product P0056,4,117.69,South
INV00000485,C01158,09-09-2024,P0033,Product P0033,2,22.16,North
INV00001242,C01944,09-09-2024,P0133,Product P0133,3,159.05,West
INV00008313,C01027,09-09-2024,P0224,Product P0224,3,40.98,West
INV00007554,C01762,09-09-2024,P0135,Product P0135,3,139.63,North
INV00002029,C01314,09-09-2024,P0163,Product P0163,4,106.71,East
INV00001526,C00119,09-09-2024,P0224,Product P0224,2,94.26,South
INV00007380,C00954,09-09-2024,P0248,Product P0248,2,112.48,North
INV00006484,C01408,09-09-2024,P0288,Product P0288,2,49.22,South
INV00001632,C02244,09-09-2024,P0239,Product P0239,1,32.26,North
INV00000041,C00414,09-09-2024,P0179,Product P0179,4,76.04,North
INV00009434,C00862,10-09-2024,P0080,Product P0080,3,28.84,West
INV00002757,C02211,10-09-2024,P0076,Product P0076,1,68.44,South
INV00009721,C02020,10-09-2024,P0033,Product P0033,4,129.49,North
INV00006220,C02345,10-09-2024,P0181,Product P0181,1,76.41,West
INV00004752,C00375,10-09-2024,P0044,Product P0044,1,134.15,North
INV00009826,C00969,10-09-2024,P0268,Product P0268,4,79.33,East
INV00007851,C00788,10-09-2024,P0186,Product P0186,1,66.05,South
INV00007436,C02005,10-09-2024,P0017,Product P0017,2,53.93,West
INV00005697,C00189,10-09-2024,P0137,Product P0137,3,73.81,West
INV00003966,C02130,10-09-2024,P0083,Product P0083,3,174.8,West
INV00000558,C02188,10-09-2024,P0054,Product P0054,1,48.16,East
INV00009984,C02138,10-09-2024,P0105,Product P0105,1,94.08,North
INV00007063,C02448,10-09-2024,P0128,Product P0128,3,71.44,East
INV00009400,C01940,10-09-2024,P0067,Product P0067,3,131.52,East
INV00000272,C00058,10-09-2024,P0151,Product P0151,2,136.28,South
INV00001676,C02459,10-09-2024,P0154,Product P0154,4,165.96,South
INV00000168,C00418,11-09-2024,P0016,Product P0016,5,118.65,East
INV00000792,C01136,11-09-2024,P0124,Product P0124,3,160.44,West
INV00009756,C01702,11-09-2024,P0259,Product P0259,3,23.67,South
INV00002935,C02020,11-09-2024,P0259,Product P0259,4,44.51,West
INV00002731,C02403,11-09-2024,P0271,Product P0271,4,74.95,West
INV00008615,C00450,11-09-2024,P0169,Product P0169,2,155.86,East
INV00009209,C00914,11-09-2024,P0249,Product P0249,5,43.11,South
INV00001439,C00798,11-09-2024,P0293,Product P0293,2,89.52,West
INV00000073,C01158,11-09-2024,P0111,Product P0111,2,35.02,North
INV00002140,C01001,11-09-2024,P0041,Product P0041,2,36.16,East
INV00008563,C02443,11-09-2024,P0069,Product P0069,1,70.59,East
INV00001399,C00063,11-09-2024,P0178,Product P0178,1,100.31,West
INV00009272,C00133,11-09-2024,P0008,Product P0008,4,46.18,West
INV00002661,C01087,11-09-2024,P0136,Product P0136,5,66.52,West
INV00000492,C02170,11-09-2024,P0196,Product P0196,4,14.93,East
INV00003308,C00338,11-09-2024,P0158,Product P0158,3,52.26,East
INV00005337,C01848,11-09-2024,P0127,Product P0127,2,93.56,West
INV00006131,C00178,11-09-2024,P0113,Product P0113,1,148.7,North
INV00007394,C00749,11-09-2024,P0045,Product P0045,1,31.19,South
INV00003551,C01100,12-09-2024,P0159,Product P0159,3,122.99,North
INV00001189,C01417,12-09-2024,P0274,Product P0274,2,170.96,South
INV00004375,C00759,12-09-2024,P0193,Product P0193,3,80.97,North
INV00007674,C01714,12-09-2024,P0195,Product P0195,5,134.65,East
INV00007101,C01149,12-09-2024,P0101,Product P0101,5,151.82,North
INV00004007,C00629,12-09-2024,P0057,Product P0057,2,166.04,West
INV00005622,C00113,12-09-2024,P0040,Product P0040,4,111.85,North
INV00007523,C01192,12-09-2024,P0005,Product P0005,2,117.38,West
INV00001877,C00583,12-09-2024,P0191,Product P0191,5,122.09,West
INV00000868,C02095,12-09-2024,P0129,Product P0129,3,13.23,West
INV00007056,C00384,13-09-2024,P0209,Product P0209,1,25.34,North
INV00000866,C01746,13-09-2024,P0198,Product P0198,2,21.44,West
INV00000877,C01350,13-09-2024,P0014,Product P0014,3,162.28,West
INV00008625,C00582,13-09-2024,P0032,Product P0032,2,77.62,North
INV00008893,C01712,13-09-2024,P0044,Product P0044,4,86.74,West
INV00000456,C01388,13-09-2024,P0002,Product P0002,1,170.88,East
INV00002341,C01059,13-09-2024,P0199,Product P0199,4,104.24,East
INV00003404,C02461,13-09-2024,P0187,Product P0187,4,13.82,South
INV00002393,C01543,13-09-2024,P0142,Product P0142,1,103.65,North
INV00004259,C01511,13-09-2024,P0131,Product P0131,4,167.58,West
INV00007876,C01623,13-09-2024,P0006,Product P0006,2,147.3,North
INV00002103,C00431,13-09-2024,P0046,Product P0046,1,155.47,West
INV00001937,C00932,13-09-2024,P0105,Product P0105,5,142.51,East
INV00001896,C02129,13-09-2024,P0201,Product P0201,5,139.37,East
INV00004183,C00253,13-09-2024,P0214,Product P0214,4,40.22,North
INV00009397,C00594,13-09-2024,P0021,Product P0021,5,49.24,East
INV00007454,C02405,14-09-2024,P0298,Product P0298,3,88.58,East
INV00008419,C01862,14-09-2024,P0071,Product P0071,5,42.29,South
INV00004751,C00102,14-09-2024,P0198,Product P0198,2,10.07,West
INV00008920,C02062,14-09-2024,P0293,Product P0293,2,91.57,East
INV00009403,C02451,14-09-2024,P0184,Product P0184,1,28.55,North
INV00005727,C01309,14-09-2024,P0270,Product P0270,1,77.52,South
INV00001052,C00913,14-09-2024,P0275,Product P0275,3,82.77,South
INV00004026,C00350,14-09-2024,P0002,Product P0002,5,93.74,South
INV00001863,C02120,14-09-2024,P0193,Product P0193,4,20.2,East
INV00000407,C01085,15-09-2024,P0090,Product P0090,3,46.77,West
INV00005220,C00879,15-09-2024,P0269,Product P0269,5,170.03,South
INV00005392,C00415,15-09-2024,P0176,Product P0176,5,148.83,East
INV00002248,C00441,15-09-2024,P0103,Product P0103,1,29.02,South
INV00002187,C00764,15-09-2024,P0040,Product P0040,5,61.8,East
INV00004332,C00676,15-09-2024,P0126,Product P0126,1,117.61,East
INV00007693,C00936,15-09-2024,P0206,Product P0206,2,120.83,North
INV00005748,C00624,15-09-2024,P0026,Product P0026,4,37.89,West
INV00001873,C01509,15-09-2024,P0007,Product P0007,5,86.03,East
INV00004143,C00409,15-09-2024,P0235,Product P0235,4,50.74,East
INV00006209,C00727,15-09-2024,P0068,Product P0068,1,127.52,North
INV00000247,C01894,15-09-2024,P0078,Product P0078,1,146.37,West
INV00004201,C01697,15-09-2024,P0252,Product P0252,4,135.75,South
INV00000339,C00507,16-09-2024,P0265,Product P0265,1,162.39,West
INV00004440,C00787,16-09-2024,P0059,Product P0059,4,42.14,South
INV00004308,C01999,16-09-2024,P0174,Product P0174,3,33.48,North
INV00000245,C01572,16-09-2024,P0032,Product P0032,2,161.03,North
INV00005485,C01334,16-09-2024,P0177,Product P0177,1,145.46,South
INV00004451,C02148,16-09-2024,P0212,Product P0212,3,146.91,West
INV00004902,C01644,16-09-2024,P0072,Product P0072,2,73.82,East
INV00001492,C01224,16-09-2024,P0021,Product P0021,3,12.56,South
INV00009307,C01703,16-09-2024,P0152,Product P0152,5,47.17,North
INV00002180,C01142,16-09-2024,P0219,Product P0219,3,9.76,South
INV00009839,C00255,16-09-2024,P0237,Product P0237,4,103.26,North
INV00000421,C02319,16-09-2024,P0270,Product P0270,4,120.34,South
INV00000628,C00919,16-09-2024,P0192,Product P0192,5,114.16,West
INV00006353,C00320,16-09-2024,P0206,Product P0206,1,111.75,South
INV00003911,C00582,16-09-2024,P0010,Product P0010,4,18.63,North
INV00007099,C00611,16-09-2024,P0222,Product P0222,2,167.45,North
INV00001352,C00981,16-09-2024,P0272,Product P0272,3,91,South
INV00009076,C02165,16-09-2024,P0071,Product P0071,5,117.29,South
INV00009038,C01908,17-09-2024,P0092,Product P0092,1,146.53,North
INV00008985,C00530,17-09-2024,P0046,Product P0046,3,141.76,East
INV00001722,C01855,17-09-2024,P0181,Product P0181,2,119.7,North
INV00001766,C02339,17-09-2024,P0236,Product P0236,4,178.6,East
INV00006653,C02330,17-09-2024,P0257,Product P0257,1,34.57,East
INV00003708,C01891,17-09-2024,P0123,Product P0123,5,44.51,South
INV00003527,C00333,17-09-2024,P0288,Product P0288,5,28.06,North
INV00004459,C00292,17-09-2024,P0235,Product P0235,4,128.82,South
INV00006684,C02055,17-09-2024,P0170,Product P0170,1,154.15,North
INV00006694,C01989,17-09-2024,P0189,Product P0189,5,155.35,North
INV00004736,C01047,17-09-2024,P0236,Product P0236,2,109.01,South
INV00009776,C01738,17-09-2024,P0233,Product P0233,5,31.35,West
INV00006293,C00085,17-09-2024,P0277,Product P0277,3,5.65,South
INV00005209,C01227,17-09-2024,P0131,Product P0131,1,47.35,East
INV00008234,C01474,18-09-2024,P0047,Product P0047,5,72.82,South
INV00002851,C00488,18-09-2024,P0275,Product P0275,2,87.13,South
INV00005468,C00836,18-09-2024,P0073,Product P0073,5,43.76,West
INV00006204,C00489,18-09-2024,P0054,Product P0054,1,99.67,West
INV00002669,C00192,18-09-2024,P0254,Product P0254,1,94.66,East
INV00001753,C01572,18-09-2024,P0164,Product P0164,1,64.61,East
INV00006385,C00613,18-09-2024,P0014,Product P0014,4,70.17,North
INV00002271,C00802,18-09-2024,P0252,Product P0252,2,6.33,South
INV00008006,C02130,18-09-2024,P0147,Product P0147,4,170.46,North
INV00009998,C00883,18-09-2024,P0113,Product P0113,2,101.88,South
INV00003286,C01171,18-09-2024,P0062,Product P0062,3,85.53,South
INV00000925,C00621,18-09-2024,P0013,Product P0013,1,113.47,South
INV00002761,C00335,18-09-2024,P0154,Product P0154,2,114.85,North
INV00009841,C02475,19-09-2024,P0148,Product P0148,5,87.62,North
INV00003517,C00425,19-09-2024,P0086,Product P0086,2,129.65,West
INV00004561,C01221,19-09-2024,P0049,Product P0049,5,14.5,South
INV00008681,C02238,19-09-2024,P0055,Product P0055,1,168.21,West
INV00003685,C02439,19-09-2024,P0029,Product P0029,5,163.09,East
INV00006019,C01896,19-09-2024,P0045,Product P0045,4,61.37,East
INV00003500,C01124,19-09-2024,P0208,Product P0208,4,101.94,East
INV00000261,C01984,19-09-2024,P0055,Product P0055,5,58.17,North
INV00008390,C00700,19-09-2024,P0147,Product P0147,5,151.57,West
INV00002171,C00053,19-09-2024,P0207,Product P0207,5,125.76,East
INV00007727,C00021,19-09-2024,P0121,Product P0121,5,46.13,North
INV00000850,C01515,19-09-2024,P0280,Product P0280,4,169.92,West
INV00002005,C01995,19-09-2024,P0179,Product P0179,4,93.66,North
INV00009578,C00343,20-09-2024,P0065,Product P0065,3,58.51,South
INV00007228,C02226,20-09-2024,P0021,Product P0021,4,130.3,East
INV00000867,C02050,20-09-2024,P0096,Product P0096,1,88.57,East
INV00000849,C02050,20-09-2024,P0277,Product P0277,5,178.67,West
INV00005433,C00833,20-09-2024,P0008,Product P0008,1,114.53,East
INV00005326,C00986,20-09-2024,P0197,Product P0197,3,148.27,South
INV00003974,C00645,20-09-2024,P0180,Product P0180,1,23.65,North
INV00002075,C01742,20-09-2024,P0052,Product P0052,3,76.17,West
INV00004146,C00699,20-09-2024,P0092,Product P0092,2,158.72,East
INV00001648,C01660,20-09-2024,P0053,Product P0053,3,55.3,West
INV00004530,C01406,20-09-2024,P0169,Product P0169,4,123.01,East
INV00005743,C02227,20-09-2024,P0298,Product P0298,1,35.86,West
INV00007581,C00034,20-09-2024,P0241,Product P0241,5,14.95,East
INV00000423,C01916,20-09-2024,P0261,Product P0261,3,99.77,East
INV00000787,C00081,20-09-2024,P0002,Product P0002,3,179.91,West
INV00002030,C00857,20-09-2024,P0037,Product P0037,5,151.73,East
INV00005653,C00143,20-09-2024,P0277,Product P0277,3,169.68,East
INV00005901,C02326,20-09-2024,P0291,Product P0291,5,98.09,South
INV00001383,C00867,21-09-2024,P0026,Product P0026,3,155.39,South
INV00006965,C00203,21-09-2024,P0173,Product P0173,5,104.16,West
INV00008488,C01272,21-09-2024,P0076,Product P0076,2,132.89,North
INV00002699,C00322,21-09-2024,P0222,Product P0222,2,131.18,West
INV00007207,C02467,21-09-2024,P0108,Product P0108,2,76.89,North
INV00001343,C00299,21-09-2024,P0175,Product P0175,4,60.64,South
INV00009702,C00505,21-09-2024,P0077,Product P0077,3,64.33,West
INV00006914,C02344,21-09-2024,P0286,Product P0286,1,161.64,East
INV00008363,C01931,22-09-2024,P0188,Product P0188,4,142.33,North
INV00007978,C02477,22-09-2024,P0010,Product P0010,5,73.66,North
INV00001616,C00433,22-09-2024,P0250,Product P0250,2,148.94,North
INV00008607,C00795,22-09-2024,P0254,Product P0254,3,77.55,West
INV00006826,C01278,22-09-2024,P0192,Product P0192,4,38.52,South
INV00002060,C01008,22-09-2024,P0053,Product P0053,5,83.28,East
INV00008640,C00993,22-09-2024,P0029,Product P0029,3,154.53,South
INV00006401,C01343,22-09-2024,P0098,Product P0098,5,103.85,West
INV00002705,C00173,22-09-2024,P0031,Product P0031,5,148.67,South
INV00009267,C01334,22-09-2024,P0219,Product P0219,4,75.74,East
INV00009802,C01248,23-09-2024,P0068,Product P0068,5,68.17,North
INV00004040,C00935,23-09-2024,P0167,Product P0167,2,139.77,South
INV00003792,C00443,23-09-2024,P0038,Product P0038,1,166.13,West
INV00005477,C00643,23-09-2024,P0077,Product P0077,3,171.89,South
INV00005006,C02377,23-09-2024,P0057,Product P0057,2,77.37,South
INV00002855,C01810,23-09-2024,P0070,Product P0070,5,135.97,East
INV00000918,C01961,23-09-2024,P0058,Product P0058,2,42.57,South
INV00007938,C01081,23-09-2024,P0274,Product P0274,2,16.52,South
INV00001253,C00186,23-09-2024,P0103,Product P0103,4,85.29,North
INV00004622,C02488,23-09-2024,P0117,Product P0117,5,130.05,North
INV00003750,C02266,23-09-2024,P0068,Product P0068,3,67.34,North
INV00008913,C01701,23-09-2024,P0178,Product P0178,4,134.7,East
INV00006770,C00507,23-09-2024,P0052,Product P0052,4,104.83,South
INV00006930,C01879,23-09-2024,P0196,Product P0196,4,124.29,West
INV00009897,C02001,23-09-2024,P0006,Product P0006,2,9.2,East
INV00006774,C01373,23-09-2024,P0293,Product P0293,2,41.66,East
INV00006229,C00012,23-09-2024,P0279,Product P0279,3,10.14,North
INV00007773,C01446,23-09-2024,P0213,Product P0213,3,48.91,East
INV00004754,C02181,23-09-2024,P0024,Product P0024,1,162.94,West
INV00002021,C00758,23-09-2024,P0116,Product P0116,4,113.46,South
INV00000225,C01805,24-09-2024,P0226,Product P0226,5,99.63,West
INV00007640,C02103,24-09-2024,P0269,Product P0269,5,148.1,West
INV00005575,C01784,24-09-2024,P0276,Product P0276,5,67.44,South
INV00001342,C00343,24-09-2024,P0185,Product P0185,1,123.03,West
INV00006359,C00093,24-09-2024,P0085,Product P0085,5,24.39,North
INV00008901,C00328,24-09-2024,P0062,Product P0062,4,15.86,North
INV00004727,C00246,24-09-2024,P0108,Product P0108,4,120.2,North
INV00006902,C01730,24-09-2024,P0283,Product P0283,3,37.21,South
INV00000262,C00427,24-09-2024,P0090,Product P0090,5,169.68,North
INV00009574,C00798,24-09-2024,P0065,Product P0065,5,82.7,South
INV00006231,C01189,24-09-2024,P0222,Product P0222,3,26.89,West
INV00001437,C01068,24-09-2024,P0039,Product P0039,1,85.28,North
INV00007977,C00159,24-09-2024,P0022,Product P0022,5,42.69,West
INV00003124,C01534,24-09-2024,P0106,Product P0106,3,42.54,East
INV00002798,C01419,24-09-2024,P0168,Product P0168,1,68.76,North
INV00000507,C01328,24-09-2024,P0012,Product P0012,5,167.38,East
INV00001613,C01676,25-09-2024,P0264,Product P0264,1,25.32,North
INV00004629,C01906,25-09-2024,P0097,Product P0097,3,62.61,South
INV00001353,C01240,25-09-2024,P0175,Product P0175,1,52.99,North
INV00008810,C01171,25-09-2024,P0213,Product P0213,5,173.34,North
INV00008376,C00335,25-09-2024,P0183,Product P0183,3,98.98,East
INV00005774,C00061,25-09-2024,P0090,Product P0090,2,163.78,West
INV00007123,C01511,25-09-2024,P0131,Product P0131,4,155.97,West
INV00001647,C00859,25-09-2024,P0035,Product P0035,3,128.24,North
INV00005403,C01684,25-09-2024,P0013,Product P0013,3,11,South
INV00005167,C01806,25-09-2024,P0271,Product P0271,2,10.69,North
INV00009027,C02437,25-09-2024,P0006,Product P0006,4,65.06,South
INV00008727,C02230,25-09-2024,P0170,Product P0170,2,109.43,West
INV00009376,C01133,25-09-2024,P0259,Product P0259,3,38.64,East
INV00008222,C00805,25-09-2024,P0296,Product P0296,5,172.48,West
INV00001851,C00205,26-09-2024,P0144,Product P0144,4,140.67,South
INV00001487,C00407,26-09-2024,P0093,Product P0093,3,113.28,East
INV00009725,C00711,26-09-2024,P0089,Product P0089,1,72.12,West
INV00007965,C00132,26-09-2024,P0098,Product P0098,1,67.03,North
INV00000993,C00493,26-09-2024,P0275,Product P0275,2,23.44,South
INV00003009,C01573,26-09-2024,P0276,Product P0276,5,22.28,East
INV00006740,C01103,26-09-2024,P0036,Product P0036,4,170.97,East
INV00005610,C00298,26-09-2024,P0067,Product P0067,4,170.37,North
INV00005379,C01215,26-09-2024,P0122,Product P0122,4,101.3,North
INV00005100,C00735,26-09-2024,P0003,Product P0003,2,66.66,East
INV00003443,C01139,27-09-2024,P0007,Product P0007,1,22.07,West
INV00008456,C00442,27-09-2024,P0233,Product P0233,2,59.9,East
INV00007539,C00732,27-09-2024,P0188,Product P0188,4,139.55,East
INV00005393,C02003,27-09-2024,P0093,Product P0093,2,29.26,North
INV00001511,C00834,27-09-2024,P0098,Product P0098,3,53.42,West
INV00008190,C00549,27-09-2024,P0067,Product P0067,1,173.58,North
INV00004943,C02094,27-09-2024,P0297,Product P0297,3,25.19,West
INV00004772,C01906,27-09-2024,P0237,Product P0237,2,17.09,North
INV00001832,C02383,27-09-2024,P0179,Product P0179,5,125.41,East
INV00002368,C00441,27-09-2024,P0199,Product P0199,5,8.11,West
INV00005374,C00597,27-09-2024,P0150,Product P0150,4,85.23,West
INV00000094,C00969,27-09-2024,P0069,Product P0069,4,144.09,North
INV00000803,C01289,27-09-2024,P0078,Product P0078,5,79.77,West
INV00005312,C02318,27-09-2024,P0229,Product P0229,3,51.22,West
INV00000879,C01371,27-09-2024,P0229,Product P0229,5,117.14,East
INV00003049,C00424,27-09-2024,P0031,Product P0031,3,114.17,South
INV00001852,C00634,28-09-2024,P0051,Product P0051,1,99.55,North
INV00007806,C01763,28-09-2024,P0236,Product P0236,4,65.89,South
INV00002077,C01161,28-09-2024,P0222,Product P0222,1,16.53,West
INV00008209,C00784,28-09-2024,P0173,Product P0173,3,170.74,West
INV00000235,C01232,28-09-2024,P0244,Product P0244,1,11.34,North
INV00001187,C00357,28-09-2024,P0173,Product P0173,5,109.06,East
INV00009664,C00749,28-09-2024,P0068,Product P0068,3,12.2,West
INV00009330,C01449,28-09-2024,P0023,Product P0023,1,107.34,West
INV00006176,C01135,28-09-2024,P0052,Product P0052,1,166.56,South
INV00009218,C00266,28-09-2024,P0295,Product P0295,4,102.13,North
INV00008351,C00322,28-09-2024,P0289,Product P0289,2,125.64,North
INV00004267,C00878,28-09-2024,P0296,Product P0296,1,171.71,South
INV00003015,C01225,28-09-2024,P0076,Product P0076,3,16.21,West
INV00007001,C02252,28-09-2024,P0276,Product P0276,5,89.85,North
INV00001805,C00320,28-09-2024,P0211,Product P0211,4,27.83,South
INV00000379,C00950,28-09-2024,P0095,Product P0095,3,66.51,South
INV00004970,C02040,28-09-2024,P0089,Product P0089,3,43.35,South
INV00000403,C00802,28-09-2024,P0209,Product P0209,5,33.42,South
INV00005016,C02343,28-09-2024,P0255,Product P0255,3,43.84,East
INV00002511,C00498,28-09-2024,P0175,Product P0175,4,148.08,West
INV00006134,C01025,29-09-2024,P0039,Product P0039,4,110.96,West
INV00002636,C00067,29-09-2024,P0212,Product P0212,1,121.23,West
INV00000108,C01663,29-09-2024,P0037,Product P0037,3,46.26,West
INV00007701,C01323,29-09-2024,P0083,Product P0083,5,59.88,South
INV00004501,C01732,29-09-2024,P0185,Product P0185,3,165.34,West
INV00003360,C01319,29-09-2024,P0138,Product P0138,2,25.49,West
INV00007801,C01074,29-09-2024,P0026,Product P0026,4,44.17,West
INV00000401,C02496,29-09-2024,P0298,Product P0298,4,55.86,South
INV00003999,C01829,29-09-2024,P0156,Product P0156,2,119.57,East
INV00001694,C00988,29-09-2024,P0283,Product P0283,4,30.78,West
INV00008359,C01699,29-09-2024,P0101,Product P0101,3,94.22,East
INV00007136,C01208,30-09-2024,P0137,Product P0137,1,22.49,East
INV00007948,C00493,30-09-2024,P0017,Product P0017,3,105.73,East
INV00004039,C00766,30-09-2024,P0011,Product P0011,5,108,North
INV00006282,C00759,30-09-2024,P0085,Product P0085,4,90.46,East
INV00005971,C01864,30-09-2024,P0227,Product P0227,2,170.7,West
INV00001117,C02490,30-09-2024,P0104,Product P0104,5,40.32,West
INV00003908,C02426,30-09-2024,P0190,Product P0190,5,42.8,East
INV00008534,C01058,30-09-2024,P0141,Product P0141,5,137.42,West
INV00009025,C02148,30-09-2024,P0041,Product P0041,1,67.9,North
INV00003582,C01913,30-09-2024,P0113,Product P0113,4,139.95,South
INV00000342,C00728,30-09-2024,P0215,Product P0215,3,176.34,North
INV00009170,C01681,30-09-2024,P0243,Product P0243,4,97.62,East
INV00004325,C02428,30-09-2024,P0052,Product P0052,5,173.61,West
INV00005497,C01928,30-09-2024,P0002,Product P0002,4,161.9,South
INV00007649,C01371,30-09-2024,P0298,Product P0298,1,44.71,South
INV00008974,C01940,30-09-2024,P0193,Product P0193,1,102.95,East
INV00000808,C00277,30-09-2024,P0044,Product P0044,3,8.34,East
INV00005897,C00053,30-09-2024,P0265,Product P0265,2,90.23,North
INV00007335,C00836,30-09-2024,P0149,Product P0149,3,99.92,West
INV00000997,C01316,30-09-2024,P0069,Product P0069,5,172.36,East
INV00005887,C02476,30-09-2024,P0063,Product P0063,1,88.92,West
INV00004825,C01249,01-10-2024,P0219,Product P0219,4,55.08,East
INV00001476,C00756,01-10-2024,P0201,Product P0201,2,141.94,East
INV00005911,C00492,01-10-2024,P0245,Product P0245,5,5.37,East
INV00001305,C01527,01-10-2024,P0221,Product P0221,2,158.08,North
INV00001785,C01819,01-10-2024,P0097,Product P0097,4,95.41,South
INV00006520,C00108,01-10-2024,P0171,Product P0171,5,159.97,East
INV00009352,C00356,01-10-2024,P0033,Product P0033,1,76.46,East
INV00004211,C00378,01-10-2024,P0108,Product P0108,5,137.73,North
INV00009837,C01466,01-10-2024,P0106,Product P0106,3,5.8,East
INV00005063,C01542,01-10-2024,P0230,Product P0230,3,5.17,West
INV00005052,C00378,01-10-2024,P0070,Product P0070,1,117.61,West
INV00006949,C00938,01-10-2024,P0047,Product P0047,2,70.2,East
INV00008702,C00458,01-10-2024,P0234,Product P0234,1,48.52,West
INV00004352,C01415,01-10-2024,P0002,Product P0002,2,11.11,North
INV00001443,C02337,02-10-2024,P0100,Product P0100,3,44.19,West
INV00005956,C01776,02-10-2024,P0288,Product P0288,3,162.72,South
INV00001420,C01191,02-10-2024,P0185,Product P0185,4,28.69,North
INV00000189,C00597,02-10-2024,P0036,Product P0036,1,43.34,West
INV00006839,C00162,02-10-2024,P0018,Product P0018,2,108.03,South
INV00001569,C02274,02-10-2024,P0156,Product P0156,5,162.75,South
INV00002270,C02442,03-10-2024,P0099,Product P0099,4,134.82,North
INV00006963,C00851,03-10-2024,P0250,Product P0250,3,44.51,South
INV00003198,C02030,03-10-2024,P0029,Product P0029,4,16.09,West
INV00007074,C00571,03-10-2024,P0034,Product P0034,4,133.95,North
INV00006860,C02055,03-10-2024,P0178,Product P0178,5,171.72,West
INV00008463,C01726,03-10-2024,P0193,Product P0193,4,54.59,North
INV00007400,C01076,03-10-2024,P0034,Product P0034,1,52.08,North
INV00008075,C02053,03-10-2024,P0099,Product P0099,4,33.11,West
INV00003312,C01006,03-10-2024,P0114,Product P0114,3,61.23,East
INV00009373,C00061,03-10-2024,P0142,Product P0142,5,70.99,North
INV00002102,C01670,03-10-2024,P0130,Product P0130,1,118.67,North
INV00002737,C01436,03-10-2024,P0116,Product P0116,3,25.98,East
INV00000044,C00887,03-10-2024,P0252,Product P0252,2,94.28,South
INV00002135,C01101,03-10-2024,P0239,Product P0239,5,51.35,East
INV00008178,C00184,03-10-2024,P0158,Product P0158,3,65.84,East
INV00008113,C00463,03-10-2024,P0157,Product P0157,5,126.98,East
INV00005198,C02357,03-10-2024,P0122,Product P0122,4,16.57,West
INV00002371,C00110,04-10-2024,P0027,Product P0027,2,87.08,East
INV00006250,C00477,04-10-2024,P0284,Product P0284,5,143.42,South
INV00003922,C01537,04-10-2024,P0108,Product P0108,3,18.95,South
INV00008290,C01187,04-10-2024,P0015,Product P0015,3,17.23,North
INV00008894,C00954,04-10-2024,P0163,Product P0163,4,80.05,West
INV00004787,C01403,04-10-2024,P0069,Product P0069,1,74.36,West
INV00006868,C00620,04-10-2024,P0194,Product P0194,4,136.97,East
INV00002336,C01348,05-10-2024,P0139,Product P0139,5,150.05,South
INV00002906,C02161,05-10-2024,P0148,Product P0148,2,5.5,North
INV00007303,C02358,05-10-2024,P0181,Product P0181,3,25.02,North
INV00006507,C02372,05-10-2024,P0183,Product P0183,1,66.5,South
INV00007665,C01962,05-10-2024,P0165,Product P0165,5,14.27,West
INV00009171,C01356,05-10-2024,P0102,Product P0102,3,73.2,South
INV00001444,C01083,05-10-2024,P0020,Product P0020,2,149.76,North
INV00007438,C02337,05-10-2024,P0160,Product P0160,4,27.73,West
INV00000207,C01911,05-10-2024,P0264,Product P0264,5,117.85,South
INV00002762,C01078,05-10-2024,P0212,Product P0212,4,93.7,South
INV00000629,C01263,05-10-2024,P0209,Product P0209,2,132.81,North
INV00006333,C00580,06-10-2024,P0237,Product P0237,4,176.25,West
INV00002986,C01621,06-10-2024,P0255,Product P0255,1,61.83,West
INV00006177,C01864,06-10-2024,P0173,Product P0173,4,28.86,East
INV00001664,C01384,06-10-2024,P0090,Product P0090,1,94.17,East
INV00001987,C02069,06-10-2024,P0140,Product P0140,3,23.68,North
INV00004786,C00899,06-10-2024,P0065,Product P0065,4,65.73,West
INV00000029,C01364,06-10-2024,P0227,Product P0227,2,120.45,South
INV00007431,C02245,06-10-2024,P0209,Product P0209,2,77.72,East
INV00001660,C00635,06-10-2024,P0238,Product P0238,3,81.18,West
INV00008152,C01017,06-10-2024,P0038,Product P0038,2,170.6,West
INV00003977,C01611,06-10-2024,P0024,Product P0024,4,30.71,West
INV00008069,C02030,06-10-2024,P0095,Product P0095,4,11.67,East
INV00000950,C00696,06-10-2024,P0205,Product P0205,2,138.64,North
INV00003815,C00957,06-10-2024,P0250,Product P0250,5,104.8,East
INV00006423,C00436,06-10-2024,P0041,Product P0041,5,43.47,West
INV00004408,C00465,06-10-2024,P0295,Product P0295,5,35.85,East
INV00004615,C01401,06-10-2024,P0244,Product P0244,1,61.5,West
INV00009186,C01825,07-10-2024,P0274,Product P0274,4,22.48,East
INV00001599,C02114,07-10-2024,P0172,Product P0172,2,152.85,West
INV00003872,C00257,07-10-2024,P0213,Product P0213,4,5.44,South
INV00009464,C02291,07-10-2024,P0114,Product P0114,2,10.44,West
INV00003721,C01597,07-10-2024,P0100,Product P0100,3,169.21,South
INV00000966,C01471,07-10-2024,P0106,Product P0106,4,145.03,West
INV00004169,C01268,07-10-2024,P0282,Product P0282,5,153.02,East
INV00005830,C01141,07-10-2024,P0271,Product P0271,1,167.32,West
INV00008368,C01211,07-10-2024,P0296,Product P0296,2,84.11,West
INV00005404,C01332,07-10-2024,P0159,Product P0159,4,46.33,East
INV00004088,C02323,07-10-2024,P0070,Product P0070,1,100,North
INV00006372,C00202,07-10-2024,P0279,Product P0279,2,100.48,East
INV00001463,C00119,08-10-2024,P0179,Product P0179,3,30.12,North
INV00007956,C00349,08-10-2024,P0276,Product P0276,5,108.95,North
INV00009773,C02076,08-10-2024,P0073,Product P0073,1,14.1,South
INV00009012,C00994,08-10-2024,P0188,Product P0188,4,62.76,South
INV00007574,C02401,08-10-2024,P0185,Product P0185,3,66.38,West
INV00009417,C01098,08-10-2024,P0210,Product P0210,3,172.69,North
INV00007058,C02095,08-10-2024,P0225,Product P0225,4,147.3,North
INV00007203,C00662,08-10-2024,P0229,Product P0229,1,32.45,North
INV00005150,C01364,08-10-2024,P0003,Product P0003,4,166.59,East
INV00002489,C01313,08-10-2024,P0043,Product P0043,5,103.09,North
INV00002915,C01018,09-10-2024,P0030,Product P0030,3,86.71,East
INV00002720,C00409,09-10-2024,P0142,Product P0142,1,68.09,East
INV00000290,C01184,09-10-2024,P0100,Product P0100,3,75.62,West
INV00008847,C00600,09-10-2024,P0122,Product P0122,2,54.02,South
INV00009246,C01597,09-10-2024,P0285,Product P0285,5,116.28,North
INV00000074,C00325,09-10-2024,P0269,Product P0269,5,114.17,East
INV00001466,C00280,09-10-2024,P0205,Product P0205,4,137.93,West
INV00008942,C02265,09-10-2024,P0202,Product P0202,2,151.5,South
INV00009703,C00926,09-10-2024,P0124,Product P0124,1,46.67,North
INV00003334,C02121,09-10-2024,P0242,Product P0242,4,175.61,West
INV00009513,C01187,09-10-2024,P0294,Product P0294,1,159.99,South
INV00006223,C01703,09-10-2024,P0196,Product P0196,2,33.53,East
INV00006948,C01024,09-10-2024,P0008,Product P0008,1,99.38,South
INV00002104,C00324,10-10-2024,P0164,Product P0164,2,177.92,West
INV00005958,C01791,10-10-2024,P0271,Product P0271,1,83.73,East
INV00002716,C01160,10-10-2024,P0283,Product P0283,5,122.81,East
INV00008870,C01440,10-10-2024,P0232,Product P0232,1,106.96,South
INV00000273,C00379,10-10-2024,P0158,Product P0158,2,16.26,West
INV00006302,C00003,10-10-2024,P0154,Product P0154,4,76.39,North
INV00003817,C01130,10-10-2024,P0243,Product P0243,1,130.72,South
INV00005273,C00604,10-10-2024,P0210,Product P0210,4,4.87,South
INV00000869,C01117,10-10-2024,P0111,Product P0111,4,73.84,South
INV00002536,C02447,10-10-2024,P0241,Product P0241,4,138,South
INV00001549,C01235,10-10-2024,P0097,Product P0097,4,42.98,South
INV00003144,C01421,10-10-2024,P0160,Product P0160,5,19.1,North
INV00005873,C01845,10-10-2024,P0042,Product P0042,2,91.5,East
INV00009117,C00993,11-10-2024,P0052,Product P0052,3,20.21,North
INV00007676,C00100,11-10-2024,P0220,Product P0220,2,57.45,South
INV00001689,C02349,11-10-2024,P0046,Product P0046,1,94.01,South
INV00003306,C00637,11-10-2024,P0201,Product P0201,3,134.27,East
INV00008350,C01973,11-10-2024,P0271,Product P0271,2,46.28,North
INV00005784,C02454,11-10-2024,P0274,Product P0274,5,86.95,West
INV00001226,C02425,11-10-2024,P0087,Product P0087,5,81.03,North
INV00008997,C00548,11-10-2024,P0231,Product P0231,3,66.93,East
INV00006479,C01794,11-10-2024,P0226,Product P0226,2,180,West
INV00008707,C01466,11-10-2024,P0205,Product P0205,5,41.2,South
INV00003055,C01969,11-10-2024,P0082,Product P0082,2,25.3,East
INV00006518,C01414,11-10-2024,P0228,Product P0228,1,140.18,South
INV00006233,C00379,11-10-2024,P0068,Product P0068,3,61.81,East
INV00003935,C00459,11-10-2024,P0256,Product P0256,5,140.27,West
INV00004694,C02157,12-10-2024,P0102,Product P0102,1,92.68,North
INV00004115,C00728,12-10-2024,P0268,Product P0268,4,21.8,West
INV00001978,C00857,12-10-2024,P0286,Product P0286,2,135.94,East
INV00007735,C00013,12-10-2024,P0252,Product P0252,2,173.97,South
INV00001729,C01111,12-10-2024,P0298,Product P0298,3,158.3,West
INV00000186,C01116,12-10-2024,P0104,Product P0104,1,85.89,West
INV00006831,C01544,12-10-2024,P0088,Product P0088,5,12.5,East
INV00009926,C01216,12-10-2024,P0043,Product P0043,1,137.78,North
INV00001504,C00807,12-10-2024,P0115,Product P0115,2,132.48,North
INV00000844,C00091,12-10-2024,P0147,Product P0147,1,19.17,South
INV00001938,C01387,12-10-2024,P0187,Product P0187,4,104.83,East
INV00004485,C01173,12-10-2024,P0139,Product P0139,1,60.3,West
INV00004195,C01412,12-10-2024,P0086,Product P0086,4,169.51,West
INV00004690,C01810,12-10-2024,P0095,Product P0095,5,82.49,West
INV00000703,C00420,12-10-2024,P0125,Product P0125,2,57.68,West
INV00006320,C00781,12-10-2024,P0104,Product P0104,1,170.09,North
INV00005074,C01954,12-10-2024,P0153,Product P0153,2,61.5,North
INV00003082,C02052,12-10-2024,P0268,Product P0268,5,109.84,East
INV00003080,C01121,12-10-2024,P0223,Product P0223,5,177.95,West
INV00008374,C00261,12-10-2024,P0224,Product P0224,2,81.41,South
INV00008948,C00102,12-10-2024,P0025,Product P0025,1,135.97,North
INV00009240,C01281,12-10-2024,P0218,Product P0218,1,49.15,North
INV00005767,C00773,12-10-2024,P0222,Product P0222,3,150.75,West
INV00008406,C00265,12-10-2024,P0135,Product P0135,5,68.54,East
INV00008340,C01149,12-10-2024,P0091,Product P0091,4,149.78,West
INV00002272,C00796,13-10-2024,P0075,Product P0075,5,87.04,North
INV00001732,C02260,13-10-2024,P0100,Product P0100,2,97.81,East
INV00005544,C01999,13-10-2024,P0028,Product P0028,2,143.29,East
INV00009321,C00723,13-10-2024,P0191,Product P0191,3,49.24,South
INV00005491,C01185,13-10-2024,P0210,Product P0210,5,35.4,South
INV00005882,C02467,13-10-2024,P0051,Product P0051,4,58.1,West
INV00001972,C02302,13-10-2024,P0110,Product P0110,2,174.53,West
INV00004444,C01132,13-10-2024,P0060,Product P0060,3,99.4,North
INV00001561,C00728,13-10-2024,P0115,Product P0115,5,136.97,West
INV00008435,C00846,14-10-2024,P0290,Product P0290,1,126.71,South
INV00001010,C01301,14-10-2024,P0263,Product P0263,4,129.85,West
INV00005993,C02062,14-10-2024,P0103,Product P0103,5,29.9,South
INV00007362,C01845,14-10-2024,P0041,Product P0041,1,158.66,West
INV00000599,C01570,14-10-2024,P0251,Product P0251,5,125.34,East
INV00001778,C00408,14-10-2024,P0253,Product P0253,2,80.77,North
INV00003577,C01615,14-10-2024,P0215,Product P0215,1,118.32,East
INV00007389,C00595,14-10-2024,P0032,Product P0032,5,19.54,South
INV00005950,C01265,14-10-2024,P0234,Product P0234,1,13.98,East
INV00004887,C01728,14-10-2024,P0221,Product P0221,4,58.73,North
INV00007861,C01631,15-10-2024,P0262,Product P0262,3,170.37,West
INV00004986,C00128,15-10-2024,P0229,Product P0229,3,81.38,North
INV00008410,C01866,15-10-2024,P0009,Product P0009,5,163.09,West
INV00006497,C01532,15-10-2024,P0150,Product P0150,3,110.12,North
INV00002908,C02373,15-10-2024,P0083,Product P0083,1,119.04,South
INV00006808,C02268,15-10-2024,P0251,Product P0251,4,91.93,West
INV00009832,C02038,15-10-2024,P0092,Product P0092,2,29.57,North
INV00000825,C01559,16-10-2024,P0207,Product P0207,1,69.02,North
INV00001214,C02168,16-10-2024,P0018,Product P0018,2,4.77,South
INV00009065,C01529,16-10-2024,P0150,Product P0150,4,128.02,North
INV00009312,C02176,16-10-2024,P0246,Product P0246,1,179.93,North
INV00005908,C02284,16-10-2024,P0018,Product P0018,3,156.33,North
INV00000711,C01699,16-10-2024,P0089,Product P0089,3,175.93,West
INV00008897,C00712,16-10-2024,P0077,Product P0077,2,175.74,North
INV00008228,C01251,16-10-2024,P0143,Product P0143,2,56.66,West
INV00008349,C01786,16-10-2024,P0121,Product P0121,5,16.92,South
INV00003855,C01206,16-10-2024,P0155,Product P0155,3,142.45,South
INV00009684,C01063,16-10-2024,P0064,Product P0064,3,133.47,South
INV00001672,C01418,16-10-2024,P0029,Product P0029,1,164.36,East
INV00003538,C00332,16-10-2024,P0246,Product P0246,1,146.46,West
INV00008415,C01702,16-10-2024,P0279,Product P0279,1,140.7,West
INV00000427,C02161,16-10-2024,P0229,Product P0229,1,159.01,East
INV00007218,C00498,16-10-2024,P0079,Product P0079,2,72.28,South
INV00001359,C00258,17-10-2024,P0116,Product P0116,3,96.07,East
INV00008885,C00384,17-10-2024,P0158,Product P0158,1,145.77,South
INV00001533,C02333,17-10-2024,P0284,Product P0284,3,146.43,South
INV00005207,C01765,17-10-2024,P0126,Product P0126,4,174.53,East
INV00007247,C00370,17-10-2024,P0193,Product P0193,2,21.27,North
INV00005796,C00511,17-10-2024,P0023,Product P0023,3,66.88,East
INV00009941,C01434,17-10-2024,P0261,Product P0261,2,150.64,East
INV00002470,C00536,17-10-2024,P0106,Product P0106,4,41.81,East
INV00008980,C01335,17-10-2024,P0272,Product P0272,1,155.83,West
INV00001102,C01174,17-10-2024,P0087,Product P0087,5,87.66,West
INV00002050,C01650,17-10-2024,P0252,Product P0252,2,7.45,South
INV00002201,C00915,17-10-2024,P0161,Product P0161,4,160.14,East
INV00003468,C00645,17-10-2024,P0239,Product P0239,1,19.84,West
INV00002111,C00703,17-10-2024,P0110,Product P0110,5,96.9,West
INV00001406,C00389,18-10-2024,P0019,Product P0019,1,57.05,West
INV00002620,C02364,18-10-2024,P0213,Product P0213,2,40.36,South
INV00001237,C00012,18-10-2024,P0292,Product P0292,3,151.88,North
INV00006918,C00052,18-10-2024,P0197,Product P0197,3,98.05,West
INV00002766,C01337,18-10-2024,P0198,Product P0198,3,62.37,East
INV00004177,C00759,18-10-2024,P0035,Product P0035,1,126.91,North
INV00006504,C01383,18-10-2024,P0042,Product P0042,1,142.29,East
INV00000772,C02467,18-10-2024,P0234,Product P0234,2,5,West
INV00005067,C01317,18-10-2024,P0209,Product P0209,1,89,South
INV00006688,C00259,18-10-2024,P0107,Product P0107,1,132.94,West
INV00003129,C01261,19-10-2024,P0180,Product P0180,3,176.42,South
INV00002025,C00183,19-10-2024,P0277,Product P0277,4,26.34,West
INV00004742,C01156,19-10-2024,P0090,Product P0090,5,145.07,East
INV00003152,C00563,19-10-2024,P0188,Product P0188,1,29.49,South
INV00006200,C00425,19-10-2024,P0280,Product P0280,2,115.63,East
INV00007629,C01800,19-10-2024,P0178,Product P0178,4,81.21,West
INV00007087,C01117,19-10-2024,P0292,Product P0292,1,62.64,North
INV00001705,C02300,19-10-2024,P0031,Product P0031,1,69.57,East
INV00000552,C00985,19-10-2024,P0227,Product P0227,1,70.8,North
INV00001190,C00019,19-10-2024,P0171,Product P0171,5,35.28,West
INV00003172,C02348,19-10-2024,P0078,Product P0078,5,136.38,South
INV00001537,C00384,19-10-2024,P0194,Product P0194,3,76.39,West
INV00000148,C00585,19-10-2024,P0152,Product P0152,5,173.24,South
INV00000518,C00167,19-10-2024,P0128,Product P0128,2,104.35,West
INV00002474,C00518,20-10-2024,P0127,Product P0127,3,113.11,North
INV00006675,C01407,20-10-2024,P0111,Product P0111,5,60.75,South
INV00001233,C02426,20-10-2024,P0046,Product P0046,2,36.67,East
INV00006104,C00244,20-10-2024,P0226,Product P0226,5,34.31,North
INV00005984,C02055,20-10-2024,P0284,Product P0284,3,92.71,North
INV00004145,C00323,20-10-2024,P0184,Product P0184,3,125.44,East
INV00006438,C00702,20-10-2024,P0125,Product P0125,4,28.54,South
INV00007493,C00509,20-10-2024,P0210,Product P0210,2,140.31,West
INV00006323,C00302,20-10-2024,P0171,Product P0171,4,117.77,South
INV00007090,C00826,20-10-2024,P0103,Product P0103,1,145.51,North
INV00002491,C00856,20-10-2024,P0152,Product P0152,1,133.57,West
INV00001360,C00914,20-10-2024,P0112,Product P0112,3,166.45,West
INV00008473,C01217,20-10-2024,P0103,Product P0103,3,178.49,South
INV00002252,C01381,20-10-2024,P0096,Product P0096,2,156.81,West
INV00003694,C00816,20-10-2024,P0067,Product P0067,4,87.27,North
INV00002054,C02369,21-10-2024,P0046,Product P0046,1,55.01,West
INV00002659,C01681,21-10-2024,P0021,Product P0021,5,51.45,West
INV00005115,C00596,21-10-2024,P0165,Product P0165,2,124.77,South
INV00009033,C01616,21-10-2024,P0248,Product P0248,2,136.93,South
INV00001655,C00391,21-10-2024,P0219,Product P0219,2,19.9,West
INV00009418,C00419,21-10-2024,P0237,Product P0237,3,55.4,North
INV00001124,C00610,21-10-2024,P0110,Product P0110,3,37.5,South
INV00000898,C00137,21-10-2024,P0162,Product P0162,1,36.45,West
INV00003283,C02424,21-10-2024,P0213,Product P0213,3,169.69,North
INV00007648,C00078,21-10-2024,P0222,Product P0222,5,50.87,West
INV00003175,C02487,21-10-2024,P0010,Product P0010,3,71.05,North
INV00004101,C00230,21-10-2024,P0294,Product P0294,2,13.4,East
INV00002570,C02317,21-10-2024,P0252,Product P0252,5,122.48,North
INV00007135,C00041,21-10-2024,P0276,Product P0276,1,38.69,South
INV00003368,C00720,22-10-2024,P0248,Product P0248,5,96.11,West
INV00003679,C01347,22-10-2024,P0268,Product P0268,4,147.79,East
INV00003390,C01695,22-10-2024,P0137,Product P0137,2,150.51,North
INV00008078,C00948,22-10-2024,P0109,Product P0109,5,172.56,West
INV00002147,C00442,22-10-2024,P0009,Product P0009,3,150.35,West
INV00000439,C00203,22-10-2024,P0022,Product P0022,1,171.88,North
INV00008323,C01596,22-10-2024,P0262,Product P0262,3,11.39,South
INV00002609,C01316,22-10-2024,P0102,Product P0102,1,127.46,North
INV00007211,C01931,23-10-2024,P0194,Product P0194,4,44.77,West
INV00000738,C00835,23-10-2024,P0249,Product P0249,3,173.55,South
INV00001605,C00311,23-10-2024,P0206,Product P0206,1,114.27,North
INV00005772,C00555,23-10-2024,P0108,Product P0108,5,50.51,West
INV00009254,C02124,23-10-2024,P0068,Product P0068,4,82.07,South
INV00008256,C01199,23-10-2024,P0184,Product P0184,3,130.64,West
INV00001227,C00269,23-10-2024,P0278,Product P0278,1,177.26,West
INV00007413,C01652,23-10-2024,P0175,Product P0175,2,146.34,West
INV00002064,C01800,23-10-2024,P0137,Product P0137,2,104.06,West
INV00009912,C00592,23-10-2024,P0143,Product P0143,2,68.93,North
INV00004226,C00445,24-10-2024,P0204,Product P0204,4,106.22,West
INV00006784,C01747,24-10-2024,P0131,Product P0131,5,140.62,East
INV00009265,C01559,24-10-2024,P0207,Product P0207,5,175.65,North
INV00003271,C00413,24-10-2024,P0136,Product P0136,4,18,East
INV00005126,C01867,24-10-2024,P0037,Product P0037,4,170.83,North
INV00006121,C00577,24-10-2024,P0030,Product P0030,2,6.59,North
INV00000864,C01931,24-10-2024,P0133,Product P0133,4,174.97,South
INV00004092,C00106,24-10-2024,P0289,Product P0289,4,100.73,North
INV00006135,C01629,24-10-2024,P0134,Product P0134,4,136.85,East
INV00005240,C02256,24-10-2024,P0254,Product P0254,5,96.81,South
INV00003117,C01572,24-10-2024,P0176,Product P0176,2,53.22,North
INV00007039,C02025,24-10-2024,P0009,Product P0009,5,84.84,East
INV00009004,C01138,24-10-2024,P0191,Product P0191,5,35.18,East
INV00004207,C02267,24-10-2024,P0256,Product P0256,3,5.04,West
INV00008471,C01395,24-10-2024,P0074,Product P0074,3,48.37,South
INV00007643,C01044,24-10-2024,P0027,Product P0027,1,83.09,West
INV00001239,C00745,24-10-2024,P0294,Product P0294,1,23.98,South
INV00000906,C01774,24-10-2024,P0225,Product P0225,4,4.61,East
INV00005553,C01641,25-10-2024,P0135,Product P0135,5,94.42,West
INV00005640,C02309,25-10-2024,P0137,Product P0137,3,97.42,West
INV00007724,C00071,25-10-2024,P0117,Product P0117,5,91.57,East
INV00002114,C02276,25-10-2024,P0041,Product P0041,2,142.34,East
INV00002830,C00318,25-10-2024,P0161,Product P0161,5,74.8,West
INV00009214,C02143,25-10-2024,P0153,Product P0153,2,62.2,South
INV00000833,C01134,25-10-2024,P0101,Product P0101,5,168.69,South
INV00006297,C00370,25-10-2024,P0042,Product P0042,4,75.01,North
INV00004585,C01467,25-10-2024,P0039,Product P0039,3,56.45,West
INV00005927,C01859,25-10-2024,P0269,Product P0269,1,81.87,West
INV00002707,C01766,25-10-2024,P0118,Product P0118,3,100.04,East
INV00001865,C02089,26-10-2024,P0257,Product P0257,4,157.67,East
INV00008825,C01786,26-10-2024,P0016,Product P0016,1,164.74,East
INV00006547,C01726,26-10-2024,P0215,Product P0215,4,170.55,North
INV00000726,C00293,26-10-2024,P0043,Product P0043,1,45.5,North
INV00009367,C00850,26-10-2024,P0272,Product P0272,3,31.32,West
INV00000385,C00080,26-10-2024,P0224,Product P0224,4,23.06,East
INV00002206,C01994,26-10-2024,P0254,Product P0254,4,156.17,North
INV00008817,C00929,26-10-2024,P0116,Product P0116,4,133.33,West
INV00003164,C00786,26-10-2024,P0181,Product P0181,4,140.27,West
INV00009532,C00682,26-10-2024,P0160,Product P0160,5,73.31,South
INV00007462,C02341,26-10-2024,P0068,Product P0068,4,117.45,West
INV00006821,C01973,26-10-2024,P0286,Product P0286,5,10.25,East
INV00000465,C00017,26-10-2024,P0062,Product P0062,3,148.24,North
INV00006411,C02121,27-10-2024,P0299,Product P0299,2,176.85,East
INV00005759,C01343,27-10-2024,P0160,Product P0160,4,47.73,East
INV00007639,C02001,27-10-2024,P0220,Product P0220,1,72.3,South
INV00008236,C02163,27-10-2024,P0171,Product P0171,1,9.95,East
INV00008253,C00103,27-10-2024,P0209,Product P0209,5,8.7,North
INV00000953,C01537,27-10-2024,P0277,Product P0277,3,104.21,West
INV00009326,C01137,27-10-2024,P0080,Product P0080,4,130.18,West
INV00007026,C02470,27-10-2024,P0151,Product P0151,4,36.96,North
INV00006065,C00932,27-10-2024,P0044,Product P0044,4,68.28,North
INV00008411,C02290,27-10-2024,P0233,Product P0233,1,153.01,East
INV00003920,C01535,27-10-2024,P0273,Product P0273,2,80.66,East
INV00009722,C01264,27-10-2024,P0046,Product P0046,2,32.42,East
INV00004273,C02334,27-10-2024,P0170,Product P0170,4,134.15,North
INV00003758,C01369,28-10-2024,P0204,Product P0204,1,56.6,North
INV00005661,C00324,28-10-2024,P0048,Product P0048,3,62.24,East
INV00008651,C02227,28-10-2024,P0225,Product P0225,4,5.94,East
INV00009345,C02482,28-10-2024,P0151,Product P0151,2,31.87,North
INV00000277,C01168,28-10-2024,P0257,Product P0257,4,36.79,West
INV00000974,C01186,28-10-2024,P0265,Product P0265,1,84.43,East
INV00007138,C02094,28-10-2024,P0209,Product P0209,2,26.89,East
INV00008949,C02343,28-10-2024,P0275,Product P0275,1,9.03,North
INV00007475,C01188,28-10-2024,P0226,Product P0226,2,128.08,West
INV00008953,C00923,28-10-2024,P0217,Product P0217,3,73,West
INV00005928,C01481,28-10-2024,P0214,Product P0214,4,101.83,East
INV00002903,C02158,29-10-2024,P0017,Product P0017,4,174.45,East
INV00009586,C00686,29-10-2024,P0011,Product P0011,5,179.26,East
INV00003607,C00819,29-10-2024,P0254,Product P0254,5,142.76,East
INV00007664,C01553,29-10-2024,P0167,Product P0167,1,80.83,South
INV00006304,C01497,29-10-2024,P0157,Product P0157,4,173.97,South
INV00003986,C00850,29-10-2024,P0273,Product P0273,5,87.94,East
INV00008811,C02264,29-10-2024,P0091,Product P0091,2,27.38,South
INV00009614,C01022,29-10-2024,P0208,Product P0208,3,54.52,North
INV00004172,C00659,29-10-2024,P0228,Product P0228,4,130.99,North
INV00002238,C00677,30-10-2024,P0259,Product P0259,3,95.47,North
INV00007787,C01781,30-10-2024,P0066,Product P0066,4,69.5,South
INV00008194,C01478,30-10-2024,P0139,Product P0139,4,89.07,North
INV00008357,C02335,30-10-2024,P0174,Product P0174,5,115.52,West
INV00009123,C02494,30-10-2024,P0064,Product P0064,4,44.59,South
INV00005414,C02232,30-10-2024,P0055,Product P0055,2,169.7,North
INV00006803,C01319,30-10-2024,P0185,Product P0185,1,141.5,West
INV00002615,C00262,30-10-2024,P0135,Product P0135,5,65.81,West
INV00007650,C01808,30-10-2024,P0264,Product P0264,1,32.42,South
INV00002058,C01847,30-10-2024,P0278,Product P0278,3,166.91,North
INV00002923,C00310,30-10-2024,P0048,Product P0048,4,167.33,West
INV00007771,C00567,30-10-2024,P0235,Product P0235,1,55.94,South
INV00001903,C01800,30-10-2024,P0072,Product P0072,5,97.78,North
INV00004834,C00592,30-10-2024,P0062,Product P0062,5,57.78,South
INV00004878,C01093,30-10-2024,P0068,Product P0068,3,116.29,East
INV00006680,C01302,30-10-2024,P0221,Product P0221,1,91.01,South
INV00009862,C01895,30-10-2024,P0023,Product P0023,2,50.3,West
INV00003786,C01385,30-10-2024,P0020,Product P0020,3,32.02,North
INV00004442,C00888,30-10-2024,P0065,Product P0065,4,31.55,South
INV00009486,C01948,30-10-2024,P0173,Product P0173,4,60.12,North
INV00006460,C01209,30-10-2024,P0197,Product P0197,4,20.71,East
INV00004087,C00674,31-10-2024,P0138,Product P0138,2,109.56,East
INV00008311,C00134,31-10-2024,P0015,Product P0015,4,25.04,South
INV00000759,C00320,31-10-2024,P0176,Product P0176,3,128.68,North
INV00009779,C01602,31-10-2024,P0007,Product P0007,3,111.84,South
INV00004179,C01151,31-10-2024,P0294,Product P0294,4,137.03,West
INV00003923,C01203,31-10-2024,P0101,Product P0101,2,163.55,South
INV00002219,C00717,01-11-2024,P0282,Product P0282,1,19.01,West
INV00005749,C02306,01-11-2024,P0139,Product P0139,3,126.44,West
INV00001387,C01402,01-11-2024,P0163,Product P0163,4,39.88,East
INV00008714,C02381,01-11-2024,P0295,Product P0295,1,168.1,North
INV00002623,C00260,01-11-2024,P0098,Product P0098,1,147.52,East
INV00006119,C01261,01-11-2024,P0171,Product P0171,1,46.57,South
INV00007169,C00998,01-11-2024,P0160,Product P0160,4,178.53,East
INV00002504,C00269,01-11-2024,P0062,Product P0062,4,104.18,West
INV00009699,C01870,01-11-2024,P0005,Product P0005,3,9.62,West
INV00001163,C02120,01-11-2024,P0164,Product P0164,5,113.98,North
INV00008770,C02106,01-11-2024,P0144,Product P0144,1,166.07,North
INV00000789,C01362,01-11-2024,P0036,Product P0036,4,88.78,West
INV00003565,C01954,01-11-2024,P0175,Product P0175,5,110.41,South
INV00006780,C00672,01-11-2024,P0170,Product P0170,5,81.2,West
INV00008775,C01288,01-11-2024,P0101,Product P0101,3,17.65,West
INV00001341,C01336,02-11-2024,P0291,Product P0291,4,98.39,West
INV00006973,C00547,02-11-2024,P0155,Product P0155,1,63.81,East
INV00002732,C01306,02-11-2024,P0108,Product P0108,5,18.37,West
INV00002788,C00150,02-11-2024,P0041,Product P0041,3,36.69,North
INV00006005,C01169,02-11-2024,P0286,Product P0286,5,134.39,East
INV00005985,C00351,02-11-2024,P0081,Product P0081,3,70.07,East
INV00004674,C02171,02-11-2024,P0193,Product P0193,1,42.99,West
INV00001628,C01462,02-11-2024,P0215,Product P0215,4,99.59,North
INV00005042,C00409,02-11-2024,P0018,Product P0018,3,22.43,East
INV00009524,C01260,02-11-2024,P0012,Product P0012,3,166.31,West
INV00005199,C01422,02-11-2024,P0121,Product P0121,5,98.82,South
INV00001963,C00357,02-11-2024,P0041,Product P0041,5,59.31,South
INV00003725,C00023,02-11-2024,P0112,Product P0112,1,21.28,North
INV00009488,C00715,02-11-2024,P0194,Product P0194,3,102.98,East
INV00005953,C00486,02-11-2024,P0245,Product P0245,5,172.22,West
INV00007079,C00578,02-11-2024,P0044,Product P0044,5,178.88,East
INV00008139,C02206,03-11-2024,P0043,Product P0043,3,29.26,East
INV00009816,C00305,03-11-2024,P0237,Product P0237,1,6.33,North
INV00000642,C02291,03-11-2024,P0026,Product P0026,5,76.55,East
INV00003618,C01023,03-11-2024,P0128,Product P0128,1,107.42,North
INV00008630,C00008,03-11-2024,P0052,Product P0052,5,33.94,North
INV00000588,C00248,03-11-2024,P0201,Product P0201,2,54.84,West
INV00005701,C01558,03-11-2024,P0077,Product P0077,4,167.56,East
INV00006186,C02126,03-11-2024,P0080,Product P0080,3,62.77,East
INV00006277,C00179,04-11-2024,P0132,Product P0132,1,19.61,East
INV00006146,C02040,04-11-2024,P0069,Product P0069,3,20.26,South
INV00004699,C00753,04-11-2024,P0096,Product P0096,5,17.23,East
INV00006307,C02019,04-11-2024,P0156,Product P0156,2,150.55,East
INV00000846,C00014,04-11-2024,P0236,Product P0236,3,62.27,South
INV00005175,C00512,04-11-2024,P0181,Product P0181,3,99.68,South
INV00009476,C00124,04-11-2024,P0055,Product P0055,3,99.25,South
INV00003613,C01524,04-11-2024,P0229,Product P0229,4,76.37,South
INV00005029,C01756,04-11-2024,P0144,Product P0144,3,126.12,South
INV00006749,C00910,04-11-2024,P0077,Product P0077,2,114.97,East
INV00003303,C01504,04-11-2024,P0175,Product P0175,4,40.58,South
INV00005705,C00780,04-11-2024,P0056,Product P0056,5,119.69,North
INV00007025,C00311,04-11-2024,P0234,Product P0234,2,117.01,South
INV00009506,C00911,04-11-2024,P0097,Product P0097,2,164.56,East
INV00006457,C00739,04-11-2024,P0007,Product P0007,1,131.52,West
INV00002531,C02290,04-11-2024,P0111,Product P0111,2,123.25,East
INV00000796,C00739,05-11-2024,P0098,Product P0098,2,125.04,West
INV00001045,C01773,05-11-2024,P0065,Product P0065,1,144.56,South
INV00006515,C02025,05-11-2024,P0182,Product P0182,3,102.72,South
INV00009406,C00856,05-11-2024,P0294,Product P0294,3,15.69,East
INV00002572,C02332,05-11-2024,P0169,Product P0169,2,35.67,South
INV00009323,C02055,05-11-2024,P0108,Product P0108,2,126.7,South
INV00008557,C02242,05-11-2024,P0122,Product P0122,5,122.26,West
INV00001658,C02185,05-11-2024,P0158,Product P0158,4,41.02,West
INV00006816,C00630,05-11-2024,P0214,Product P0214,4,157.6,North
INV00004031,C01355,05-11-2024,P0247,Product P0247,3,120.9,South
INV00002204,C00841,05-11-2024,P0060,Product P0060,1,31.35,South
INV00001740,C00511,05-11-2024,P0059,Product P0059,5,147.91,North
INV00002191,C00907,05-11-2024,P0218,Product P0218,5,117.57,North
INV00000981,C01475,05-11-2024,P0151,Product P0151,5,10.37,West
INV00005073,C00437,06-11-2024,P0185,Product P0185,2,65.2,North
INV00004454,C01764,06-11-2024,P0009,Product P0009,1,35.81,North
INV00006559,C02386,06-11-2024,P0238,Product P0238,2,122.17,East
INV00000171,C00266,06-11-2024,P0025,Product P0025,3,74.82,North
INV00005272,C01072,06-11-2024,P0001,Product P0001,4,129.28,West
INV00001979,C00143,06-11-2024,P0287,Product P0287,2,163.48,South
INV00004925,C00828,06-11-2024,P0223,Product P0223,5,10.82,West
INV00002142,C02188,06-11-2024,P0276,Product P0276,5,13.24,North
INV00007905,C01580,06-11-2024,P0143,Product P0143,5,83.43,North
INV00001568,C01509,06-11-2024,P0260,Product P0260,2,94.76,West
INV00006683,C01855,06-11-2024,P0064,Product P0064,2,89.82,North
INV00001016,C02094,06-11-2024,P0121,Product P0121,1,41.37,East
INV00003727,C00274,06-11-2024,P0027,Product P0027,5,128.11,North
INV00007696,C01764,07-11-2024,P0178,Product P0178,2,92.19,East
INV00004239,C01899,07-11-2024,P0089,Product P0089,3,76.14,South
INV00007707,C02116,07-11-2024,P0220,Product P0220,4,103.14,North
INV00007934,C01245,07-11-2024,P0152,Product P0152,3,97.39,West
INV00003090,C01169,07-11-2024,P0078,Product P0078,2,69.64,North
INV00000462,C00351,07-11-2024,P0241,Product P0241,3,102.96,East
INV00004362,C01962,07-11-2024,P0078,Product P0078,2,173.44,East
INV00002826,C02106,07-11-2024,P0131,Product P0131,5,161.76,North
INV00004972,C00959,07-11-2024,P0238,Product P0238,4,151.66,East
INV00009793,C00144,07-11-2024,P0163,Product P0163,2,175.54,West
INV00006992,C02041,07-11-2024,P0159,Product P0159,3,25.24,North
INV00008475,C02018,07-11-2024,P0066,Product P0066,4,28.79,North
INV00000622,C01195,07-11-2024,P0128,Product P0128,1,75.9,East
INV00005098,C00800,07-11-2024,P0034,Product P0034,1,55.35,South
INV00006650,C01511,07-11-2024,P0261,Product P0261,4,157.76,West
INV00005632,C01397,07-11-2024,P0096,Product P0096,2,98.38,West
INV00002450,C00430,07-11-2024,P0153,Product P0153,1,65.69,East
INV00003811,C00573,07-11-2024,P0195,Product P0195,3,137.26,North
INV00001276,C01784,07-11-2024,P0214,Product P0214,5,26.54,West
INV00000160,C01960,08-11-2024,P0216,Product P0216,4,30.32,West
INV00007576,C00320,08-11-2024,P0198,Product P0198,2,113.52,East
INV00002607,C01332,08-11-2024,P0182,Product P0182,5,152.27,North
INV00008609,C01818,08-11-2024,P0130,Product P0130,2,122.13,West
INV00005515,C01272,08-11-2024,P0159,Product P0159,5,156.07,East
INV00008216,C01820,08-11-2024,P0135,Product P0135,2,150.04,East
INV00002890,C00488,08-11-2024,P0068,Product P0068,2,70.54,South
INV00008334,C00049,08-11-2024,P0184,Product P0184,3,97.19,East
INV00007137,C01414,08-11-2024,P0249,Product P0249,2,175.77,East
INV00008171,C02202,08-11-2024,P0005,Product P0005,3,63.99,West
INV00001277,C01643,08-11-2024,P0148,Product P0148,5,30.61,East
INV00001201,C02198,08-11-2024,P0295,Product P0295,2,47.88,West
INV00004353,C01379,09-11-2024,P0109,Product P0109,3,129.76,East
INV00008267,C00354,09-11-2024,P0037,Product P0037,3,95.3,North
INV00004859,C00656,09-11-2024,P0300,Product P0300,3,162.85,East
INV00000562,C00109,09-11-2024,P0288,Product P0288,4,162.97,North
INV00003305,C00297,09-11-2024,P0189,Product P0189,5,135.4,East
INV00002495,C01047,09-11-2024,P0190,Product P0190,5,93.93,East
INV00005586,C01850,10-11-2024,P0054,Product P0054,3,32.23,North
INV00001081,C02301,10-11-2024,P0028,Product P0028,3,41.06,North
INV00000112,C01952,10-11-2024,P0083,Product P0083,1,68.94,South
INV00001452,C00103,10-11-2024,P0265,Product P0265,5,132.43,West
INV00001534,C00471,10-11-2024,P0108,Product P0108,2,162.27,South
INV00003401,C02036,10-11-2024,P0275,Product P0275,5,135.22,East
INV00001964,C02046,10-11-2024,P0162,Product P0162,2,159.95,East
INV00009024,C01290,10-11-2024,P0131,Product P0131,5,65.91,East
INV00006278,C01943,10-11-2024,P0231,Product P0231,2,56.22,West
INV00000242,C01461,10-11-2024,P0187,Product P0187,1,145.06,East
INV00006795,C01825,10-11-2024,P0217,Product P0217,3,79.25,East
INV00003302,C00666,10-11-2024,P0199,Product P0199,3,27.17,North
INV00008589,C01295,10-11-2024,P0066,Product P0066,3,46.47,West
INV00009122,C02476,11-11-2024,P0203,Product P0203,3,19.32,North
INV00001840,C01383,11-11-2024,P0088,Product P0088,1,157.69,South
INV00005265,C02084,11-11-2024,P0282,Product P0282,4,126.02,East
INV00008937,C02498,11-11-2024,P0279,Product P0279,4,126.05,East
INV00000756,C01095,11-11-2024,P0217,Product P0217,2,51.07,West
INV00006785,C00602,11-11-2024,P0110,Product P0110,3,145.56,West
INV00005251,C00374,11-11-2024,P0103,Product P0103,4,89.11,West
INV00001555,C01145,11-11-2024,P0201,Product P0201,1,152.37,North
INV00005358,C01865,11-11-2024,P0274,Product P0274,2,174.81,North
INV00009278,C00440,11-11-2024,P0184,Product P0184,2,125.36,East
INV00006139,C00165,11-11-2024,P0079,Product P0079,1,24.31,North
INV00007296,C00974,11-11-2024,P0075,Product P0075,4,90.55,North
INV00006112,C01239,11-11-2024,P0177,Product P0177,2,107.74,North
INV00005789,C01361,11-11-2024,P0273,Product P0273,1,176.28,West
INV00004755,C00530,11-11-2024,P0288,Product P0288,3,77.1,South
INV00008144,C01618,11-11-2024,P0097,Product P0097,4,88.08,East
INV00005197,C02342,11-11-2024,P0155,Product P0155,3,75.23,East
INV00001788,C00248,12-11-2024,P0255,Product P0255,3,9.4,South
INV00008306,C01096,12-11-2024,P0157,Product P0157,5,140.3,East
INV00009131,C01409,12-11-2024,P0299,Product P0299,1,160.38,North
INV00000474,C01169,12-11-2024,P0056,Product P0056,5,161.15,North
INV00004971,C02139,12-11-2024,P0018,Product P0018,5,162.68,East
INV00002787,C00707,12-11-2024,P0060,Product P0060,5,73.18,East
INV00005608,C01490,12-11-2024,P0146,Product P0146,1,50.29,East
INV00005511,C01015,12-11-2024,P0014,Product P0014,1,38.33,East
INV00009964,C00560,12-11-2024,P0004,Product P0004,4,93.93,North
INV00007765,C01169,12-11-2024,P0241,Product P0241,3,67.06,South
INV00008481,C01589,12-11-2024,P0002,Product P0002,2,21.2,South
INV00006824,C00335,12-11-2024,P0151,Product P0151,2,76.1,South
INV00008970,C02162,12-11-2024,P0225,Product P0225,3,45.98,East
INV00007695,C01594,12-11-2024,P0067,Product P0067,5,134.74,West
INV00007804,C02026,12-11-2024,P0271,Product P0271,4,165.94,East
INV00001287,C02270,12-11-2024,P0016,Product P0016,3,85.77,South
INV00005597,C01335,12-11-2024,P0014,Product P0014,3,165.83,South
INV00002190,C01465,13-11-2024,P0292,Product P0292,1,28.44,South
INV00000832,C00603,13-11-2024,P0141,Product P0141,5,63.73,East
INV00006522,C00199,13-11-2024,P0111,Product P0111,2,170.92,South
INV00000652,C01632,13-11-2024,P0044,Product P0044,1,137.46,West
INV00007667,C01415,13-11-2024,P0172,Product P0172,5,96.92,East
INV00001659,C02098,13-11-2024,P0156,Product P0156,5,114.48,West
INV00008905,C01512,13-11-2024,P0182,Product P0182,3,166.81,North
INV00007286,C02040,13-11-2024,P0018,Product P0018,3,80.32,North
INV00005903,C00235,13-11-2024,P0209,Product P0209,2,21.32,West
INV00007332,C01050,13-11-2024,P0197,Product P0197,2,60.87,East
INV00006667,C00200,13-11-2024,P0211,Product P0211,2,105.7,South
INV00000484,C01993,13-11-2024,P0088,Product P0088,1,26.61,North
INV00006206,C02399,13-11-2024,P0225,Product P0225,3,98.79,North
INV00004680,C00173,13-11-2024,P0271,Product P0271,4,54.74,East
INV00007531,C01064,13-11-2024,P0223,Product P0223,2,139.41,East
INV00008790,C00899,14-11-2024,P0223,Product P0223,4,16.32,East
INV00000455,C01493,14-11-2024,P0016,Product P0016,4,41.33,North
INV00006020,C01878,14-11-2024,P0177,Product P0177,2,55.53,North
INV00003139,C01172,14-11-2024,P0226,Product P0226,4,88.93,South
INV00002951,C00079,14-11-2024,P0003,Product P0003,2,173.89,South
INV00004395,C01273,14-11-2024,P0122,Product P0122,4,76.79,West
INV00004066,C00863,14-11-2024,P0063,Product P0063,4,127.22,South
INV00005867,C01796,14-11-2024,P0239,Product P0239,4,39.99,South
INV00003520,C02305,14-11-2024,P0074,Product P0074,3,59.45,North
INV00007785,C01209,14-11-2024,P0212,Product P0212,3,64.48,East
INV00008221,C00787,14-11-2024,P0205,Product P0205,5,26.04,West
INV00003611,C01399,15-11-2024,P0083,Product P0083,2,107.04,North
INV00006128,C02208,15-11-2024,P0227,Product P0227,5,94.72,West
INV00002995,C01927,15-11-2024,P0076,Product P0076,3,29.37,West
INV00003110,C00590,15-11-2024,P0048,Product P0048,4,150.81,South
INV00007237,C02103,15-11-2024,P0251,Product P0251,3,120.87,East
INV00000065,C01028,15-11-2024,P0021,Product P0021,5,92.79,East
INV00005944,C01628,15-11-2024,P0046,Product P0046,2,139.63,North
INV00003660,C01234,15-11-2024,P0224,Product P0224,1,96.61,West
INV00007219,C00630,15-11-2024,P0261,Product P0261,4,47.38,East
INV00000690,C01957,15-11-2024,P0090,Product P0090,2,175.33,West
INV00003821,C00316,15-11-2024,P0131,Product P0131,2,52.74,South
INV00002010,C01581,15-11-2024,P0019,Product P0019,4,56.71,East
INV00004717,C02224,15-11-2024,P0006,Product P0006,5,149.8,North
INV00007507,C00396,15-11-2024,P0063,Product P0063,4,90.2,West
INV00005585,C01149,15-11-2024,P0257,Product P0257,1,126.96,West
INV00002594,C00237,15-11-2024,P0242,Product P0242,4,102.26,West
INV00003882,C00559,15-11-2024,P0213,Product P0213,3,113.62,East
INV00008851,C00636,15-11-2024,P0286,Product P0286,5,4.76,West
INV00003490,C01776,15-11-2024,P0029,Product P0029,3,31.05,West
INV00008552,C00106,16-11-2024,P0014,Product P0014,4,159.84,East
INV00008643,C02266,16-11-2024,P0043,Product P0043,5,173.73,West
INV00008135,C01844,16-11-2024,P0100,Product P0100,3,96.09,East
INV00009934,C00927,16-11-2024,P0113,Product P0113,4,153.73,East
INV00008038,C00220,16-11-2024,P0214,Product P0214,2,116.47,North
INV00009028,C00306,16-11-2024,P0243,Product P0243,4,109.79,South
INV00003102,C00328,16-11-2024,P0260,Product P0260,1,118.67,East
INV00006205,C00136,16-11-2024,P0136,Product P0136,5,167.99,South
INV00003412,C02467,16-11-2024,P0149,Product P0149,3,114.13,East
INV00005252,C01057,16-11-2024,P0017,Product P0017,3,166.28,South
INV00001306,C01680,16-11-2024,P0178,Product P0178,5,137.79,East
INV00007029,C01115,16-11-2024,P0172,Product P0172,4,142.29,South
INV00004429,C01928,16-11-2024,P0163,Product P0163,3,71.28,West
INV00001076,C00410,16-11-2024,P0183,Product P0183,4,89.68,South
INV00005814,C02420,16-11-2024,P0186,Product P0186,4,60.15,South
INV00005112,C01732,16-11-2024,P0276,Product P0276,3,69.08,West
INV00000762,C01383,16-11-2024,P0066,Product P0066,4,178.86,North
INV00008538,C01983,17-11-2024,P0273,Product P0273,4,4.53,South
INV00009689,C00682,17-11-2024,P0156,Product P0156,4,159.73,South
INV00003624,C01103,17-11-2024,P0086,Product P0086,3,107.57,North
INV00002080,C00315,17-11-2024,P0128,Product P0128,5,41.91,South
INV00009543,C00650,17-11-2024,P0170,Product P0170,5,81.9,West
INV00000010,C00236,17-11-2024,P0014,Product P0014,2,82,East
INV00004021,C00332,18-11-2024,P0162,Product P0162,4,155.08,East
INV00007954,C00137,18-11-2024,P0010,Product P0010,2,158.91,West
INV00008337,C00997,18-11-2024,P0272,Product P0272,2,149.46,West
INV00008739,C01790,18-11-2024,P0012,Product P0012,4,16.21,West
INV00006226,C01778,18-11-2024,P0284,Product P0284,1,18.26,South
INV00007721,C00040,18-11-2024,P0169,Product P0169,1,71.46,South
INV00007104,C01383,18-11-2024,P0195,Product P0195,4,114.04,East
INV00002182,C00601,18-11-2024,P0020,Product P0020,3,59.64,East
INV00004702,C00141,18-11-2024,P0012,Product P0012,5,125.37,East
INV00000734,C01936,18-11-2024,P0129,Product P0129,4,126.29,North
INV00006311,C01208,18-11-2024,P0095,Product P0095,3,164.12,East
INV00008379,C02370,19-11-2024,P0143,Product P0143,5,60,North
INV00002666,C01342,19-11-2024,P0153,Product P0153,3,43.66,West
INV00004055,C00015,19-11-2024,P0024,Product P0024,2,4.52,West
INV00007967,C00525,19-11-2024,P0283,Product P0283,2,93.15,South
INV00004292,C02324,19-11-2024,P0218,Product P0218,1,154.09,North
INV00003315,C01008,19-11-2024,P0236,Product P0236,3,11.97,West
INV00005033,C00901,19-11-2024,P0015,Product P0015,5,136.2,East
INV00006238,C00677,19-11-2024,P0120,Product P0120,3,91.96,North
INV00009533,C01344,19-11-2024,P0293,Product P0293,4,91.98,North
INV00003942,C00781,19-11-2024,P0233,Product P0233,4,25.56,North
INV00001935,C00367,20-11-2024,P0042,Product P0042,3,112.16,North
INV00004688,C00721,20-11-2024,P0017,Product P0017,5,78.89,West
INV00003336,C00570,20-11-2024,P0144,Product P0144,5,87.87,East
INV00007955,C01632,20-11-2024,P0058,Product P0058,3,101.96,East
INV00001858,C01461,20-11-2024,P0264,Product P0264,5,138.57,North
INV00007030,C02298,20-11-2024,P0119,Product P0119,2,98.76,South
INV00006227,C01489,20-11-2024,P0050,Product P0050,5,94.61,North
INV00003228,C00946,20-11-2024,P0034,Product P0034,4,67.78,North
INV00006853,C01694,20-11-2024,P0158,Product P0158,1,29.65,East
INV00006769,C01294,20-11-2024,P0179,Product P0179,2,176.57,South
INV00003053,C01879,20-11-2024,P0057,Product P0057,5,178.29,North
INV00001619,C00304,20-11-2024,P0102,Product P0102,4,113.76,East
INV00001650,C02091,20-11-2024,P0110,Product P0110,2,173.75,South
INV00003859,C00814,21-11-2024,P0015,Product P0015,1,46.62,East
INV00009422,C01984,21-11-2024,P0244,Product P0244,1,170.65,North
INV00003748,C02463,21-11-2024,P0106,Product P0106,1,65.34,South
INV00007675,C02465,21-11-2024,P0085,Product P0085,4,53.69,North
INV00001445,C00350,21-11-2024,P0093,Product P0093,4,38.58,South
INV00003832,C00507,21-11-2024,P0266,Product P0266,5,143.43,West
INV00005831,C00826,21-11-2024,P0235,Product P0235,2,69.39,South
INV00001822,C01913,21-11-2024,P0289,Product P0289,4,179.62,East
INV00007376,C02381,21-11-2024,P0077,Product P0077,2,116.59,North
INV00006791,C02158,21-11-2024,P0002,Product P0002,4,99.79,East
INV00005613,C01600,21-11-2024,P0157,Product P0157,2,55.54,West
INV00002898,C01565,21-11-2024,P0206,Product P0206,4,30.69,North
INV00006951,C01723,21-11-2024,P0117,Product P0117,2,38.38,North
INV00007982,C02450,22-11-2024,P0265,Product P0265,4,122.99,South
INV00006842,C02152,22-11-2024,P0085,Product P0085,2,177.98,North
INV00009986,C01760,22-11-2024,P0111,Product P0111,1,93.44,East
INV00000325,C02438,22-11-2024,P0151,Product P0151,2,166.98,West
INV00005170,C00010,22-11-2024,P0167,Product P0167,4,72.12,East
INV00008977,C01913,22-11-2024,P0041,Product P0041,5,159.68,East
INV00009526,C02305,22-11-2024,P0222,Product P0222,3,89.15,South
INV00009021,C01880,22-11-2024,P0049,Product P0049,2,170,South
INV00007447,C00372,22-11-2024,P0088,Product P0088,4,55.44,North
INV00003459,C02104,22-11-2024,P0022,Product P0022,1,149.98,West
INV00002442,C00003,22-11-2024,P0134,Product P0134,2,46.54,East
INV00001910,C02351,22-11-2024,P0130,Product P0130,5,131.34,West
INV00007271,C00762,22-11-2024,P0022,Product P0022,3,33.53,West
INV00008061,C00975,22-11-2024,P0109,Product P0109,1,73.04,North
INV00009948,C02183,22-11-2024,P0102,Product P0102,5,86.85,North
INV00002040,C01125,22-11-2024,P0285,Product P0285,4,133.45,East
INV00007744,C00510,23-11-2024,P0263,Product P0263,3,138.6,West
INV00000089,C01920,23-11-2024,P0127,Product P0127,1,36.7,North
INV00002199,C01428,23-11-2024,P0115,Product P0115,5,73.55,West
INV00004918,C00683,23-11-2024,P0035,Product P0035,4,167.57,North
INV00006721,C02155,23-11-2024,P0242,Product P0242,4,162.02,North
INV00007484,C00473,23-11-2024,P0199,Product P0199,3,150.86,North
INV00004553,C00248,23-11-2024,P0025,Product P0025,2,106.01,North
INV00001639,C00456,23-11-2024,P0095,Product P0095,4,30.26,East
INV00006581,C01158,23-11-2024,P0295,Product P0295,3,82.87,North
INV00003078,C02038,23-11-2024,P0152,Product P0152,4,89.84,North
INV00009203,C00847,23-11-2024,P0226,Product P0226,5,88.78,South
INV00002854,C00225,23-11-2024,P0035,Product P0035,5,44.17,North
INV00002212,C01936,24-11-2024,P0291,Product P0291,1,143.46,South
INV00006897,C00658,24-11-2024,P0089,Product P0089,1,42.19,South
INV00003518,C02258,24-11-2024,P0125,Product P0125,2,174.16,West
INV00009593,C02499,24-11-2024,P0242,Product P0242,4,103.8,East
INV00004958,C00934,24-11-2024,P0128,Product P0128,5,41.73,East
INV00000047,C01115,24-11-2024,P0141,Product P0141,1,20.93,North
INV00003071,C01058,24-11-2024,P0153,Product P0153,2,129.99,West
INV00002551,C01637,24-11-2024,P0119,Product P0119,5,72.67,North
INV00000113,C01390,24-11-2024,P0017,Product P0017,4,178.3,East
INV00000288,C01430,24-11-2024,P0279,Product P0279,1,31.83,West
INV00006535,C02447,24-11-2024,P0294,Product P0294,4,84.85,North
INV00008742,C00711,24-11-2024,P0267,Product P0267,4,152.95,North
INV00003375,C01681,25-11-2024,P0241,Product P0241,2,8.2,South
INV00006095,C00787,25-11-2024,P0071,Product P0071,1,104.93,West
INV00001175,C00022,25-11-2024,P0021,Product P0021,1,165.12,East
INV00002583,C00729,25-11-2024,P0271,Product P0271,2,75.37,South
INV00007190,C00111,25-11-2024,P0024,Product P0024,4,120.99,South
INV00003537,C00076,25-11-2024,P0146,Product P0146,4,58.22,North
INV00003752,C01997,25-11-2024,P0151,Product P0151,2,153.07,East
INV00009965,C01626,25-11-2024,P0108,Product P0108,2,130.64,West
INV00009279,C02450,25-11-2024,P0238,Product P0238,3,177.75,South
INV00002122,C02383,25-11-2024,P0191,Product P0191,3,51.89,East
INV00003453,C01132,25-11-2024,P0097,Product P0097,4,115.92,North
INV00007985,C01800,25-11-2024,P0249,Product P0249,1,163.64,North
INV00006195,C00804,25-11-2024,P0251,Product P0251,4,44.86,South
INV00005964,C00696,25-11-2024,P0269,Product P0269,1,24.23,East
INV00002712,C00060,25-11-2024,P0150,Product P0150,1,87.91,South
INV00005486,C00438,25-11-2024,P0245,Product P0245,2,170.42,South
INV00001371,C02202,25-11-2024,P0250,Product P0250,3,69.28,East
INV00009152,C00477,25-11-2024,P0167,Product P0167,2,14.18,South
INV00000136,C00760,26-11-2024,P0108,Product P0108,5,103.55,East
INV00009395,C00421,26-11-2024,P0074,Product P0074,4,84.49,West
INV00002937,C01920,26-11-2024,P0186,Product P0186,1,24.61,North
INV00000940,C01271,26-11-2024,P0029,Product P0029,2,31.29,South
INV00004926,C00227,26-11-2024,P0012,Product P0012,1,113.51,East
INV00001953,C00180,26-11-2024,P0204,Product P0204,4,176.65,West
INV00007103,C01617,26-11-2024,P0107,Product P0107,2,167.51,East
INV00000914,C02451,26-11-2024,P0054,Product P0054,3,117.31,East
INV00004795,C00991,26-11-2024,P0195,Product P0195,3,153.43,South
INV00001369,C02408,26-11-2024,P0257,Product P0257,5,75.81,North
INV00001390,C02273,27-11-2024,P0225,Product P0225,4,90.55,West
INV00004019,C00468,27-11-2024,P0172,Product P0172,1,36.37,North
INV00009207,C00918,27-11-2024,P0295,Product P0295,1,87.66,South
INV00006111,C02163,27-11-2024,P0004,Product P0004,3,19.53,West
INV00003659,C00838,27-11-2024,P0028,Product P0028,4,67.13,West
INV00001843,C02042,27-11-2024,P0211,Product P0211,5,57.14,West
INV00001814,C01239,27-11-2024,P0191,Product P0191,4,104.16,North
INV00007733,C00696,27-11-2024,P0120,Product P0120,2,36.19,South
INV00008621,C00065,27-11-2024,P0229,Product P0229,4,40.52,North
INV00009687,C01727,27-11-2024,P0299,Product P0299,2,140.26,South
INV00009412,C00743,27-11-2024,P0039,Product P0039,1,72.17,East
INV00002575,C01933,28-11-2024,P0064,Product P0064,4,107.83,East
INV00002964,C00168,28-11-2024,P0140,Product P0140,4,162.67,South
INV00002535,C02004,28-11-2024,P0048,Product P0048,4,30.17,East
INV00002588,C00802,28-11-2024,P0298,Product P0298,3,16.78,South
INV00006593,C00926,28-11-2024,P0259,Product P0259,4,9.47,North
INV00001296,C01287,28-11-2024,P0025,Product P0025,5,79.23,East
INV00003609,C01544,28-11-2024,P0007,Product P0007,3,176.02,South
INV00004437,C01638,28-11-2024,P0279,Product P0279,2,117.26,South
INV00001240,C00103,28-11-2024,P0021,Product P0021,4,171.66,East
INV00005435,C01315,28-11-2024,P0068,Product P0068,5,71.98,North
INV00004912,C01344,29-11-2024,P0162,Product P0162,5,80.2,East
INV00002742,C00243,29-11-2024,P0265,Product P0265,1,131.48,South
INV00003739,C01671,29-11-2024,P0202,Product P0202,5,60.97,West
INV00003321,C00213,29-11-2024,P0126,Product P0126,5,159.74,East
INV00001724,C01828,29-11-2024,P0010,Product P0010,4,32.16,North
INV00001759,C01429,29-11-2024,P0295,Product P0295,1,85.53,West
INV00000661,C00442,29-11-2024,P0176,Product P0176,4,174.3,North
INV00008240,C01209,29-11-2024,P0256,Product P0256,2,116.37,South
INV00004681,C00813,29-11-2024,P0039,Product P0039,5,32.95,North
INV00009121,C01619,29-11-2024,P0188,Product P0188,3,36.59,South
INV00001919,C01129,29-11-2024,P0095,Product P0095,2,4.74,East
INV00006703,C01314,30-11-2024,P0123,Product P0123,5,97.89,South
INV00008275,C00198,30-11-2024,P0244,Product P0244,3,96.62,East
INV00004966,C00265,30-11-2024,P0166,Product P0166,1,118.05,East
INV00007618,C02340,30-11-2024,P0273,Product P0273,4,82.93,South
INV00007031,C02230,30-11-2024,P0003,Product P0003,1,141.33,North
INV00005582,C02090,30-11-2024,P0214,Product P0214,4,88.03,East
INV00004797,C01260,30-11-2024,P0182,Product P0182,5,127.57,East
INV00005539,C02042,30-11-2024,P0283,Product P0283,2,95.08,East
INV00008658,C02101,30-11-2024,P0016,Product P0016,5,76.28,North
INV00007631,C00776,30-11-2024,P0106,Product P0106,4,96.38,West
INV00003865,C01579,30-11-2024,P0288,Product P0288,3,141.3,West
INV00009645,C01184,30-11-2024,P0211,Product P0211,3,61.82,West
INV00003906,C01908,30-11-2024,P0036,Product P0036,1,148.84,West
INV00003161,C00297,30-11-2024,P0106,Product P0106,2,142.4,North
INV00003318,C00998,30-11-2024,P0237,Product P0237,1,174.87,East
INV00003522,C00831,30-11-2024,P0014,Product P0014,3,20.24,South
INV00009338,C02188,30-11-2024,P0278,Product P0278,1,105.84,North
INV00000875,C01744,01-12-2024,P0144,Product P0144,2,173.98,South
INV00008872,C01419,01-12-2024,P0167,Product P0167,4,138.33,East
INV00006892,C00842,01-12-2024,P0007,Product P0007,2,146.76,South
INV00000804,C02297,01-12-2024,P0061,Product P0061,1,177.9,West
INV00008254,C01297,01-12-2024,P0078,Product P0078,2,113.17,South
INV00004220,C00408,01-12-2024,P0045,Product P0045,1,62.22,West
INV00007803,C01837,01-12-2024,P0126,Product P0126,1,66,South
INV00002589,C02426,01-12-2024,P0193,Product P0193,5,103.79,East
INV00005164,C02091,01-12-2024,P0255,Product P0255,1,137.31,South
INV00001497,C01378,02-12-2024,P0124,Product P0124,4,131.07,West
INV00009501,C02301,02-12-2024,P0072,Product P0072,4,123.25,East
INV00005314,C00987,02-12-2024,P0239,Product P0239,1,71.53,East
INV00004200,C00597,02-12-2024,P0004,Product P0004,4,70.07,West
INV00003008,C01063,02-12-2024,P0264,Product P0264,4,78.98,South
INV00009119,C00919,02-12-2024,P0146,Product P0146,4,71.17,North
INV00005202,C01029,02-12-2024,P0300,Product P0300,4,29.2,South
INV00001291,C00585,02-12-2024,P0247,Product P0247,1,64.21,South
INV00006002,C02074,02-12-2024,P0168,Product P0168,2,133.1,East
INV00009150,C02122,02-12-2024,P0016,Product P0016,3,120.85,East
INV00003681,C01774,03-12-2024,P0218,Product P0218,4,168.94,West
INV00009903,C00712,03-12-2024,P0174,Product P0174,3,15.53,North
INV00003233,C01692,03-12-2024,P0091,Product P0091,5,141.7,South
INV00004883,C01247,03-12-2024,P0221,Product P0221,2,10.05,North
INV00000679,C01309,03-12-2024,P0071,Product P0071,2,135.57,East
INV00006682,C00851,03-12-2024,P0050,Product P0050,1,149.01,North
INV00007886,C00478,04-12-2024,P0021,Product P0021,4,96.22,North
INV00004488,C00637,04-12-2024,P0247,Product P0247,5,121.45,West
INV00000156,C01655,04-12-2024,P0045,Product P0045,1,144.6,North
INV00004051,C00810,04-12-2024,P0064,Product P0064,3,78.72,North
INV00007220,C00565,04-12-2024,P0049,Product P0049,2,64.96,North
INV00005225,C01321,04-12-2024,P0030,Product P0030,5,158.75,East
INV00008612,C00315,04-12-2024,P0140,Product P0140,3,43.48,South
INV00003292,C01160,04-12-2024,P0030,Product P0030,1,66.12,North
INV00006620,C00179,04-12-2024,P0292,Product P0292,2,63.86,East
INV00005248,C02330,05-12-2024,P0042,Product P0042,3,98.79,East
INV00005723,C01711,05-12-2024,P0262,Product P0262,5,43.63,South
INV00006215,C01777,05-12-2024,P0286,Product P0286,3,114.6,East
INV00008257,C01401,05-12-2024,P0119,Product P0119,2,68.33,West
INV00003970,C01547,05-12-2024,P0096,Product P0096,1,33.87,South
INV00006013,C01643,05-12-2024,P0124,Product P0124,3,156.97,North
INV00000733,C02305,05-12-2024,P0072,Product P0072,5,34.43,North
INV00004186,C01430,05-12-2024,P0252,Product P0252,2,123.93,North
INV00004936,C01484,05-12-2024,P0055,Product P0055,1,176.83,East
INV00009611,C02420,05-12-2024,P0059,Product P0059,2,34.31,West
INV00007800,C00481,05-12-2024,P0053,Product P0053,3,75.13,East
INV00002910,C00870,05-12-2024,P0201,Product P0201,4,167.01,South
INV00000921,C02182,05-12-2024,P0193,Product P0193,5,4.82,East
INV00003812,C01112,05-12-2024,P0246,Product P0246,4,137.35,North
INV00003849,C01852,05-12-2024,P0166,Product P0166,5,171.85,West
INV00001634,C02201,06-12-2024,P0091,Product P0091,4,27.74,West
INV00000302,C02066,06-12-2024,P0198,Product P0198,3,39.75,East
INV00009920,C01787,06-12-2024,P0101,Product P0101,2,20.29,North
INV00006894,C01698,06-12-2024,P0131,Product P0131,5,11.96,South
INV00009602,C01093,06-12-2024,P0015,Product P0015,1,21.98,West
INV00009829,C02180,06-12-2024,P0300,Product P0300,3,31.73,North
INV00000583,C00267,06-12-2024,P0191,Product P0191,1,126.34,South
INV00004860,C01894,07-12-2024,P0279,Product P0279,3,52.71,South
INV00007865,C00589,07-12-2024,P0005,Product P0005,1,69.65,East
INV00002802,C01113,07-12-2024,P0049,Product P0049,4,149.71,East
INV00009116,C01811,07-12-2024,P0192,Product P0192,5,142.55,North
INV00008752,C00425,07-12-2024,P0066,Product P0066,3,37.86,North
INV00005713,C01159,07-12-2024,P0095,Product P0095,2,87.81,East
INV00001738,C00250,07-12-2024,P0039,Product P0039,4,174.01,West
INV00002862,C02327,07-12-2024,P0124,Product P0124,1,147.82,North
INV00000969,C02302,07-12-2024,P0010,Product P0010,5,13.78,North
INV00004524,C02467,07-12-2024,P0249,Product P0249,3,89.47,South
INV00007758,C00050,07-12-2024,P0052,Product P0052,4,158.16,South
INV00007437,C02026,07-12-2024,P0028,Product P0028,2,61.57,North
INV00006073,C01794,07-12-2024,P0233,Product P0233,5,154.11,North
INV00003587,C01132,07-12-2024,P0199,Product P0199,5,15.39,East
INV00004571,C01730,07-12-2024,P0054,Product P0054,1,177.52,South
INV00000546,C00134,07-12-2024,P0248,Product P0248,4,42.28,East
INV00001361,C00207,07-12-2024,P0252,Product P0252,4,39.63,South
INV00002437,C01599,07-12-2024,P0114,Product P0114,3,91.43,North
INV00007746,C00279,07-12-2024,P0005,Product P0005,5,94.32,South
INV00004406,C02237,08-12-2024,P0002,Product P0002,4,153.59,West
INV00008458,C01392,08-12-2024,P0235,Product P0235,4,130.21,South
INV00000059,C01859,08-12-2024,P0155,Product P0155,2,158.88,North
INV00005186,C01632,08-12-2024,P0247,Product P0247,4,150.14,South
INV00000069,C00191,08-12-2024,P0093,Product P0093,4,13.14,West
INV00003543,C00213,08-12-2024,P0027,Product P0027,2,134.87,West
INV00005336,C00176,08-12-2024,P0111,Product P0111,4,114.85,West
INV00008445,C01868,08-12-2024,P0023,Product P0023,2,28.71,West
INV00007673,C01782,09-12-2024,P0171,Product P0171,5,30.37,North
INV00008106,C01368,09-12-2024,P0276,Product P0276,5,94.46,West
INV00000402,C01944,09-12-2024,P0078,Product P0078,4,72.24,West
INV00004870,C01744,09-12-2024,P0003,Product P0003,4,103.98,West
INV00001483,C00725,09-12-2024,P0009,Product P0009,5,103.87,West
INV00009953,C00150,09-12-2024,P0155,Product P0155,5,75.02,South
INV00003997,C00064,09-12-2024,P0267,Product P0267,2,87.81,North
INV00003834,C01650,09-12-2024,P0105,Product P0105,4,96.83,North
INV00002774,C01765,09-12-2024,P0083,Product P0083,1,44.67,North
INV00006001,C01548,09-12-2024,P0299,Product P0299,2,67.97,West
INV00009243,C01620,09-12-2024,P0223,Product P0223,5,52.29,South
INV00002839,C00539,09-12-2024,P0185,Product P0185,2,90.97,South
INV00002518,C01316,09-12-2024,P0145,Product P0145,3,5.94,East
INV00000699,C00126,09-12-2024,P0229,Product P0229,2,113.22,West
INV00003531,C00952,09-12-2024,P0242,Product P0242,3,174.03,West
INV00005732,C00310,09-12-2024,P0140,Product P0140,5,54.9,South
INV00000332,C00928,09-12-2024,P0221,Product P0221,5,124.33,East
INV00001777,C00831,10-12-2024,P0223,Product P0223,1,122.99,East
INV00003979,C01356,10-12-2024,P0172,Product P0172,5,25.91,South
INV00008082,C01106,10-12-2024,P0034,Product P0034,3,69.8,North
INV00007814,C02033,10-12-2024,P0123,Product P0123,3,120.43,North
INV00000082,C01093,10-12-2024,P0073,Product P0073,1,100.43,North
INV00008958,C02072,10-12-2024,P0097,Product P0097,1,104.32,West
INV00003067,C02074,10-12-2024,P0231,Product P0231,4,35.65,South
INV00003940,C01275,10-12-2024,P0171,Product P0171,2,179.33,East
INV00009369,C01936,11-12-2024,P0181,Product P0181,3,172.38,East
INV00002083,C00813,11-12-2024,P0240,Product P0240,2,78.76,South
INV00001092,C01121,11-12-2024,P0088,Product P0088,5,175.58,West
INV00001974,C00854,11-12-2024,P0013,Product P0013,1,19.77,East
INV00007432,C02081,11-12-2024,P0009,Product P0009,1,154.11,North
INV00007677,C01902,11-12-2024,P0282,Product P0282,1,66.66,East
INV00003828,C01374,11-12-2024,P0222,Product P0222,2,75.2,West
INV00000005,C01083,11-12-2024,P0079,Product P0079,3,91.11,East
INV00008780,C01455,11-12-2024,P0004,Product P0004,1,70.8,East
INV00007962,C00219,11-12-2024,P0160,Product P0160,3,13.59,North
INV00002292,C00804,12-12-2024,P0196,Product P0196,4,38.53,South
INV00004076,C00056,12-12-2024,P0222,Product P0222,3,5.13,East
INV00009295,C00481,12-12-2024,P0009,Product P0009,2,106.13,West
INV00004511,C00749,12-12-2024,P0184,Product P0184,3,62.97,North
INV00003314,C00562,12-12-2024,P0180,Product P0180,2,40.93,West
INV00003937,C01310,12-12-2024,P0158,Product P0158,5,25.37,North
INV00008284,C01323,12-12-2024,P0284,Product P0284,1,136.58,North
INV00008233,C02170,12-12-2024,P0045,Product P0045,3,171.63,West
INV00005277,C00624,12-12-2024,P0166,Product P0166,4,61.78,East
INV00006027,C01123,12-12-2024,P0031,Product P0031,2,136.1,West
INV00004441,C00816,12-12-2024,P0076,Product P0076,2,9.62,South
INV00003645,C02398,12-12-2024,P0097,Product P0097,2,111.24,North
INV00001023,C02172,12-12-2024,P0200,Product P0200,3,170.87,North
INV00008454,C01509,12-12-2024,P0300,Product P0300,1,143.29,North
INV00005144,C01394,12-12-2024,P0285,Product P0285,5,147.99,West
INV00004531,C00076,12-12-2024,P0047,Product P0047,5,51.2,West
INV00003136,C00040,12-12-2024,P0151,Product P0151,4,35.25,West
INV00001061,C01927,12-12-2024,P0219,Product P0219,1,93.54,South
INV00005567,C00552,12-12-2024,P0275,Product P0275,3,108.23,West
INV00004121,C01815,12-12-2024,P0133,Product P0133,1,59.75,North
INV00008167,C00267,12-12-2024,P0269,Product P0269,4,67.79,South
INV00003201,C02304,12-12-2024,P0166,Product P0166,1,149.13,South
INV00003132,C01153,12-12-2024,P0208,Product P0208,3,5.87,North
INV00002177,C00264,13-12-2024,P0256,Product P0256,3,111.03,North
INV00006120,C00675,13-12-2024,P0265,Product P0265,3,139.58,East
INV00003010,C02031,13-12-2024,P0232,Product P0232,5,25.27,South
INV00009652,C01006,13-12-2024,P0014,Product P0014,4,143.79,South
INV00003279,C02483,13-12-2024,P0017,Product P0017,2,35.52,West
INV00002687,C00612,13-12-2024,P0101,Product P0101,2,50.51,West
INV00005915,C01312,13-12-2024,P0128,Product P0128,2,73.48,West
INV00003560,C01170,13-12-2024,P0217,Product P0217,5,136.94,West
INV00006273,C01428,13-12-2024,P0091,Product P0091,1,152,West
INV00009940,C01554,13-12-2024,P0160,Product P0160,5,91.29,East
INV00008738,C00367,13-12-2024,P0230,Product P0230,5,57.42,East
INV00008400,C00256,13-12-2024,P0150,Product P0150,3,73.05,North
INV00007836,C01363,13-12-2024,P0066,Product P0066,3,54.45,West
INV00000093,C02105,13-12-2024,P0180,Product P0180,4,41.84,South
INV00006538,C02379,13-12-2024,P0220,Product P0220,3,70.63,South
INV00001673,C00670,14-12-2024,P0273,Product P0273,5,24.15,West
INV00009013,C01986,14-12-2024,P0137,Product P0137,4,174.78,East
INV00005035,C00053,14-12-2024,P0141,Product P0141,1,131.22,North
INV00008543,C01180,14-12-2024,P0218,Product P0218,5,142.79,North
INV00000952,C00762,14-12-2024,P0039,Product P0039,1,35.71,West
INV00008424,C00892,14-12-2024,P0115,Product P0115,3,92.39,West
INV00001756,C00798,14-12-2024,P0053,Product P0053,3,92.13,West
INV00006433,C00636,14-12-2024,P0219,Product P0219,5,23.72,West
INV00007790,C02312,14-12-2024,P0119,Product P0119,1,110.18,West
INV00005475,C00143,14-12-2024,P0001,Product P0001,1,149.54,West
INV00006068,C00576,15-12-2024,P0096,Product P0096,1,32.97,West
INV00002106,C00688,15-12-2024,P0255,Product P0255,5,92.89,South
INV00002579,C02424,15-12-2024,P0112,Product P0112,1,112.74,East
INV00005706,C02038,15-12-2024,P0175,Product P0175,1,151.77,West
INV00000659,C00182,15-12-2024,P0044,Product P0044,1,123.82,South
INV00009946,C00793,15-12-2024,P0296,Product P0296,3,18.99,East
INV00000636,C01715,15-12-2024,P0276,Product P0276,3,166.25,West
INV00001334,C02019,15-12-2024,P0078,Product P0078,2,141.24,West
INV00001932,C01206,15-12-2024,P0073,Product P0073,1,22.46,East
INV00003615,C01879,15-12-2024,P0027,Product P0027,1,101.52,West
INV00005785,C01425,15-12-2024,P0128,Product P0128,1,113.18,South
INV00006601,C00340,15-12-2024,P0299,Product P0299,5,68.36,South
INV00009900,C01728,15-12-2024,P0165,Product P0165,3,135.84,South
INV00001826,C02255,15-12-2024,P0159,Product P0159,4,101.44,North
INV00009093,C01763,15-12-2024,P0088,Product P0088,4,124,East
INV00004837,C00343,15-12-2024,P0213,Product P0213,5,168.35,East
INV00006491,C02206,16-12-2024,P0108,Product P0108,4,33.74,East
INV00006191,C02255,16-12-2024,P0004,Product P0004,3,165.37,East
INV00001323,C01375,16-12-2024,P0158,Product P0158,2,39.72,South
INV00006503,C01280,16-12-2024,P0039,Product P0039,3,125.79,East
INV00001992,C01095,16-12-2024,P0113,Product P0113,5,60.37,South
INV00001540,C01551,16-12-2024,P0224,Product P0224,4,23.51,North
INV00006317,C01957,16-12-2024,P0228,Product P0228,3,63.17,West
INV00002871,C00707,16-12-2024,P0194,Product P0194,4,164.66,North
INV00003846,C01194,16-12-2024,P0127,Product P0127,4,82.47,West
INV00008251,C01529,16-12-2024,P0142,Product P0142,3,59.78,East
INV00002242,C01659,16-12-2024,P0017,Product P0017,5,110.8,North
INV00009113,C02154,16-12-2024,P0212,Product P0212,4,148.56,North
INV00002260,C02481,16-12-2024,P0035,Product P0035,4,123.19,West
INV00004099,C01985,16-12-2024,P0146,Product P0146,3,9.94,West
INV00009118,C00062,16-12-2024,P0157,Product P0157,1,124.59,North
INV00003096,C01880,16-12-2024,P0168,Product P0168,2,26.67,South
INV00009343,C01123,16-12-2024,P0069,Product P0069,4,165.82,South
INV00008378,C00175,16-12-2024,P0227,Product P0227,4,65.21,East
INV00009761,C01496,16-12-2024,P0283,Product P0283,2,15.16,West
INV00004770,C00119,17-12-2024,P0036,Product P0036,3,6.53,South
INV00000224,C00506,17-12-2024,P0184,Product P0184,2,92.45,North
INV00006715,C02338,17-12-2024,P0250,Product P0250,2,139.81,North
INV00001710,C00531,17-12-2024,P0014,Product P0014,5,99.47,East
INV00001186,C00769,17-12-2024,P0176,Product P0176,4,28.74,North
INV00005646,C00136,17-12-2024,P0096,Product P0096,1,15.69,West
INV00002398,C00723,17-12-2024,P0138,Product P0138,1,152.85,South
INV00008881,C01143,17-12-2024,P0054,Product P0054,2,67.31,East
INV00005591,C00205,17-12-2024,P0048,Product P0048,2,80.22,West
INV00007668,C01176,17-12-2024,P0171,Product P0171,5,146.37,South
INV00008806,C00049,17-12-2024,P0158,Product P0158,5,63.25,North
INV00000710,C01165,18-12-2024,P0272,Product P0272,3,4.7,West
INV00008644,C01378,18-12-2024,P0085,Product P0085,4,8.43,North
INV00001679,C02311,18-12-2024,P0023,Product P0023,5,160.03,North
INV00002041,C00725,18-12-2024,P0140,Product P0140,3,84.25,West
INV00004776,C00113,18-12-2024,P0039,Product P0039,3,32.84,South
INV00004322,C01121,18-12-2024,P0176,Product P0176,1,81.9,West
INV00000948,C00336,18-12-2024,P0063,Product P0063,5,53.97,East
INV00009342,C00394,18-12-2024,P0084,Product P0084,3,12.89,South
INV00003350,C01953,18-12-2024,P0205,Product P0205,1,61.35,South
INV00001578,C01999,18-12-2024,P0244,Product P0244,1,19.11,East
INV00000117,C00094,18-12-2024,P0294,Product P0294,4,15.98,South
INV00001461,C01976,18-12-2024,P0046,Product P0046,3,49.17,East
INV00003394,C00472,18-12-2024,P0103,Product P0103,4,165.9,South
INV00007820,C02050,18-12-2024,P0071,Product P0071,2,90.87,North
INV00006513,C00220,18-12-2024,P0161,Product P0161,2,158.98,East
INV00005816,C00145,19-12-2024,P0249,Product P0249,4,179.94,West
INV00008460,C00640,19-12-2024,P0118,Product P0118,2,162.87,West
INV00000691,C02492,19-12-2024,P0114,Product P0114,5,19.58,South
INV00009580,C01712,19-12-2024,P0271,Product P0271,3,143.71,East
INV00002931,C00436,19-12-2024,P0123,Product P0123,1,76.94,East
INV00008862,C00771,19-12-2024,P0149,Product P0149,2,74,South
INV00002693,C02276,19-12-2024,P0291,Product P0291,1,176.21,North
INV00000431,C00211,19-12-2024,P0174,Product P0174,2,143.36,South
INV00006887,C02205,19-12-2024,P0140,Product P0140,1,160.32,North
INV00000774,C01795,19-12-2024,P0026,Product P0026,4,25.32,North
INV00000463,C01873,19-12-2024,P0006,Product P0006,5,140.71,North
INV00002418,C00651,20-12-2024,P0010,Product P0010,5,141.61,South
INV00000027,C01007,20-12-2024,P0291,Product P0291,1,49.12,West
INV00002198,C02152,20-12-2024,P0192,Product P0192,1,47.47,East
INV00002490,C00894,20-12-2024,P0051,Product P0051,5,136.06,West
INV00009963,C01921,20-12-2024,P0207,Product P0207,3,122.89,West
INV00007717,C01681,20-12-2024,P0290,Product P0290,2,118.87,West
INV00002149,C02119,20-12-2024,P0031,Product P0031,4,46.08,West
INV00008105,C00448,20-12-2024,P0007,Product P0007,3,30.69,North
INV00005037,C02287,20-12-2024,P0274,Product P0274,3,75.36,North
INV00004203,C00860,20-12-2024,P0243,Product P0243,5,57.39,East
INV00001589,C02155,20-12-2024,P0270,Product P0270,1,144.39,North
INV00001344,C01438,21-12-2024,P0261,Product P0261,4,6.12,East
INV00007102,C02160,21-12-2024,P0183,Product P0183,1,18.13,North
INV00004723,C02363,21-12-2024,P0217,Product P0217,2,60.29,North
INV00008380,C01234,21-12-2024,P0198,Product P0198,5,127.68,South
INV00006465,C00330,21-12-2024,P0184,Product P0184,4,25.25,East
INV00000800,C01106,21-12-2024,P0013,Product P0013,5,164.92,South
INV00006944,C01118,21-12-2024,P0241,Product P0241,4,97.34,North
INV00002071,C00474,21-12-2024,P0111,Product P0111,2,179.05,South
INV00005881,C00390,21-12-2024,P0292,Product P0292,2,87.67,South
INV00003396,C01989,21-12-2024,P0037,Product P0037,3,151.3,East
INV00002305,C02290,21-12-2024,P0060,Product P0060,2,158.77,North
INV00006184,C02291,21-12-2024,P0020,Product P0020,4,22.32,West
INV00003166,C01005,21-12-2024,P0225,Product P0225,2,7.18,North
INV00006153,C01645,21-12-2024,P0226,Product P0226,1,155.16,North
INV00003138,C01194,21-12-2024,P0185,Product P0185,3,178.27,North
INV00008034,C00627,22-12-2024,P0196,Product P0196,2,33.03,West
INV00004655,C00306,22-12-2024,P0116,Product P0116,5,93.33,West
INV00009383,C01824,22-12-2024,P0016,Product P0016,3,102.04,North
INV00003489,C01107,22-12-2024,P0288,Product P0288,5,103.29,East
INV00009404,C01111,22-12-2024,P0035,Product P0035,4,129.48,West
INV00001618,C01269,22-12-2024,P0019,Product P0019,2,158.92,West
INV00001396,C01477,22-12-2024,P0271,Product P0271,4,53,East
INV00008353,C00865,22-12-2024,P0034,Product P0034,5,36.96,North
INV00004401,C00948,22-12-2024,P0028,Product P0028,3,119.5,North
INV00005599,C01883,22-12-2024,P0029,Product P0029,2,141.59,East
INV00008205,C01099,22-12-2024,P0052,Product P0052,3,153.18,North
INV00006613,C02306,22-12-2024,P0137,Product P0137,1,99.27,South
INV00005587,C00560,22-12-2024,P0241,Product P0241,5,31.67,East
INV00008446,C00837,22-12-2024,P0101,Product P0101,5,67.59,North
INV00000097,C00599,22-12-2024,P0291,Product P0291,5,129.42,East
INV00009149,C01093,22-12-2024,P0224,Product P0224,1,46.21,North
INV00001279,C00021,22-12-2024,P0055,Product P0055,5,124.48,West
INV00006443,C01348,23-12-2024,P0285,Product P0285,5,8.94,North
INV00008496,C00052,23-12-2024,P0110,Product P0110,3,14.98,North
INV00009047,C02319,23-12-2024,P0246,Product P0246,3,175.4,North
INV00000729,C01221,23-12-2024,P0145,Product P0145,3,166.98,West
INV00001210,C02409,23-12-2024,P0165,Product P0165,3,4.51,West
INV00007774,C02468,23-12-2024,P0015,Product P0015,5,7.04,South
INV00007178,C01949,23-12-2024,P0146,Product P0146,4,28.71,North
INV00002119,C01365,23-12-2024,P0033,Product P0033,3,173.67,East
INV00004002,C02107,24-12-2024,P0223,Product P0223,3,176.92,West
INV00007941,C01573,24-12-2024,P0143,Product P0143,5,4.75,West
INV00002776,C00755,24-12-2024,P0039,Product P0039,4,51.83,West
INV00009549,C02375,24-12-2024,P0138,Product P0138,4,140.13,West
INV00000187,C00416,24-12-2024,P0136,Product P0136,3,11.41,North
INV00001245,C02188,24-12-2024,P0164,Product P0164,3,50.98,South
INV00002006,C00323,24-12-2024,P0171,Product P0171,5,38.1,North
INV00006724,C00866,24-12-2024,P0271,Product P0271,1,173.39,South
INV00006349,C01195,24-12-2024,P0059,Product P0059,3,77.9,West
INV00000724,C00300,24-12-2024,P0024,Product P0024,3,136.44,East
INV00007840,C01077,24-12-2024,P0225,Product P0225,5,97.61,East
INV00002530,C01443,24-12-2024,P0136,Product P0136,1,68.7,West
INV00006707,C00059,24-12-2024,P0222,Product P0222,4,126.07,East
INV00003022,C00328,24-12-2024,P0236,Product P0236,2,150.58,East
INV00004861,C00148,24-12-2024,P0280,Product P0280,1,14.34,North
INV00000608,C01286,24-12-2024,P0101,Product P0101,3,95.81,West
INV00002695,C02338,24-12-2024,P0126,Product P0126,1,90.32,East
INV00001031,C01219,24-12-2024,P0062,Product P0062,3,165.55,East
INV00006717,C01411,25-12-2024,P0125,Product P0125,3,43.44,East
INV00005918,C00620,25-12-2024,P0032,Product P0032,5,11.28,South
INV00005185,C01951,25-12-2024,P0277,Product P0277,2,24.96,South
INV00003900,C02313,25-12-2024,P0268,Product P0268,3,106.98,East
INV00005394,C02050,25-12-2024,P0096,Product P0096,4,113.75,West
INV00004364,C02419,25-12-2024,P0131,Product P0131,5,45.17,West
INV00009257,C01193,25-12-2024,P0081,Product P0081,1,59,North
INV00000381,C00014,25-12-2024,P0224,Product P0224,1,52.6,West
INV00006339,C02006,25-12-2024,P0049,Product P0049,4,148.42,East
INV00007466,C01434,26-12-2024,P0114,Product P0114,3,143.65,East
INV00002117,C02402,26-12-2024,P0072,Product P0072,4,78.12,North
INV00007172,C02002,26-12-2024,P0109,Product P0109,5,111.96,South
INV00004792,C02479,26-12-2024,P0270,Product P0270,2,119.66,North
INV00009691,C00016,26-12-2024,P0171,Product P0171,1,135.52,East
INV00002480,C00337,26-12-2024,P0170,Product P0170,1,110.96,South
INV00000383,C02370,26-12-2024,P0063,Product P0063,4,162.23,North
INV00000945,C00324,26-12-2024,P0182,Product P0182,1,45.5,East
INV00009205,C01609,26-12-2024,P0070,Product P0070,2,8.9,North
INV00005020,C01606,26-12-2024,P0176,Product P0176,4,111.88,East
INV00003259,C01411,27-12-2024,P0113,Product P0113,2,58.49,North
INV00005302,C02483,27-12-2024,P0246,Product P0246,1,128.5,East
INV00008431,C00215,27-12-2024,P0239,Product P0239,2,140.63,North
INV00006434,C00888,27-12-2024,P0256,Product P0256,5,47.81,North
INV00003542,C01451,27-12-2024,P0105,Product P0105,2,128.72,North
INV00003345,C01345,27-12-2024,P0192,Product P0192,1,133.25,North
INV00009531,C01692,27-12-2024,P0018,Product P0018,5,104.06,East
INV00009491,C00564,27-12-2024,P0012,Product P0012,5,112.25,North
INV00003369,C01060,27-12-2024,P0163,Product P0163,1,10.5,East
INV00000601,C01541,27-12-2024,P0222,Product P0222,5,53.34,West
INV00007005,C00963,27-12-2024,P0239,Product P0239,4,122.4,East
INV00009736,C00595,27-12-2024,P0236,Product P0236,1,99.42,South
INV00003991,C01887,27-12-2024,P0046,Product P0046,2,100.38,South
INV00007989,C00019,27-12-2024,P0013,Product P0013,5,73.96,West
INV00006760,C02386,27-12-2024,P0127,Product P0127,5,146.75,West
INV00006051,C01038,28-12-2024,P0236,Product P0236,4,97.81,North
INV00006619,C00802,28-12-2024,P0031,Product P0031,3,117.92,North
INV00009588,C02389,28-12-2024,P0014,Product P0014,5,14.76,North
INV00003880,C00107,28-12-2024,P0082,Product P0082,4,92.22,East
INV00001162,C01248,28-12-2024,P0210,Product P0210,4,47.63,South
INV00003154,C01983,28-12-2024,P0134,Product P0134,2,64.3,North
INV00009083,C00469,28-12-2024,P0262,Product P0262,2,100.4,North
INV00003903,C01274,28-12-2024,P0214,Product P0214,5,55.4,East
INV00004649,C00733,28-12-2024,P0246,Product P0246,5,79.83,North
INV00001752,C02219,28-12-2024,P0144,Product P0144,3,95.02,West
INV00005711,C00685,28-12-2024,P0239,Product P0239,2,157.17,North
INV00007388,C01357,28-12-2024,P0011,Product P0011,2,116.11,East
INV00004658,C01435,29-12-2024,P0084,Product P0084,2,31.25,South
INV00003544,C01937,29-12-2024,P0175,Product P0175,3,99.39,West
INV00002831,C02308,29-12-2024,P0280,Product P0280,2,124.63,West
INV00000528,C00360,29-12-2024,P0266,Product P0266,2,144.55,East
INV00009612,C01825,29-12-2024,P0261,Product P0261,4,137.24,East
INV00005912,C00841,29-12-2024,P0204,Product P0204,2,131.06,South
INV00005751,C02203,29-12-2024,P0287,Product P0287,2,97,North
INV00003642,C02320,29-12-2024,P0198,Product P0198,4,17.19,North
INV00003463,C02169,29-12-2024,P0164,Product P0164,5,57.36,North
INV00006833,C01088,29-12-2024,P0197,Product P0197,1,121.31,East
INV00004989,C02330,29-12-2024,P0005,Product P0005,4,105.34,West
INV00008842,C00763,29-12-2024,P0017,Product P0017,5,89.19,East
INV00001741,C01078,30-12-2024,P0183,Product P0183,3,131.85,South
INV00007106,C00861,30-12-2024,P0240,Product P0240,1,147.93,East
INV00004842,C00310,30-12-2024,P0032,Product P0032,2,179.39,East
INV00009495,C01457,30-12-2024,P0296,Product P0296,2,123.98,West
INV00003329,C00982,30-12-2024,P0281,Product P0281,1,53.26,West
INV00005077,C00825,30-12-2024,P0033,Product P0033,2,44.95,North
INV00008914,C00373,30-12-2024,P0062,Product P0062,2,69.73,West
INV00002574,C00979,30-12-2024,P0152,Product P0152,5,144.08,East
INV00008728,C02448,30-12-2024,P0154,Product P0154,3,15.66,South
INV00003204,C00351,30-12-2024,P0035,Product P0035,1,22.18,North
INV00002376,C02476,30-12-2024,P0079,Product P0079,3,132.66,North
INV00007009,C02421,30-12-2024,P0121,Product P0121,1,87.53,North
INV00002289,C02342,30-12-2024,P0080,Product P0080,4,67.51,West
INV00003856,C01779,30-12-2024,P0274,Product P0274,4,91.53,South
INV00005909,C01990,30-12-2024,P0181,Product P0181,2,46.74,South
INV00006283,C01488,31-12-2024,P0090,Product P0090,5,173.35,East
INV00002024,C01500,31-12-2024,P0211,Product P0211,5,144.7,West
INV00006802,C00173,31-12-2024,P0152,Product P0152,2,132.87,East
INV00009857,C00803,31-12-2024,P0064,Product P0064,3,131.27,North
INV00003131,C00897,31-12-2024,P0280,Product P0280,4,103.14,East
INV00008877,C00774,31-12-2024,P0082,Product P0082,5,151.6,South
INV00000959,C02429,31-12-2024,P0198,Product P0198,5,53.9,North
INV00003683,C00539,31-12-2024,P0153,Product P0153,2,7.52,North
INV00008492,C00659,31-12-2024,P0179,Product P0179,4,57.53,North
INV00007465,C01121,31-12-2024,P0178,Product P0178,2,29.81,West
INV00003579,C02204,31-12-2024,P0073,Product P0073,1,164.25,South
INV00005230,C00678,01-01-2025,P0121,Product P0121,1,75.85,South
INV00006450,C00348,01-01-2025,P0081,Product P0081,3,95.01,East
INV00006103,C01220,01-01-2025,P0116,Product P0116,2,38.87,South
INV00005975,C02409,01-01-2025,P0199,Product P0199,4,177.87,South
INV00002704,C02095,01-01-2025,P0276,Product P0276,3,7.57,South
INV00000827,C01702,02-01-2025,P0179,Product P0179,4,80.69,North
INV00002990,C01071,02-01-2025,P0255,Product P0255,4,155.98,East
INV00005859,C00857,02-01-2025,P0065,Product P0065,4,29.12,South
INV00004667,C00768,02-01-2025,P0086,Product P0086,1,168.87,West
INV00005391,C00448,02-01-2025,P0090,Product P0090,1,99.2,North
INV00009865,C01655,02-01-2025,P0122,Product P0122,4,72.26,South
INV00006079,C01443,02-01-2025,P0065,Product P0065,4,137.58,East
INV00004093,C00917,02-01-2025,P0047,Product P0047,3,14.26,North
INV00006074,C01545,02-01-2025,P0129,Product P0129,5,148.32,South
INV00009354,C00279,02-01-2025,P0178,Product P0178,3,102.78,South
INV00005295,C02306,02-01-2025,P0103,Product P0103,4,16.23,West
INV00009229,C02025,02-01-2025,P0087,Product P0087,3,19.78,East
INV00007565,C00700,02-01-2025,P0172,Product P0172,3,112.47,West
INV00005573,C00597,03-01-2025,P0137,Product P0137,3,88.62,North
INV00004288,C02016,03-01-2025,P0029,Product P0029,1,88.19,East
INV00002997,C00755,03-01-2025,P0056,Product P0056,2,116.45,North
INV00001409,C00004,03-01-2025,P0200,Product P0200,4,138.5,East
INV00006950,C01382,03-01-2025,P0085,Product P0085,3,143.46,West
INV00005699,C01798,03-01-2025,P0014,Product P0014,4,168.58,South
INV00007883,C02319,03-01-2025,P0042,Product P0042,3,68,East
INV00009268,C00679,04-01-2025,P0097,Product P0097,5,108.24,East
INV00008021,C00716,04-01-2025,P0208,Product P0208,1,141.54,East
INV00002026,C01182,04-01-2025,P0004,Product P0004,4,6.95,West
INV00003852,C00115,04-01-2025,P0051,Product P0051,2,85.74,West
INV00004033,C00673,04-01-2025,P0153,Product P0153,2,129.99,West
INV00003845,C02303,04-01-2025,P0176,Product P0176,5,57.47,North
INV00005215,C02010,04-01-2025,P0042,Product P0042,3,136.77,West
INV00003188,C01008,04-01-2025,P0242,Product P0242,4,101.98,North
INV00009057,C02100,04-01-2025,P0160,Product P0160,2,17.23,South
INV00002000,C00703,04-01-2025,P0246,Product P0246,5,103.77,West
INV00001941,C00411,05-01-2025,P0090,Product P0090,1,155.25,North
INV00007577,C02317,05-01-2025,P0128,Product P0128,2,81.27,North
INV00004919,C02111,05-01-2025,P0107,Product P0107,4,11.9,East
INV00008022,C00660,05-01-2025,P0135,Product P0135,5,87.62,North
INV00001166,C00263,05-01-2025,P0098,Product P0098,3,17.43,West
INV00008109,C01637,05-01-2025,P0083,Product P0083,1,18.72,East
INV00003483,C01989,05-01-2025,P0041,Product P0041,2,83.49,East
INV00007841,C01224,05-01-2025,P0143,Product P0143,4,46.49,East
INV00001459,C00660,05-01-2025,P0094,Product P0094,1,159.95,South
INV00003952,C00549,05-01-2025,P0009,Product P0009,2,73.81,South
INV00000821,C00060,05-01-2025,P0270,Product P0270,4,139.91,East
INV00000856,C02124,05-01-2025,P0246,Product P0246,4,162.66,North
INV00009183,C02180,05-01-2025,P0137,Product P0137,3,54.22,West
INV00007015,C01074,06-01-2025,P0181,Product P0181,2,42.65,North
INV00009738,C01107,06-01-2025,P0050,Product P0050,3,5.99,East
INV00005639,C00272,06-01-2025,P0205,Product P0205,5,31.81,North
INV00008367,C00868,06-01-2025,P0222,Product P0222,5,173.71,East
INV00004068,C01054,06-01-2025,P0038,Product P0038,1,138.28,West
INV00002998,C00870,06-01-2025,P0113,Product P0113,3,108.9,South
INV00004315,C01880,06-01-2025,P0260,Product P0260,1,80.95,West
INV00004566,C00848,06-01-2025,P0048,Product P0048,5,108.33,West
INV00009540,C01774,06-01-2025,P0026,Product P0026,2,133.72,North
INV00001020,C00290,06-01-2025,P0178,Product P0178,4,179.25,North
INV00005049,C00730,06-01-2025,P0088,Product P0088,2,29.26,North
INV00009000,C01927,06-01-2025,P0064,Product P0064,5,82.24,North
INV00009363,C02349,07-01-2025,P0082,Product P0082,2,142.6,West
INV00004296,C02486,07-01-2025,P0230,Product P0230,4,53.56,North
INV00004929,C00456,07-01-2025,P0173,Product P0173,4,115.33,East
INV00004232,C02320,07-01-2025,P0269,Product P0269,2,138.46,East
INV00003883,C01438,07-01-2025,P0282,Product P0282,4,72.48,South
INV00003936,C02123,07-01-2025,P0052,Product P0052,2,124.17,East
INV00000118,C00350,07-01-2025,P0181,Product P0181,4,166.65,East
INV00000345,C02264,07-01-2025,P0213,Product P0213,5,95.28,South
INV00000285,C01103,07-01-2025,P0169,Product P0169,4,41.76,South
INV00009536,C01425,07-01-2025,P0196,Product P0196,3,44.69,North
INV00005806,C00374,07-01-2025,P0284,Product P0284,4,177.99,West
INV00001571,C00199,07-01-2025,P0028,Product P0028,3,116.45,South
INV00009649,C02452,07-01-2025,P0055,Product P0055,2,101.04,West
INV00003243,C02244,07-01-2025,P0102,Product P0102,3,86.79,South
INV00000965,C02373,07-01-2025,P0119,Product P0119,2,65.63,East
INV00007609,C00683,07-01-2025,P0119,Product P0119,4,93.93,South
INV00009630,C01071,07-01-2025,P0291,Product P0291,1,9.23,North
INV00002596,C00416,07-01-2025,P0194,Product P0194,5,64.38,South
INV00008265,C00126,07-01-2025,P0009,Product P0009,2,41.41,North
INV00005090,C01319,08-01-2025,P0166,Product P0166,3,63.41,East
INV00003150,C00272,08-01-2025,P0130,Product P0130,5,156.61,East
INV00009718,C00059,08-01-2025,P0156,Product P0156,2,87.52,West
INV00006094,C01153,08-01-2025,P0215,Product P0215,4,132.61,West
INV00000795,C01079,08-01-2025,P0090,Product P0090,3,73.02,West
INV00000333,C00775,08-01-2025,P0151,Product P0151,5,5.19,West
INV00006563,C01187,08-01-2025,P0020,Product P0020,1,22.97,East
INV00009313,C01019,08-01-2025,P0024,Product P0024,5,76.49,East
INV00008255,C02015,08-01-2025,P0107,Product P0107,1,24.2,South
INV00005229,C00216,08-01-2025,P0083,Product P0083,5,56.54,South
INV00006408,C01624,08-01-2025,P0178,Product P0178,2,174.44,North
INV00006751,C01815,08-01-2025,P0163,Product P0163,4,170.92,West
INV00009452,C00842,09-01-2025,P0242,Product P0242,4,150.61,East
INV00007986,C00202,09-01-2025,P0043,Product P0043,3,161.73,South
INV00001225,C01043,09-01-2025,P0236,Product P0236,1,80.58,East
INV00005292,C02205,09-01-2025,P0077,Product P0077,5,115.06,East
INV00007069,C01570,09-01-2025,P0006,Product P0006,1,31.85,North
INV00006114,C01544,09-01-2025,P0174,Product P0174,1,114.02,East
INV00005173,C02168,09-01-2025,P0008,Product P0008,3,120.31,East
INV00005839,C00695,09-01-2025,P0094,Product P0094,3,161.28,West
INV00006429,C01684,09-01-2025,P0070,Product P0070,1,172.82,West
INV00005346,C00997,09-01-2025,P0281,Product P0281,1,161,South
INV00004712,C01989,09-01-2025,P0116,Product P0116,3,5.73,West
INV00000223,C01761,09-01-2025,P0127,Product P0127,3,123.9,South
INV00000344,C01288,09-01-2025,P0188,Product P0188,2,33.54,North
INV00009042,C00212,09-01-2025,P0275,Product P0275,2,67.33,West
INV00008054,C01630,10-01-2025,P0229,Product P0229,3,155.57,North
INV00008416,C00155,10-01-2025,P0125,Product P0125,5,34.37,East
INV00005681,C00476,10-01-2025,P0278,Product P0278,5,108.21,North
INV00007174,C00977,10-01-2025,P0043,Product P0043,3,9.39,South
INV00001967,C00928,10-01-2025,P0184,Product P0184,4,72.15,South
INV00008476,C02171,10-01-2025,P0205,Product P0205,3,40.31,South
INV00007838,C01652,10-01-2025,P0261,Product P0261,2,31.02,South
INV00002982,C00151,10-01-2025,P0079,Product P0079,1,100.82,South
INV00005823,C02181,11-01-2025,P0047,Product P0047,2,129.03,East
INV00003386,C00617,11-01-2025,P0268,Product P0268,1,52.17,East
INV00006748,C00408,11-01-2025,P0122,Product P0122,4,142.93,East
INV00000090,C02081,11-01-2025,P0074,Product P0074,2,97.17,South
INV00002569,C00948,11-01-2025,P0300,Product P0300,4,27.97,South
INV00006813,C01031,11-01-2025,P0090,Product P0090,3,140.94,West
INV00008829,C01569,11-01-2025,P0149,Product P0149,5,69.91,East
INV00002046,C02480,11-01-2025,P0040,Product P0040,5,179.07,South
INV00002555,C02455,11-01-2025,P0198,Product P0198,3,24.18,South
INV00008788,C01634,11-01-2025,P0064,Product P0064,5,174.01,North
INV00006881,C00789,11-01-2025,P0215,Product P0215,1,134.77,East
INV00007910,C00173,11-01-2025,P0143,Product P0143,5,71.62,West
INV00000648,C01339,11-01-2025,P0013,Product P0013,3,142.21,South
INV00009803,C01582,12-01-2025,P0104,Product P0104,5,128.91,East
INV00003864,C01527,12-01-2025,P0217,Product P0217,3,154.62,West
INV00001522,C01779,12-01-2025,P0025,Product P0025,1,32.94,East
INV00005421,C02003,12-01-2025,P0003,Product P0003,1,111.2,South
INV00002227,C02195,12-01-2025,P0061,Product P0061,4,75.17,North
INV00000254,C00825,12-01-2025,P0132,Product P0132,1,46.72,South
INV00007422,C02169,12-01-2025,P0216,Product P0216,2,78.5,South
INV00002310,C01335,12-01-2025,P0127,Product P0127,2,167.3,North
INV00004261,C00565,13-01-2025,P0293,Product P0293,1,94.4,North
INV00002282,C00884,13-01-2025,P0057,Product P0057,2,167.99,East
INV00007906,C02361,13-01-2025,P0099,Product P0099,5,101.48,East
INV00007540,C01577,13-01-2025,P0024,Product P0024,2,176.89,West
INV00008856,C00346,13-01-2025,P0133,Product P0133,1,75.01,North
INV00008818,C02188,13-01-2025,P0211,Product P0211,2,50.23,East
INV00000731,C01823,13-01-2025,P0129,Product P0129,4,77.64,South
INV00003973,C00311,13-01-2025,P0058,Product P0058,2,19.17,East
INV00005734,C01027,13-01-2025,P0006,Product P0006,2,149.06,South
INV00004279,C01834,13-01-2025,P0241,Product P0241,4,99.56,South
INV00004314,C00245,13-01-2025,P0257,Product P0257,5,114.8,North
INV00008425,C00166,13-01-2025,P0211,Product P0211,5,171.58,South
INV00008039,C00811,13-01-2025,P0262,Product P0262,2,16.11,South
INV00008963,C02211,13-01-2025,P0165,Product P0165,4,117.67,South
INV00007593,C01361,13-01-2025,P0143,Product P0143,2,9.39,East
INV00009954,C01163,13-01-2025,P0213,Product P0213,2,137.67,North
INV00006256,C00323,13-01-2025,P0210,Product P0210,4,25.48,South
INV00004812,C00619,13-01-2025,P0005,Product P0005,4,174.27,South
INV00009519,C02290,13-01-2025,P0222,Product P0222,1,140.28,West
INV00008587,C01906,14-01-2025,P0026,Product P0026,2,39.18,West
INV00006685,C00936,14-01-2025,P0101,Product P0101,1,23.49,South
INV00004894,C00123,14-01-2025,P0193,Product P0193,4,87.35,East
INV00001952,C01521,14-01-2025,P0067,Product P0067,2,149.57,South
INV00006089,C00973,14-01-2025,P0127,Product P0127,3,177.36,East
INV00004783,C00859,14-01-2025,P0061,Product P0061,2,56.46,West
INV00000319,C02347,14-01-2025,P0024,Product P0024,5,84.34,West
INV00003415,C01494,14-01-2025,P0131,Product P0131,3,7.25,East
INV00002134,C01000,14-01-2025,P0147,Product P0147,5,22.63,East
INV00003481,C01998,15-01-2025,P0087,Product P0087,1,116.28,South
INV00001354,C02289,15-01-2025,P0050,Product P0050,3,161.18,West
INV00003222,C00633,15-01-2025,P0215,Product P0215,1,141.38,North
INV00007604,C00517,15-01-2025,P0085,Product P0085,4,114.64,South
INV00005880,C00028,15-01-2025,P0187,Product P0187,2,42.35,North
INV00004950,C00921,15-01-2025,P0117,Product P0117,3,162.95,West
INV00005359,C00165,15-01-2025,P0156,Product P0156,3,53.89,North
INV00001032,C00433,15-01-2025,P0295,Product P0295,1,150.33,South
INV00001213,C01152,16-01-2025,P0021,Product P0021,3,41.07,West
INV00002845,C01142,16-01-2025,P0209,Product P0209,3,136.1,South
INV00003002,C01680,16-01-2025,P0275,Product P0275,3,144.75,West
INV00005446,C00889,16-01-2025,P0018,Product P0018,1,76.82,West
INV00000048,C02233,16-01-2025,P0189,Product P0189,5,63.92,South
INV00006167,C00757,16-01-2025,P0195,Product P0195,4,45.82,South
INV00001683,C00088,16-01-2025,P0282,Product P0282,3,66.96,West
INV00005357,C01737,16-01-2025,P0062,Product P0062,5,36.73,South
INV00001986,C01985,16-01-2025,P0290,Product P0290,3,90.01,North
INV00006756,C02289,16-01-2025,P0251,Product P0251,4,164.5,West
INV00006805,C01101,16-01-2025,P0204,Product P0204,1,42.54,South
INV00001586,C00795,16-01-2025,P0040,Product P0040,3,9.83,West
INV00008764,C00801,17-01-2025,P0126,Product P0126,3,51.63,East
INV00005815,C01483,17-01-2025,P0287,Product P0287,4,107.73,West
INV00007914,C02473,17-01-2025,P0202,Product P0202,2,164.85,West
INV00003044,C01324,17-01-2025,P0135,Product P0135,1,52.15,South
INV00002094,C00495,17-01-2025,P0118,Product P0118,5,21.48,North
INV00000481,C00720,17-01-2025,P0083,Product P0083,5,21.52,South
INV00006616,C00064,17-01-2025,P0201,Product P0201,1,54.22,South
INV00001407,C00868,17-01-2025,P0288,Product P0288,2,57.86,South
INV00007242,C01555,17-01-2025,P0281,Product P0281,4,112.66,South
INV00006456,C00488,17-01-2025,P0049,Product P0049,3,150.84,West
INV00002891,C00372,17-01-2025,P0006,Product P0006,3,29.23,South
INV00003187,C01914,18-01-2025,P0093,Product P0093,4,68.07,East
INV00003705,C02362,18-01-2025,P0174,Product P0174,2,22.71,North
INV00006866,C02462,18-01-2025,P0265,Product P0265,2,28.62,South
INV00006719,C00436,18-01-2025,P0008,Product P0008,3,84.83,East
INV00002028,C02376,18-01-2025,P0188,Product P0188,2,51.1,North
INV00008432,C00464,18-01-2025,P0224,Product P0224,2,17.13,South
INV00002638,C01859,18-01-2025,P0147,Product P0147,4,29.85,North
INV00007229,C02292,18-01-2025,P0187,Product P0187,5,8.67,North
INV00003858,C00047,18-01-2025,P0093,Product P0093,4,173.08,South
INV00005365,C00683,18-01-2025,P0169,Product P0169,5,54.35,West
INV00007791,C02375,18-01-2025,P0158,Product P0158,2,95.48,North
INV00004527,C00048,18-01-2025,P0063,Product P0063,2,37.71,West
INV00006946,C01381,18-01-2025,P0125,Product P0125,1,149.51,South
INV00004304,C00086,19-01-2025,P0221,Product P0221,5,166.2,North
INV00007957,C01718,19-01-2025,P0217,Product P0217,4,132.13,East
INV00007732,C00811,19-01-2025,P0142,Product P0142,1,154.04,East
INV00009745,C01304,19-01-2025,P0108,Product P0108,3,41.54,West
INV00006162,C00555,19-01-2025,P0064,Product P0064,3,71.87,South
INV00006346,C01777,19-01-2025,P0178,Product P0178,5,91.05,North
INV00008849,C00886,19-01-2025,P0086,Product P0086,5,81.26,North
INV00007197,C00778,20-01-2025,P0198,Product P0198,3,113.6,East
INV00007514,C00655,20-01-2025,P0081,Product P0081,5,143.7,West
INV00000744,C00677,20-01-2025,P0300,Product P0300,1,111.49,South
INV00006942,C01099,20-01-2025,P0135,Product P0135,4,97.7,East
INV00000314,C00704,20-01-2025,P0098,Product P0098,3,133.75,North
INV00005130,C01510,20-01-2025,P0089,Product P0089,2,22.18,East
INV00002038,C00101,20-01-2025,P0224,Product P0224,1,30.33,South
INV00001294,C00012,20-01-2025,P0175,Product P0175,3,118.39,North
INV00007734,C01410,20-01-2025,P0028,Product P0028,4,73.68,North
INV00000771,C01630,20-01-2025,P0017,Product P0017,1,172.74,East
INV00001047,C00599,20-01-2025,P0136,Product P0136,4,86.04,North
INV00002389,C02390,20-01-2025,P0231,Product P0231,2,110.17,West
INV00007282,C00692,20-01-2025,P0086,Product P0086,1,163.63,West
INV00006147,C01348,20-01-2025,P0112,Product P0112,5,19.02,West
INV00003018,C00539,20-01-2025,P0177,Product P0177,5,74.63,North
INV00003027,C00284,21-01-2025,P0062,Product P0062,1,108.03,South
INV00006397,C01413,21-01-2025,P0138,Product P0138,3,18.35,East
INV00006361,C01563,21-01-2025,P0253,Product P0253,4,32.91,North
INV00002009,C01970,21-01-2025,P0153,Product P0153,4,116.54,East
INV00000191,C01710,21-01-2025,P0007,Product P0007,2,16.79,North
INV00002810,C00474,21-01-2025,P0059,Product P0059,4,141.83,South
INV00007416,C01676,21-01-2025,P0012,Product P0012,3,135.85,East
INV00008068,C01366,21-01-2025,P0267,Product P0267,3,50.16,North
INV00007678,C01988,21-01-2025,P0053,Product P0053,3,80.34,North
INV00009657,C02105,21-01-2025,P0253,Product P0253,2,158.76,South
INV00005976,C01373,21-01-2025,P0285,Product P0285,1,144.23,East
INV00001786,C00609,21-01-2025,P0156,Product P0156,5,102.95,East
INV00003585,C01882,21-01-2025,P0023,Product P0023,5,78.3,East
INV00004627,C00008,22-01-2025,P0217,Product P0217,1,128.54,West
INV00002053,C00903,22-01-2025,P0237,Product P0237,3,126.19,North
INV00005385,C00152,22-01-2025,P0154,Product P0154,2,90.39,West
INV00003105,C01753,22-01-2025,P0026,Product P0026,3,41.03,North
INV00007793,C01857,22-01-2025,P0171,Product P0171,3,23.47,South
INV00007266,C01498,22-01-2025,P0002,Product P0002,5,163.06,South
INV00009393,C01049,22-01-2025,P0255,Product P0255,2,11.43,West
INV00009358,C00194,22-01-2025,P0122,Product P0122,1,103.51,West
INV00002925,C01058,22-01-2025,P0100,Product P0100,5,173.36,South
INV00007532,C01976,22-01-2025,P0127,Product P0127,4,136.89,North
INV00008556,C02142,23-01-2025,P0014,Product P0014,1,175.05,East
INV00001604,C00793,23-01-2025,P0182,Product P0182,2,24.25,North
INV00002791,C02343,23-01-2025,P0020,Product P0020,3,157.8,West
INV00000211,C00653,23-01-2025,P0066,Product P0066,1,136.48,North
INV00002229,C00725,23-01-2025,P0168,Product P0168,2,169.6,North
INV00000140,C01092,23-01-2025,P0151,Product P0151,1,76.85,West
INV00008570,C02242,23-01-2025,P0147,Product P0147,3,35.58,East
INV00008554,C01012,23-01-2025,P0257,Product P0257,4,78.6,North
INV00004863,C02230,23-01-2025,P0173,Product P0173,1,158.12,East
INV00006076,C00013,23-01-2025,P0148,Product P0148,4,29.64,South
INV00002808,C00777,23-01-2025,P0158,Product P0158,1,150.13,South
INV00008662,C00255,23-01-2025,P0188,Product P0188,2,135.81,North
INV00009158,C01224,23-01-2025,P0036,Product P0036,1,43.23,East
INV00008091,C01308,23-01-2025,P0002,Product P0002,2,133.41,East
INV00007402,C02209,23-01-2025,P0083,Product P0083,5,97.17,East
INV00001346,C02494,23-01-2025,P0109,Product P0109,2,11.54,West
INV00001292,C02146,23-01-2025,P0069,Product P0069,2,54.53,South
INV00003311,C01284,23-01-2025,P0276,Product P0276,2,53.12,South
INV00007167,C01474,23-01-2025,P0091,Product P0091,2,116.89,South
INV00008690,C01826,24-01-2025,P0190,Product P0190,2,107.9,West
INV00008279,C00431,24-01-2025,P0283,Product P0283,5,150.66,West
INV00001734,C02164,24-01-2025,P0248,Product P0248,1,91.46,East
INV00000890,C00677,24-01-2025,P0289,Product P0289,3,22.18,West
INV00008952,C01637,24-01-2025,P0293,Product P0293,4,24.84,East
INV00008632,C01550,24-01-2025,P0283,Product P0283,1,130.44,North
INV00004779,C00267,24-01-2025,P0150,Product P0150,3,21.55,South
INV00007098,C00287,24-01-2025,P0224,Product P0224,2,175.63,North
INV00005109,C00815,24-01-2025,P0191,Product P0191,3,124.94,East
INV00002428,C00964,24-01-2025,P0180,Product P0180,1,8.12,South
INV00003616,C01118,24-01-2025,P0286,Product P0286,3,61.63,West
INV00004404,C02343,24-01-2025,P0104,Product P0104,4,99.06,West
INV00003641,C01804,24-01-2025,P0111,Product P0111,1,35.94,East
INV00007912,C01484,24-01-2025,P0112,Product P0112,4,67.43,East
INV00008700,C02081,24-01-2025,P0007,Product P0007,5,68.78,East
INV00004316,C00690,24-01-2025,P0287,Product P0287,4,31.47,North
INV00000337,C02409,24-01-2025,P0075,Product P0075,5,113.2,North
INV00000490,C01516,24-01-2025,P0139,Product P0139,2,161.81,East
INV00001064,C01764,25-01-2025,P0253,Product P0253,1,69.42,South
INV00008912,C00836,25-01-2025,P0042,Product P0042,2,174.35,South
INV00006713,C01413,25-01-2025,P0034,Product P0034,2,106.6,West
INV00007194,C02174,25-01-2025,P0199,Product P0199,2,17.54,North
INV00005087,C02076,25-01-2025,P0076,Product P0076,3,174.66,North
INV00007930,C00863,25-01-2025,P0111,Product P0111,5,98.39,North
INV00004821,C01349,25-01-2025,P0244,Product P0244,5,166.72,North
INV00003608,C01734,25-01-2025,P0114,Product P0114,4,130.04,East
INV00002543,C02392,25-01-2025,P0021,Product P0021,4,57.91,East
INV00008086,C00339,26-01-2025,P0110,Product P0110,4,70.98,West
INV00008575,C02494,26-01-2025,P0021,Product P0021,2,12.89,East
INV00004636,C01911,26-01-2025,P0292,Product P0292,3,148.2,South
INV00006113,C01154,26-01-2025,P0011,Product P0011,5,65,West
INV00001961,C02100,26-01-2025,P0272,Product P0272,1,165.17,East
INV00001484,C00281,26-01-2025,P0193,Product P0193,4,42.78,South
INV00006512,C02011,26-01-2025,P0061,Product P0061,1,97.4,South
INV00001000,C01282,26-01-2025,P0077,Product P0077,4,83.03,North
INV00005884,C00557,26-01-2025,P0109,Product P0109,3,9.62,North
INV00009811,C02475,26-01-2025,P0002,Product P0002,4,163.6,North
INV00006753,C01530,26-01-2025,P0067,Product P0067,5,161.11,North
INV00002051,C00431,26-01-2025,P0032,Product P0032,4,94.01,East
INV00001721,C00222,26-01-2025,P0142,Product P0142,3,43.24,West
INV00001583,C01289,26-01-2025,P0035,Product P0035,2,6.85,North
INV00008273,C00313,26-01-2025,P0033,Product P0033,3,145.04,South
INV00003754,C00673,27-01-2025,P0008,Product P0008,4,8.35,East
INV00001118,C01467,27-01-2025,P0202,Product P0202,5,179.43,South
INV00007143,C02498,27-01-2025,P0217,Product P0217,1,168.8,North
INV00008876,C00591,27-01-2025,P0227,Product P0227,4,156.63,West
INV00008126,C00404,27-01-2025,P0144,Product P0144,4,46.8,South
INV00002657,C00146,27-01-2025,P0079,Product P0079,3,108.37,South
INV00000493,C01884,27-01-2025,P0014,Product P0014,5,161.65,West
INV00006261,C00312,27-01-2025,P0279,Product P0279,3,93.07,South
INV00006170,C01903,27-01-2025,P0038,Product P0038,3,98.63,East
INV00001891,C00464,27-01-2025,P0142,Product P0142,2,31.89,South
INV00000270,C01478,27-01-2025,P0263,Product P0263,3,22.57,East
INV00003529,C00469,27-01-2025,P0198,Product P0198,1,115.69,South
INV00006578,C00226,27-01-2025,P0105,Product P0105,3,134.23,North
INV00000417,C02424,27-01-2025,P0047,Product P0047,5,79.87,East
INV00006725,C00688,27-01-2025,P0150,Product P0150,1,46.96,East
INV00001099,C00104,27-01-2025,P0041,Product P0041,3,75.41,East
INV00002914,C00565,28-01-2025,P0142,Product P0142,2,178.74,East
INV00000706,C01413,28-01-2025,P0198,Product P0198,3,22.14,West
INV00006446,C01900,28-01-2025,P0099,Product P0099,4,156.38,South
INV00001320,C00993,28-01-2025,P0225,Product P0225,3,63.54,North
INV00002409,C01161,28-01-2025,P0087,Product P0087,2,167.86,South
INV00000785,C01196,28-01-2025,P0248,Product P0248,3,90.57,East
INV00005930,C00643,28-01-2025,P0049,Product P0049,3,25.3,East
INV00005298,C01662,28-01-2025,P0096,Product P0096,1,167.28,North
INV00000080,C01675,28-01-2025,P0229,Product P0229,3,20.35,East
INV00008299,C00194,29-01-2025,P0066,Product P0066,1,87.11,East
INV00006576,C01053,29-01-2025,P0275,Product P0275,5,53.64,West
INV00008567,C01954,29-01-2025,P0016,Product P0016,2,5.03,North
INV00002449,C01946,29-01-2025,P0170,Product P0170,1,104.2,North
INV00006524,C01741,29-01-2025,P0026,Product P0026,1,177.79,East
INV00002269,C00296,29-01-2025,P0083,Product P0083,2,141.14,West
INV00006284,C00433,29-01-2025,P0078,Product P0078,1,24.93,South
INV00000570,C01429,29-01-2025,P0060,Product P0060,1,5,North
INV00007105,C00704,29-01-2025,P0077,Product P0077,1,33.74,West
INV00006696,C01475,29-01-2025,P0043,Product P0043,4,133.02,East
INV00009870,C01578,29-01-2025,P0264,Product P0264,5,52.18,North
INV00002934,C01087,29-01-2025,P0075,Product P0075,3,174.16,North
INV00009478,C00329,29-01-2025,P0187,Product P0187,2,135.16,West
INV00002539,C01328,29-01-2025,P0051,Product P0051,2,98.72,South
INV00008691,C00859,29-01-2025,P0005,Product P0005,5,77.24,South
INV00007537,C00556,30-01-2025,P0031,Product P0031,5,126.24,West
INV00003794,C01640,30-01-2025,P0278,Product P0278,2,178.91,West
INV00002789,C00012,30-01-2025,P0114,Product P0114,5,150.81,South
INV00008117,C00297,30-01-2025,P0058,Product P0058,2,158.15,North
INV00000707,C00020,30-01-2025,P0188,Product P0188,5,110.29,North
INV00002577,C00678,30-01-2025,P0081,Product P0081,5,153.27,South
INV00002688,C01411,30-01-2025,P0136,Product P0136,1,47.51,South
INV00005633,C01304,30-01-2025,P0004,Product P0004,5,61,East
INV00005851,C00424,30-01-2025,P0024,Product P0024,3,70.81,East
INV00004632,C00719,30-01-2025,P0052,Product P0052,2,176.15,South
INV00003957,C01303,30-01-2025,P0228,Product P0228,4,79.11,West
INV00002743,C01281,30-01-2025,P0084,Product P0084,4,33.74,North
INV00004713,C02217,30-01-2025,P0248,Product P0248,3,111.56,West
INV00007426,C02481,30-01-2025,P0237,Product P0237,5,154.7,North
INV00005300,C02116,30-01-2025,P0211,Product P0211,3,29.71,North
INV00004646,C01009,31-01-2025,P0118,Product P0118,1,122.33,West
INV00005644,C01698,31-01-2025,P0174,Product P0174,2,98.15,West
INV00005137,C01147,31-01-2025,P0040,Product P0040,2,5.56,East
INV00001684,C01991,31-01-2025,P0100,Product P0100,4,113.73,South
INV00005638,C01087,31-01-2025,P0292,Product P0292,2,22.97,North
INV00002186,C00724,31-01-2025,P0185,Product P0185,4,100.79,West
INV00008766,C00563,31-01-2025,P0148,Product P0148,4,149.88,West
INV00008748,C00415,31-01-2025,P0291,Product P0291,1,18.98,South
INV00009475,C00467,31-01-2025,P0132,Product P0132,5,118.31,North
INV00009573,C00407,31-01-2025,P0132,Product P0132,3,171.32,North
INV00005470,C00681,31-01-2025,P0247,Product P0247,4,13.72,North
INV00001558,C01933,01-02-2025,P0218,Product P0218,4,97.81,West
INV00009472,C01865,01-02-2025,P0177,Product P0177,2,153.25,North
INV00001388,C00814,01-02-2025,P0257,Product P0257,2,69.87,West
INV00007356,C01429,01-02-2025,P0202,Product P0202,2,59.61,West
INV00002735,C01119,01-02-2025,P0071,Product P0071,1,168.25,West
INV00000630,C00916,01-02-2025,P0104,Product P0104,4,61.54,East
INV00006039,C01090,01-02-2025,P0174,Product P0174,2,39.11,North
INV00006047,C00282,01-02-2025,P0031,Product P0031,3,83.13,North
INV00001161,C01458,01-02-2025,P0141,Product P0141,2,36.26,South
INV00005079,C02018,01-02-2025,P0061,Product P0061,2,11.88,East
INV00000305,C01358,01-02-2025,P0295,Product P0295,2,43.51,North
INV00008505,C00383,02-02-2025,P0175,Product P0175,5,170.34,West
INV00003051,C02091,02-02-2025,P0044,Product P0044,1,167.54,South
INV00005082,C01268,02-02-2025,P0284,Product P0284,2,115.97,North
INV00009198,C00829,02-02-2025,P0219,Product P0219,3,157.34,North
INV00005223,C02303,02-02-2025,P0018,Product P0018,5,72.3,West
INV00001202,C01194,02-02-2025,P0160,Product P0160,4,102.35,North
INV00009967,C02000,02-02-2025,P0111,Product P0111,4,9.95,West
INV00002407,C00928,02-02-2025,P0148,Product P0148,5,47.73,South
INV00009213,C02345,02-02-2025,P0133,Product P0133,4,55.15,East
INV00006017,C00830,02-02-2025,P0122,Product P0122,2,81.89,North
INV00006981,C00736,02-02-2025,P0103,Product P0103,5,88.77,West
INV00001070,C00027,02-02-2025,P0252,Product P0252,1,9.53,West
INV00000752,C00370,03-02-2025,P0205,Product P0205,4,142.42,North
INV00001518,C00122,03-02-2025,P0072,Product P0072,5,98.94,North
INV00007252,C01402,03-02-2025,P0015,Product P0015,4,151.99,East
INV00004333,C02153,03-02-2025,P0103,Product P0103,1,131.93,South
INV00001726,C01958,03-02-2025,P0194,Product P0194,2,80.27,South
INV00004872,C02393,03-02-2025,P0131,Product P0131,3,106.58,West
INV00003376,C01264,03-02-2025,P0266,Product P0266,2,99.37,South
INV00003530,C00301,03-02-2025,P0096,Product P0096,5,9.98,North
INV00004881,C00951,03-02-2025,P0117,Product P0117,4,24.97,East
INV00009928,C00610,03-02-2025,P0293,Product P0293,5,105.1,West
INV00006081,C02245,03-02-2025,P0171,Product P0171,2,76.59,East
INV00002144,C01526,03-02-2025,P0016,Product P0016,1,15.64,South
INV00005666,C01157,04-02-2025,P0028,Product P0028,1,153.14,East
INV00007972,C00180,04-02-2025,P0225,Product P0225,2,75.55,East
INV00001965,C02043,04-02-2025,P0076,Product P0076,2,109.56,East
INV00002436,C01411,04-02-2025,P0209,Product P0209,2,151.29,East
INV00005205,C01306,04-02-2025,P0011,Product P0011,1,113.04,South
INV00003397,C01135,04-02-2025,P0149,Product P0149,3,88.39,North
INV00009681,C00039,04-02-2025,P0140,Product P0140,2,109.51,North
INV00002216,C00976,04-02-2025,P0039,Product P0039,3,93.12,South
INV00009053,C00119,04-02-2025,P0032,Product P0032,4,84.94,North
INV00002196,C02041,04-02-2025,P0162,Product P0162,4,156.79,West
INV00008909,C00825,05-02-2025,P0029,Product P0029,3,70.75,East
INV00006546,C01605,05-02-2025,P0293,Product P0293,5,12.96,North
INV00005962,C01535,05-02-2025,P0120,Product P0120,2,55.46,North
INV00006565,C00086,05-02-2025,P0132,Product P0132,3,134.17,East
INV00001098,C01889,05-02-2025,P0202,Product P0202,3,18.7,South
INV00006387,C01217,05-02-2025,P0189,Product P0189,1,146.39,West
INV00001789,C01183,05-02-2025,P0159,Product P0159,2,135,North
INV00006922,C01128,05-02-2025,P0276,Product P0276,1,51.91,North
INV00009204,C02308,05-02-2025,P0059,Product P0059,5,15.95,West
INV00006031,C02191,05-02-2025,P0176,Product P0176,4,177.39,West
INV00007891,C00533,05-02-2025,P0149,Product P0149,3,106.18,North
INV00009327,C00409,05-02-2025,P0123,Product P0123,1,31.18,West
INV00003892,C02315,05-02-2025,P0233,Product P0233,4,111.55,East
INV00004118,C00328,05-02-2025,P0176,Product P0176,2,56.62,North
INV00001495,C01026,05-02-2025,P0281,Product P0281,2,23.72,West
INV00003502,C01602,06-02-2025,P0006,Product P0006,5,143.77,West
INV00002455,C02076,06-02-2025,P0047,Product P0047,5,52.04,West
INV00007235,C00882,06-02-2025,P0116,Product P0116,3,104.58,East
INV00001581,C00742,06-02-2025,P0228,Product P0228,1,141.31,West
INV00005349,C00774,06-02-2025,P0105,Product P0105,5,47.7,South
INV00000390,C00384,06-02-2025,P0265,Product P0265,1,26.24,West
INV00008081,C02239,06-02-2025,P0273,Product P0273,1,105.09,East
INV00008965,C02172,06-02-2025,P0285,Product P0285,2,108.54,East
INV00001297,C00658,06-02-2025,P0298,Product P0298,2,32.44,West
INV00003019,C01495,06-02-2025,P0267,Product P0267,4,118.68,North
INV00001373,C01125,06-02-2025,P0228,Product P0228,2,160.92,East
INV00009020,C00804,06-02-2025,P0022,Product P0022,5,50.56,South
INV00003337,C01308,06-02-2025,P0023,Product P0023,2,58.12,South
INV00002128,C01564,06-02-2025,P0121,Product P0121,2,128.07,North
INV00007998,C00850,06-02-2025,P0292,Product P0292,2,153.16,North
INV00004653,C00829,06-02-2025,P0050,Product P0050,1,105.27,West
INV00005299,C00425,06-02-2025,P0292,Product P0292,5,179.99,West
INV00005068,C00042,06-02-2025,P0014,Product P0014,3,123.34,West
INV00003941,C01362,07-02-2025,P0221,Product P0221,5,72.16,South
INV00005963,C02075,07-02-2025,P0045,Product P0045,1,96.51,East
INV00001803,C01137,07-02-2025,P0163,Product P0163,3,41.42,North
INV00003510,C00874,07-02-2025,P0132,Product P0132,4,172.99,North
INV00008868,C00931,07-02-2025,P0137,Product P0137,5,17.85,East
INV00007041,C01320,07-02-2025,P0143,Product P0143,3,73.59,North
INV00008667,C02189,07-02-2025,P0008,Product P0008,4,120.48,North
INV00008485,C00337,07-02-2025,P0169,Product P0169,3,84.57,North
INV00002032,C00444,07-02-2025,P0018,Product P0018,3,12.68,South
INV00004464,C01639,07-02-2025,P0067,Product P0067,5,17.26,North
INV00002016,C00798,07-02-2025,P0257,Product P0257,4,8.28,South
INV00003857,C00898,07-02-2025,P0033,Product P0033,3,102.18,South
INV00003826,C02260,07-02-2025,P0200,Product P0200,5,100.97,East
INV00008330,C01597,07-02-2025,P0148,Product P0148,1,158.28,West
INV00000854,C00597,07-02-2025,P0286,Product P0286,1,78.67,West
INV00005929,C00283,07-02-2025,P0147,Product P0147,5,85.72,South
INV00000509,C00672,07-02-2025,P0134,Product P0134,3,23.69,West
INV00004085,C01255,07-02-2025,P0122,Product P0122,3,152.04,North
INV00001626,C02483,07-02-2025,P0204,Product P0204,2,127.11,North
INV00007046,C00275,08-02-2025,P0291,Product P0291,3,18.41,East
INV00001835,C01026,08-02-2025,P0265,Product P0265,4,156.52,South
INV00005865,C02284,08-02-2025,P0235,Product P0235,2,26.31,South
INV00005863,C01444,08-02-2025,P0022,Product P0022,2,24.71,South
INV00001335,C01334,08-02-2025,P0180,Product P0180,5,135.37,West
INV00004289,C01911,08-02-2025,P0238,Product P0238,5,52.83,North
INV00009394,C01001,08-02-2025,P0140,Product P0140,1,177.79,East
INV00009473,C01890,08-02-2025,P0193,Product P0193,1,88.4,North
INV00001088,C02476,08-02-2025,P0180,Product P0180,4,5.52,North
INV00006181,C00977,08-02-2025,P0044,Product P0044,3,107,East
INV00008327,C00792,08-02-2025,P0298,Product P0298,3,179.44,North
INV00005725,C00537,08-02-2025,P0210,Product P0210,5,99.19,East
INV00009771,C00320,08-02-2025,P0180,Product P0180,3,169.74,East
INV00006617,C01179,08-02-2025,P0191,Product P0191,4,8.15,North
INV00005679,C01529,09-02-2025,P0094,Product P0094,2,109.27,East
INV00007827,C00709,09-02-2025,P0225,Product P0225,2,101.92,East
INV00002792,C00390,09-02-2025,P0228,Product P0228,4,12.56,South
INV00005036,C00567,09-02-2025,P0202,Product P0202,2,85.58,West
INV00008401,C01706,09-02-2025,P0141,Product P0141,3,65.69,North
INV00008605,C00469,09-02-2025,P0032,Product P0032,2,109.19,West
INV00001397,C01550,09-02-2025,P0201,Product P0201,2,77.63,West
INV00000753,C00216,09-02-2025,P0090,Product P0090,4,91.76,East
INV00008723,C01890,09-02-2025,P0047,Product P0047,5,57.41,West
INV00006096,C01607,09-02-2025,P0294,Product P0294,4,20.57,East
INV00006396,C00236,09-02-2025,P0064,Product P0064,5,37.22,North
INV00004908,C01976,09-02-2025,P0181,Product P0181,4,41.16,North
INV00008179,C01680,09-02-2025,P0222,Product P0222,2,167.16,North
INV00008785,C00661,09-02-2025,P0076,Product P0076,4,109.27,South
INV00009009,C00020,10-02-2025,P0280,Product P0280,1,54.1,South
INV00006028,C01746,10-02-2025,P0109,Product P0109,2,101.87,South
INV00008395,C00244,10-02-2025,P0085,Product P0085,2,52.72,North
INV00006087,C01113,10-02-2025,P0266,Product P0266,5,99.25,South
INV00000426,C00500,10-02-2025,P0289,Product P0289,1,73.58,North
INV00001907,C00741,10-02-2025,P0250,Product P0250,3,81.54,West
INV00006262,C01067,10-02-2025,P0195,Product P0195,4,70.22,South
INV00005320,C00565,10-02-2025,P0166,Product P0166,2,32.61,East
INV00006390,C01620,10-02-2025,P0272,Product P0272,2,34.52,East
INV00004738,C00917,10-02-2025,P0275,Product P0275,3,172.01,North
INV00003000,C01657,10-02-2025,P0176,Product P0176,2,59.75,North
INV00006478,C00889,10-02-2025,P0201,Product P0201,2,26.88,East
INV00008348,C00738,10-02-2025,P0049,Product P0049,3,173.12,East
INV00006334,C00241,11-02-2025,P0207,Product P0207,1,170.94,East
INV00003475,C00745,11-02-2025,P0275,Product P0275,1,115.48,South
INV00003724,C02484,11-02-2025,P0272,Product P0272,5,152,West
INV00000777,C01060,11-02-2025,P0121,Product P0121,4,17.05,West
INV00000046,C02427,11-02-2025,P0264,Product P0264,2,160.85,West
INV00008620,C01569,11-02-2025,P0193,Product P0193,2,134.48,South
INV00009348,C00704,11-02-2025,P0161,Product P0161,3,161.26,West
INV00003946,C01833,11-02-2025,P0075,Product P0075,5,149.93,North
INV00005965,C01860,11-02-2025,P0136,Product P0136,2,132.83,West
INV00004884,C00401,11-02-2025,P0246,Product P0246,4,90.06,North
INV00004111,C00008,11-02-2025,P0023,Product P0023,4,25.62,West
INV00007624,C00344,12-02-2025,P0298,Product P0298,4,6.68,North
INV00002902,C02002,12-02-2025,P0089,Product P0089,5,92.02,South
INV00003504,C00504,12-02-2025,P0082,Product P0082,1,25.16,East
INV00009576,C01874,12-02-2025,P0113,Product P0113,5,19.63,East
INV00009516,C02474,12-02-2025,P0158,Product P0158,5,60.82,North
INV00005761,C00313,12-02-2025,P0038,Product P0038,3,23.3,North
INV00001033,C01827,12-02-2025,P0187,Product P0187,4,23.82,East
INV00005676,C00677,12-02-2025,P0216,Product P0216,2,121.86,East
INV00005370,C00714,12-02-2025,P0008,Product P0008,1,75.54,East
INV00002749,C01038,12-02-2025,P0253,Product P0253,5,99.42,North
INV00004610,C01091,12-02-2025,P0160,Product P0160,4,37.87,North
INV00004271,C01998,13-02-2025,P0139,Product P0139,1,12.79,West
INV00007055,C02331,13-02-2025,P0075,Product P0075,3,166.66,North
INV00004562,C01051,13-02-2025,P0216,Product P0216,1,141.89,East
INV00004102,C02470,13-02-2025,P0294,Product P0294,3,77.32,North
INV00008312,C00016,13-02-2025,P0275,Product P0275,4,130.6,West
INV00008540,C01893,13-02-2025,P0262,Product P0262,3,132.49,North
INV00009715,C01719,13-02-2025,P0074,Product P0074,1,123.2,North
INV00001642,C00127,13-02-2025,P0209,Product P0209,5,68.05,West
INV00000504,C02169,13-02-2025,P0019,Product P0019,5,179.33,West
INV00003088,C00441,13-02-2025,P0156,Product P0156,5,159.85,South
INV00005654,C01164,13-02-2025,P0238,Product P0238,5,116.55,South
INV00005715,C02394,13-02-2025,P0088,Product P0088,2,140.76,North
INV00003930,C01850,13-02-2025,P0029,Product P0029,2,68.8,North
INV00008181,C01194,13-02-2025,P0278,Product P0278,2,112.75,North
INV00003614,C00186,13-02-2025,P0158,Product P0158,4,160.43,South
INV00001829,C01535,13-02-2025,P0188,Product P0188,5,138.33,North
INV00004961,C00955,13-02-2025,P0159,Product P0159,3,126.34,North
INV00003392,C01308,13-02-2025,P0084,Product P0084,5,45.31,South
INV00008950,C01240,13-02-2025,P0110,Product P0110,3,111.56,West
INV00001494,C00833,13-02-2025,P0055,Product P0055,3,121.42,West
INV00003326,C01958,13-02-2025,P0041,Product P0041,2,119.49,North
INV00009160,C00189,13-02-2025,P0023,Product P0023,2,141.23,South
INV00006189,C00323,14-02-2025,P0133,Product P0133,3,85.98,East
INV00000975,C00370,14-02-2025,P0246,Product P0246,2,98.64,North
INV00000551,C02008,14-02-2025,P0296,Product P0296,2,127.14,North
INV00004747,C01915,14-02-2025,P0022,Product P0022,3,117.1,West
INV00002458,C02339,14-02-2025,P0136,Product P0136,4,105.96,West
INV00008369,C01224,14-02-2025,P0069,Product P0069,1,163.66,South
INV00007681,C00893,14-02-2025,P0006,Product P0006,5,123.08,East
INV00009818,C01707,14-02-2025,P0096,Product P0096,3,69.3,East
INV00002965,C01835,14-02-2025,P0298,Product P0298,2,80.15,North
INV00001779,C00770,14-02-2025,P0289,Product P0289,4,95.18,South
INV00003155,C00172,14-02-2025,P0282,Product P0282,5,91.38,South
INV00006345,C00435,14-02-2025,P0071,Product P0071,2,152.48,North
INV00003134,C00203,14-02-2025,P0173,Product P0173,3,67.09,South
INV00008886,C02195,14-02-2025,P0212,Product P0212,1,83.97,West
INV00004781,C02124,14-02-2025,P0274,Product P0274,3,153.16,East
INV00008371,C02424,14-02-2025,P0039,Product P0039,3,23.43,East
INV00008708,C00130,14-02-2025,P0219,Product P0219,1,33.44,South
INV00008586,C00188,15-02-2025,P0212,Product P0212,3,103.74,North
INV00005541,C00711,15-02-2025,P0133,Product P0133,3,14.05,East
INV00009625,C02162,15-02-2025,P0203,Product P0203,4,23.54,South
INV00005764,C00234,15-02-2025,P0009,Product P0009,4,163.68,North
INV00008309,C01795,15-02-2025,P0220,Product P0220,5,174.33,West
INV00003637,C01352,15-02-2025,P0038,Product P0038,5,144.21,West
INV00005051,C01086,15-02-2025,P0038,Product P0038,1,55.88,East
INV00003004,C02402,15-02-2025,P0099,Product P0099,3,67.75,South
INV00002286,C02081,15-02-2025,P0029,Product P0029,4,35.03,East
INV00006263,C00585,15-02-2025,P0278,Product P0278,3,21.58,South
INV00007212,C00011,15-02-2025,P0126,Product P0126,4,152.41,West
INV00003034,C00277,16-02-2025,P0220,Product P0220,5,164.44,West
INV00004416,C01107,16-02-2025,P0013,Product P0013,2,123.75,East
INV00000011,C01317,16-02-2025,P0197,Product P0197,2,31.36,North
INV00007963,C01490,16-02-2025,P0257,Product P0257,1,75.68,South
INV00009551,C01972,16-02-2025,P0057,Product P0057,5,12.34,West
INV00002362,C01879,16-02-2025,P0012,Product P0012,2,11.7,South
INV00003712,C02498,16-02-2025,P0102,Product P0102,2,83.49,North
INV00007355,C02313,16-02-2025,P0069,Product P0069,4,157.58,North
INV00006739,C00931,16-02-2025,P0094,Product P0094,3,12.49,West
INV00000660,C00721,16-02-2025,P0104,Product P0104,5,140.19,West
INV00003007,C01498,16-02-2025,P0160,Product P0160,4,164.48,East
INV00002526,C00810,16-02-2025,P0017,Product P0017,3,75.28,East
INV00008405,C02119,16-02-2025,P0224,Product P0224,5,67.37,North
INV00008474,C00961,16-02-2025,P0109,Product P0109,5,166.91,East
INV00003879,C00446,16-02-2025,P0263,Product P0263,4,89.7,West
INV00002768,C02484,17-02-2025,P0226,Product P0226,3,106.84,East
INV00008591,C01028,17-02-2025,P0160,Product P0160,1,113.95,North
INV00006861,C01819,17-02-2025,P0053,Product P0053,3,119.82,North
INV00004984,C01006,17-02-2025,P0300,Product P0300,2,95.27,East
INV00006582,C00882,17-02-2025,P0223,Product P0223,4,146.98,South
INV00004497,C00825,17-02-2025,P0255,Product P0255,3,15.01,North
INV00003061,C00621,18-02-2025,P0088,Product P0088,3,135.2,South
INV00006595,C02392,18-02-2025,P0014,Product P0014,2,87.96,North
INV00006245,C02007,18-02-2025,P0279,Product P0279,1,100.4,North
INV00009001,C01115,18-02-2025,P0134,Product P0134,2,140.14,East
INV00009200,C00994,18-02-2025,P0163,Product P0163,4,32.27,North
INV00003224,C01940,18-02-2025,P0077,Product P0077,3,162.09,East
INV00009806,C00450,18-02-2025,P0214,Product P0214,1,165.42,West
INV00001595,C01756,18-02-2025,P0182,Product P0182,1,94.45,South
INV00007208,C00551,18-02-2025,P0297,Product P0297,2,126.62,North
INV00005843,C01387,18-02-2025,P0203,Product P0203,1,45.09,West
INV00009518,C00164,18-02-2025,P0023,Product P0023,1,120.61,East
INV00004544,C01532,18-02-2025,P0276,Product P0276,1,103.29,West
INV00004016,C00355,18-02-2025,P0017,Product P0017,5,91.13,South
INV00000279,C00163,18-02-2025,P0103,Product P0103,5,156.28,West
INV00004391,C00452,18-02-2025,P0092,Product P0092,2,57.75,East
INV00007338,C00950,18-02-2025,P0180,Product P0180,4,62.48,East
INV00008782,C00503,18-02-2025,P0189,Product P0189,4,10.08,South
INV00001482,C00005,18-02-2025,P0216,Product P0216,5,149.09,East
INV00000194,C00905,18-02-2025,P0207,Product P0207,1,57.64,West
INV00002056,C00916,18-02-2025,P0036,Product P0036,5,39.7,North
INV00001520,C01152,19-02-2025,P0016,Product P0016,5,121.01,South
INV00000624,C01043,19-02-2025,P0076,Product P0076,3,134.58,North
INV00005671,C00883,19-02-2025,P0132,Product P0132,4,127.04,West
INV00006369,C00066,19-02-2025,P0161,Product P0161,1,79.16,South
INV00005696,C00161,19-02-2025,P0086,Product P0086,4,99.81,North
INV00003026,C01568,19-02-2025,P0054,Product P0054,3,167.76,East
INV00002226,C01550,19-02-2025,P0079,Product P0079,1,54.83,North
INV00000986,C01632,19-02-2025,P0072,Product P0072,5,31.52,West
INV00008982,C01313,19-02-2025,P0120,Product P0120,4,111.87,South
INV00003429,C01950,20-02-2025,P0012,Product P0012,4,95.65,East
INV00000315,C00610,20-02-2025,P0159,Product P0159,1,77.48,East
INV00000419,C00742,20-02-2025,P0224,Product P0224,1,62.51,South
INV00008530,C01715,20-02-2025,P0046,Product P0046,4,89.06,West
INV00005939,C02482,20-02-2025,P0119,Product P0119,4,106.39,East
INV00002892,C01422,20-02-2025,P0046,Product P0046,1,74.89,South
INV00001372,C00859,20-02-2025,P0005,Product P0005,3,117.25,North
INV00000702,C01541,20-02-2025,P0274,Product P0274,2,168.65,North
INV00003850,C00562,20-02-2025,P0101,Product P0101,1,22.1,South
INV00006583,C01551,20-02-2025,P0284,Product P0284,3,179.43,North
INV00000937,C00395,20-02-2025,P0281,Product P0281,2,162.75,South
INV00005870,C01668,20-02-2025,P0187,Product P0187,5,179.35,East
INV00009044,C01035,21-02-2025,P0189,Product P0189,2,37.36,South
INV00000670,C00331,21-02-2025,P0108,Product P0108,1,62.96,East
INV00009162,C01695,21-02-2025,P0214,Product P0214,4,54.45,West
INV00001349,C01837,21-02-2025,P0069,Product P0069,3,179.8,North
INV00009256,C00828,21-02-2025,P0109,Product P0109,3,100.68,East
INV00007140,C00767,21-02-2025,P0239,Product P0239,5,60.27,South
INV00003003,C02325,21-02-2025,P0021,Product P0021,4,177.93,East
INV00001713,C02200,21-02-2025,P0253,Product P0253,2,85.34,East
INV00006612,C00119,21-02-2025,P0036,Product P0036,2,39.13,East
INV00005662,C00555,21-02-2025,P0291,Product P0291,2,61.64,North
INV00006923,C01179,21-02-2025,P0143,Product P0143,1,146.83,West
INV00007892,C02205,21-02-2025,P0209,Product P0209,4,22.87,West
INV00005431,C02404,22-02-2025,P0229,Product P0229,5,56.75,East
INV00008972,C00701,22-02-2025,P0076,Product P0076,4,65.11,South
INV00002166,C02310,22-02-2025,P0172,Product P0172,1,127.4,North
INV00009143,C00216,22-02-2025,P0007,Product P0007,3,150.49,East
INV00000459,C02102,22-02-2025,P0028,Product P0028,1,67.26,East
INV00004001,C00794,22-02-2025,P0120,Product P0120,5,6.51,East
INV00006778,C01099,22-02-2025,P0129,Product P0129,3,84.01,East
INV00002160,C00836,22-02-2025,P0257,Product P0257,4,106.93,South
INV00009575,C01779,22-02-2025,P0180,Product P0180,1,45.28,East
INV00005023,C01707,22-02-2025,P0211,Product P0211,5,46.83,North
INV00002397,C02367,22-02-2025,P0294,Product P0294,3,5.26,West
INV00000351,C01333,22-02-2025,P0268,Product P0268,4,32.89,North
INV00009436,C01476,22-02-2025,P0026,Product P0026,4,163.59,East
INV00003477,C01370,22-02-2025,P0066,Product P0066,5,168.6,West
INV00002853,C00286,22-02-2025,P0086,Product P0086,2,44.7,East
INV00001243,C02409,22-02-2025,P0084,Product P0084,4,157.03,East
INV00009627,C00969,22-02-2025,P0196,Product P0196,3,105.11,West
INV00001322,C00688,22-02-2025,P0126,Product P0126,1,119.35,South
INV00006329,C00195,22-02-2025,P0276,Product P0276,1,93.97,East
INV00000311,C01665,23-02-2025,P0107,Product P0107,1,109.44,West
INV00000352,C00113,23-02-2025,P0015,Product P0015,4,106.1,North
INV00003622,C00556,23-02-2025,P0051,Product P0051,5,147.6,South
INV00007353,C00934,23-02-2025,P0011,Product P0011,4,64.14,West
INV00003373,C00772,23-02-2025,P0009,Product P0009,5,173.76,South
INV00009064,C00793,23-02-2025,P0192,Product P0192,1,42.95,North
INV00004953,C01957,23-02-2025,P0013,Product P0013,2,89.55,North
INV00001068,C01603,23-02-2025,P0105,Product P0105,4,150.16,West
INV00003646,C01322,23-02-2025,P0147,Product P0147,4,73.24,South
INV00009927,C01428,24-02-2025,P0034,Product P0034,3,6.05,West
INV00001025,C02055,24-02-2025,P0027,Product P0027,2,173.53,North
INV00002205,C01137,24-02-2025,P0165,Product P0165,5,41.51,West
INV00005788,C01526,24-02-2025,P0045,Product P0045,1,62.48,West
INV00000241,C00351,24-02-2025,P0209,Product P0209,1,110.48,West
INV00004456,C00168,24-02-2025,P0096,Product P0096,3,161.35,South
INV00003062,C00771,24-02-2025,P0083,Product P0083,3,5.8,East
INV00003688,C02353,24-02-2025,P0102,Product P0102,3,130.84,West
INV00003250,C00989,24-02-2025,P0004,Product P0004,5,54.9,North
INV00000627,C00846,25-02-2025,P0086,Product P0086,3,83.51,South
INV00001888,C01034,25-02-2025,P0245,Product P0245,3,161.7,West
INV00007157,C01822,25-02-2025,P0085,Product P0085,5,4.76,North
INV00009100,C00710,25-02-2025,P0045,Product P0045,1,164.83,South
INV00007289,C01097,25-02-2025,P0062,Product P0062,1,10.91,North
INV00003894,C00504,25-02-2025,P0218,Product P0218,1,24.62,North
INV00009682,C02198,25-02-2025,P0179,Product P0179,1,145.63,South
INV00008637,C00051,25-02-2025,P0285,Product P0285,5,52.24,North
INV00005237,C01396,25-02-2025,P0055,Product P0055,2,84.27,West
INV00007270,C01473,25-02-2025,P0033,Product P0033,4,75.46,North
INV00007633,C02478,26-02-2025,P0157,Product P0157,4,55.61,South
INV00006832,C00581,26-02-2025,P0249,Product P0249,2,169.29,West
INV00004017,C00677,26-02-2025,P0077,Product P0077,1,112.95,East
INV00003910,C02265,26-02-2025,P0216,Product P0216,5,97,North
INV00009283,C00310,26-02-2025,P0055,Product P0055,1,142.64,North
INV00001739,C00009,27-02-2025,P0065,Product P0065,4,153.01,West
INV00004480,C01343,27-02-2025,P0254,Product P0254,4,87.79,West
INV00008767,C00543,27-02-2025,P0141,Product P0141,3,74.71,North
INV00005254,C01401,27-02-2025,P0285,Product P0285,3,34.1,East
INV00006890,C02198,27-02-2025,P0260,Product P0260,3,158.9,West
INV00000811,C00111,27-02-2025,P0118,Product P0118,1,119.49,North
INV00008934,C00414,27-02-2025,P0061,Product P0061,1,122.89,North
INV00003781,C00141,27-02-2025,P0084,Product P0084,2,106.42,South
INV00001400,C00749,27-02-2025,P0017,Product P0017,5,104.18,South
INV00003871,C00115,27-02-2025,P0014,Product P0014,2,74.75,West
INV00002318,C01091,27-02-2025,P0002,Product P0002,1,41.8,West
INV00009605,C01082,27-02-2025,P0054,Product P0054,4,25.37,North
INV00008590,C02024,27-02-2025,P0048,Product P0048,3,75.18,South
INV00002677,C02406,28-02-2025,P0139,Product P0139,3,153.6,West
INV00002218,C02497,28-02-2025,P0111,Product P0111,3,148.84,East
INV00009971,C00500,28-02-2025,P0227,Product P0227,4,89.53,West
INV00008696,C02193,28-02-2025,P0251,Product P0251,5,106.2,South
INV00005904,C01942,28-02-2025,P0185,Product P0185,1,135.4,West
INV00007443,C01417,28-02-2025,P0088,Product P0088,1,118.57,North
INV00008124,C01760,28-02-2025,P0276,Product P0276,2,132.06,North
INV00000308,C01386,28-02-2025,P0066,Product P0066,2,151.13,East
INV00001579,C00283,28-02-2025,P0300,Product P0300,5,84.8,East
INV00007557,C02023,28-02-2025,P0091,Product P0091,2,114.62,South
INV00007324,C02271,28-02-2025,P0084,Product P0084,3,17.2,North
INV00009128,C02034,28-02-2025,P0188,Product P0188,4,32.03,East
INV00005516,C01747,01-03-2025,P0009,Product P0009,2,54.26,East
INV00002645,C01131,01-03-2025,P0222,Product P0222,5,33.07,West
INV00001011,C00672,01-03-2025,P0159,Product P0159,3,66.37,West
INV00009072,C00226,01-03-2025,P0107,Product P0107,4,78.66,East
INV00003193,C01678,01-03-2025,P0235,Product P0235,5,43.88,East
INV00002208,C02098,01-03-2025,P0251,Product P0251,4,19.01,South
INV00005243,C02274,01-03-2025,P0098,Product P0098,4,22.3,South
INV00006835,C00161,01-03-2025,P0278,Product P0278,5,81.49,East
INV00009190,C00529,01-03-2025,P0148,Product P0148,1,27.82,East
INV00003282,C01887,01-03-2025,P0008,Product P0008,4,62.67,North
INV00006435,C01528,01-03-2025,P0050,Product P0050,4,73.27,South
INV00000748,C00787,01-03-2025,P0180,Product P0180,2,126.39,West
INV00006038,C00816,01-03-2025,P0100,Product P0100,2,136.27,North
INV00004448,C00476,01-03-2025,P0041,Product P0041,4,49.07,West
INV00003340,C02169,01-03-2025,P0254,Product P0254,4,89.97,East
INV00001122,C00211,02-03-2025,P0279,Product P0279,2,171.59,South
INV00005490,C00902,02-03-2025,P0237,Product P0237,5,105.54,South
INV00003996,C00838,02-03-2025,P0118,Product P0118,3,160.44,East
INV00005954,C01635,02-03-2025,P0252,Product P0252,4,15.44,West
INV00007862,C01329,02-03-2025,P0184,Product P0184,5,171.11,South
INV00004906,C01604,02-03-2025,P0126,Product P0126,4,178.46,North
INV00006994,C01793,02-03-2025,P0048,Product P0048,2,7.9,East
INV00007738,C01551,02-03-2025,P0122,Product P0122,1,4.61,South
INV00009840,C01020,02-03-2025,P0268,Product P0268,3,47.82,West
INV00001917,C00706,02-03-2025,P0127,Product P0127,1,51.47,North
INV00007877,C01011,02-03-2025,P0178,Product P0178,3,25.09,West
INV00003048,C01902,02-03-2025,P0066,Product P0066,1,98.39,North
INV00000415,C00045,02-03-2025,P0101,Product P0101,3,47.11,West
INV00003030,C02237,02-03-2025,P0045,Product P0045,2,121.35,West
INV00006632,C00160,02-03-2025,P0165,Product P0165,2,27.51,North
INV00002274,C01154,02-03-2025,P0288,Product P0288,5,118.98,North
INV00008533,C00800,02-03-2025,P0065,Product P0065,5,81.88,North
INV00006154,C00844,03-03-2025,P0003,Product P0003,3,45.3,North
INV00006208,C01903,03-03-2025,P0218,Product P0218,4,127.08,North
INV00008650,C00504,03-03-2025,P0141,Product P0141,3,50.75,East
INV00003699,C00724,03-03-2025,P0117,Product P0117,2,69.01,North
INV00006584,C01802,03-03-2025,P0285,Product P0285,3,86.42,East
INV00007902,C01064,03-03-2025,P0089,Product P0089,5,43.72,East
INV00007548,C02045,03-03-2025,P0226,Product P0226,3,12.89,West
INV00006046,C01186,03-03-2025,P0285,Product P0285,4,141.06,North
INV00007097,C00404,03-03-2025,P0276,Product P0276,1,54.75,South
INV00007713,C00948,03-03-2025,P0090,Product P0090,1,18.4,North
INV00003206,C01695,03-03-2025,P0082,Product P0082,2,66.85,South
INV00009572,C02171,03-03-2025,P0192,Product P0192,3,6.18,South
INV00003299,C01348,03-03-2025,P0052,Product P0052,3,147.04,West
INV00009337,C00980,03-03-2025,P0114,Product P0114,5,25.91,West
INV00007360,C00134,04-03-2025,P0209,Product P0209,1,112.23,South
INV00009381,C00014,04-03-2025,P0018,Product P0018,3,94.97,North
INV00005704,C01079,04-03-2025,P0252,Product P0252,5,111.54,South
INV00006417,C00529,04-03-2025,P0253,Product P0253,1,119.75,West
INV00003890,C02062,04-03-2025,P0115,Product P0115,1,142.08,South
INV00005645,C01525,04-03-2025,P0280,Product P0280,4,142.6,North
INV00005428,C00349,04-03-2025,P0071,Product P0071,3,154.68,East
INV00000722,C02329,04-03-2025,P0194,Product P0194,5,7.61,West
INV00005892,C01046,05-03-2025,P0076,Product P0076,3,47.34,South
INV00006884,C00470,05-03-2025,P0093,Product P0093,1,149.56,North
INV00002176,C01907,05-03-2025,P0073,Product P0073,3,67.54,South
INV00005621,C00055,05-03-2025,P0238,Product P0238,3,65.71,North
INV00000818,C00267,05-03-2025,P0068,Product P0068,4,78.01,West
INV00004706,C00587,05-03-2025,P0286,Product P0286,3,112.08,East
INV00001640,C00683,06-03-2025,P0124,Product P0124,2,77.65,South
INV00005961,C00436,06-03-2025,P0206,Product P0206,3,95.42,North
INV00001900,C00849,06-03-2025,P0196,Product P0196,2,80.78,West
INV00000802,C00755,06-03-2025,P0205,Product P0205,5,103.75,East
INV00002306,C00241,06-03-2025,P0108,Product P0108,2,164.44,East
INV00002544,C00952,06-03-2025,P0067,Product P0067,2,65.63,East
INV00002765,C00512,06-03-2025,P0110,Product P0110,3,28.3,East
INV00005992,C01183,06-03-2025,P0102,Product P0102,2,159.27,North
INV00009541,C00111,06-03-2025,P0262,Product P0262,4,51.58,North
INV00005579,C01135,06-03-2025,P0296,Product P0296,1,19.59,North
INV00004447,C00770,07-03-2025,P0239,Product P0239,1,50.71,East
INV00005501,C02365,07-03-2025,P0134,Product P0134,2,174.93,East
INV00009966,C00777,07-03-2025,P0296,Product P0296,5,132.06,South
INV00003472,C01866,07-03-2025,P0294,Product P0294,5,138.53,East
INV00007874,C00857,07-03-2025,P0066,Product P0066,5,147.5,North
INV00002070,C01049,07-03-2025,P0299,Product P0299,5,34.32,North
INV00002690,C02456,07-03-2025,P0086,Product P0086,4,53.55,South
INV00004620,C02246,07-03-2025,P0119,Product P0119,2,129.18,North
INV00005455,C00770,07-03-2025,P0112,Product P0112,1,32.28,West
INV00007582,C00554,07-03-2025,P0266,Product P0266,3,157.23,East
INV00001403,C00750,07-03-2025,P0014,Product P0014,4,147.86,East
INV00003726,C02476,07-03-2025,P0026,Product P0026,5,127.73,East
INV00005995,C00332,07-03-2025,P0149,Product P0149,2,69.89,North
INV00008781,C01345,07-03-2025,P0106,Product P0106,4,128.33,North
INV00008854,C00467,08-03-2025,P0042,Product P0042,1,80.69,North
INV00003253,C00391,08-03-2025,P0298,Product P0298,3,100.05,North
INV00009264,C01118,08-03-2025,P0291,Product P0291,1,86.8,West
INV00001057,C01124,08-03-2025,P0040,Product P0040,1,161.7,West
INV00007983,C01357,08-03-2025,P0275,Product P0275,2,141.33,South
INV00006878,C00018,08-03-2025,P0282,Product P0282,2,31.31,West
INV00007848,C02308,08-03-2025,P0104,Product P0104,5,122.07,North
INV00006327,C00137,08-03-2025,P0093,Product P0093,1,110.96,East
INV00009071,C00287,08-03-2025,P0251,Product P0251,1,109.73,East
INV00009535,C00213,08-03-2025,P0289,Product P0289,5,112.13,West
INV00005091,C02219,08-03-2025,P0272,Product P0272,3,137.02,East
INV00006448,C01739,08-03-2025,P0277,Product P0277,2,110.25,North
INV00002966,C01483,08-03-2025,P0261,Product P0261,1,137.27,North
INV00005488,C01913,08-03-2025,P0274,Product P0274,3,40.75,West
INV00009507,C00487,08-03-2025,P0242,Product P0242,4,140.89,South
INV00007381,C01715,08-03-2025,P0236,Product P0236,5,74.33,South
INV00009924,C00398,09-03-2025,P0136,Product P0136,1,19.3,South
INV00000719,C00590,09-03-2025,P0087,Product P0087,5,89.33,North
INV00007863,C01978,09-03-2025,P0251,Product P0251,5,154.85,East
INV00000543,C00488,09-03-2025,P0198,Product P0198,2,44.44,South
INV00002943,C01908,09-03-2025,P0019,Product P0019,4,6.38,North
INV00002065,C01474,09-03-2025,P0078,Product P0078,4,159.07,West
INV00003851,C01835,10-03-2025,P0067,Product P0067,5,56.48,North
INV00006217,C01098,10-03-2025,P0058,Product P0058,2,44.95,South
INV00000309,C00790,10-03-2025,P0031,Product P0031,3,116.52,East
INV00001517,C01207,10-03-2025,P0130,Product P0130,4,107.13,West
INV00004603,C00783,10-03-2025,P0226,Product P0226,4,179.29,North
INV00007590,C01406,10-03-2025,P0168,Product P0168,2,87.11,North
INV00001669,C01332,10-03-2025,P0187,Product P0187,4,91.15,North
INV00000780,C02127,10-03-2025,P0280,Product P0280,1,73.82,West
INV00001762,C01023,10-03-2025,P0094,Product P0094,1,137.75,West
INV00009693,C01479,10-03-2025,P0296,Product P0296,4,20.32,South
INV00007450,C02050,10-03-2025,P0153,Product P0153,5,127.05,North
INV00004009,C00475,11-03-2025,P0001,Product P0001,3,7.82,East
INV00005588,C02472,11-03-2025,P0124,Product P0124,1,108.49,South
INV00008341,C02211,11-03-2025,P0084,Product P0084,2,128.4,West
INV00005996,C00526,11-03-2025,P0144,Product P0144,2,120.95,South
INV00008910,C01320,11-03-2025,P0160,Product P0160,4,157.46,East
INV00007833,C01011,11-03-2025,P0212,Product P0212,4,13.36,South
INV00002921,C00814,11-03-2025,P0277,Product P0277,1,46.61,South
INV00000605,C02066,11-03-2025,P0226,Product P0226,3,102.22,South
INV00003178,C00741,11-03-2025,P0260,Product P0260,1,82.89,East
INV00004744,C00818,11-03-2025,P0253,Product P0253,1,40.8,West
INV00002468,C01699,11-03-2025,P0068,Product P0068,5,68.19,North
INV00002911,C00281,12-03-2025,P0296,Product P0296,2,136.8,South
INV00008740,C01080,12-03-2025,P0232,Product P0232,5,23.77,South
INV00009271,C02401,12-03-2025,P0095,Product P0095,3,174.13,South
INV00007966,C01454,12-03-2025,P0192,Product P0192,5,100.14,North
INV00006540,C00351,12-03-2025,P0105,Product P0105,4,11.5,North
INV00003186,C02374,12-03-2025,P0131,Product P0131,5,29.04,North
INV00007119,C01071,12-03-2025,P0273,Product P0273,2,149.59,West
INV00004106,C01132,12-03-2025,P0111,Product P0111,1,25.37,East
INV00004678,C01420,12-03-2025,P0040,Product P0040,4,107.49,East
INV00003729,C00853,12-03-2025,P0140,Product P0140,4,90.61,West
INV00000829,C02159,12-03-2025,P0211,Product P0211,2,130.6,West
INV00004937,C02403,12-03-2025,P0281,Product P0281,2,81.03,East
INV00008518,C02391,13-03-2025,P0118,Product P0118,3,8.6,East
INV00007479,C01986,13-03-2025,P0236,Product P0236,1,76.89,North
INV00004631,C00370,13-03-2025,P0176,Product P0176,5,132.47,North
INV00006452,C02020,13-03-2025,P0042,Product P0042,2,21.86,East
INV00002985,C01800,13-03-2025,P0100,Product P0100,4,118.15,South
INV00001885,C01545,13-03-2025,P0240,Product P0240,5,98.04,North
INV00006611,C00840,13-03-2025,P0250,Product P0250,4,12.03,East
INV00008283,C00002,13-03-2025,P0010,Product P0010,1,116.76,South
INV00006988,C01526,14-03-2025,P0267,Product P0267,3,28.76,South
INV00003377,C01263,14-03-2025,P0107,Product P0107,2,123.17,East
INV00004171,C00932,14-03-2025,P0220,Product P0220,1,141.86,East
INV00007999,C00330,14-03-2025,P0238,Product P0238,2,82.91,North
INV00004810,C02015,14-03-2025,P0163,Product P0163,5,88.64,West
INV00009521,C00806,14-03-2025,P0152,Product P0152,5,26.22,South
INV00008943,C02308,14-03-2025,P0297,Product P0297,5,8.57,East
INV00008663,C01618,14-03-2025,P0131,Product P0131,1,124.53,East
INV00004130,C01060,14-03-2025,P0114,Product P0114,2,126.82,North
INV00004968,C00846,14-03-2025,P0231,Product P0231,5,5.2,East
INV00007094,C01201,15-03-2025,P0224,Product P0224,5,75.09,South
INV00004923,C01388,15-03-2025,P0052,Product P0052,4,150.4,East
INV00004604,C01892,15-03-2025,P0198,Product P0198,3,103.12,East
INV00003915,C01974,15-03-2025,P0291,Product P0291,1,137.98,North
INV00001382,C00712,15-03-2025,P0164,Product P0164,5,62.29,North
INV00006759,C00743,15-03-2025,P0117,Product P0117,3,87.35,East
INV00001402,C00604,15-03-2025,P0248,Product P0248,4,53.21,West
INV00001429,C00668,15-03-2025,P0193,Product P0193,2,26.62,South
INV00006967,C02260,15-03-2025,P0237,Product P0237,5,114.81,East
INV00006615,C00515,15-03-2025,P0126,Product P0126,5,84.1,South
INV00006332,C01727,15-03-2025,P0202,Product P0202,4,20.95,West
INV00007139,C00562,15-03-2025,P0060,Product P0060,5,137.29,East
INV00003432,C01926,15-03-2025,P0252,Product P0252,5,106.3,East
INV00009310,C01042,15-03-2025,P0258,Product P0258,1,105.92,North
INV00009270,C01622,15-03-2025,P0194,Product P0194,1,101.95,West
INV00003291,C01009,15-03-2025,P0029,Product P0029,2,89.65,North
INV00004027,C00525,16-03-2025,P0119,Product P0119,3,20.88,West
INV00009754,C00555,16-03-2025,P0249,Product P0249,5,128.36,South
INV00002331,C00163,16-03-2025,P0255,Product P0255,5,70.48,South
INV00005658,C02032,16-03-2025,P0242,Product P0242,4,61.3,North
INV00000275,C01046,16-03-2025,P0071,Product P0071,3,113.41,North
INV00003031,C01832,16-03-2025,P0005,Product P0005,4,52.32,South
INV00000217,C00199,16-03-2025,P0173,Product P0173,3,80.98,East
INV00003933,C01758,16-03-2025,P0069,Product P0069,5,109.77,East
INV00009740,C01589,16-03-2025,P0278,Product P0278,2,55.7,South
INV00006367,C02066,16-03-2025,P0068,Product P0068,4,63.02,South
INV00004379,C00416,17-03-2025,P0170,Product P0170,2,116.49,West
INV00007401,C01864,17-03-2025,P0128,Product P0128,1,81.25,South
INV00004931,C00038,17-03-2025,P0106,Product P0106,4,179.21,East
INV00002578,C01128,17-03-2025,P0101,Product P0101,3,6.39,South
INV00001249,C00814,17-03-2025,P0278,Product P0278,5,72.76,North
INV00003673,C01468,17-03-2025,P0079,Product P0079,5,53.61,South
INV00001157,C00301,17-03-2025,P0070,Product P0070,1,49.08,East
INV00001211,C01559,17-03-2025,P0129,Product P0129,4,133.83,East
INV00006838,C00144,17-03-2025,P0101,Product P0101,2,154.98,West
INV00000767,C01532,17-03-2025,P0286,Product P0286,5,5.53,West
INV00000730,C01645,18-03-2025,P0266,Product P0266,1,178.71,West
INV00009959,C00756,18-03-2025,P0238,Product P0238,3,113.62,North
INV00002554,C00484,18-03-2025,P0064,Product P0064,1,74.73,East
INV00002381,C00449,18-03-2025,P0015,Product P0015,1,162.49,North
INV00006216,C01617,18-03-2025,P0252,Product P0252,2,132.92,West
INV00003103,C00037,18-03-2025,P0107,Product P0107,1,32.1,West
INV00000942,C01011,18-03-2025,P0190,Product P0190,2,117.71,East
INV00003924,C01044,18-03-2025,P0053,Product P0053,1,38.64,North
INV00005458,C00984,18-03-2025,P0181,Product P0181,3,138.42,South
INV00007299,C01076,18-03-2025,P0004,Product P0004,5,43.47,East
INV00006026,C01906,18-03-2025,P0204,Product P0204,5,76.56,West
INV00003553,C02347,18-03-2025,P0250,Product P0250,5,32.88,West
INV00001007,C02126,19-03-2025,P0140,Product P0140,4,142.87,West
INV00006301,C00842,19-03-2025,P0180,Product P0180,1,17.49,North
INV00000331,C01368,19-03-2025,P0093,Product P0093,4,152.42,West
INV00003644,C01230,19-03-2025,P0281,Product P0281,2,56.09,West
INV00003799,C00026,19-03-2025,P0157,Product P0157,5,168.65,South
INV00001682,C00032,19-03-2025,P0114,Product P0114,4,111.54,South
INV00008029,C01063,19-03-2025,P0066,Product P0066,4,117.16,West
INV00007807,C00588,19-03-2025,P0210,Product P0210,3,168.03,West
INV00000477,C02118,19-03-2025,P0212,Product P0212,3,60.54,South
INV00002561,C01444,19-03-2025,P0118,Product P0118,4,20.94,South
INV00002036,C02116,19-03-2025,P0247,Product P0247,3,136.75,North
INV00001545,C00577,19-03-2025,P0253,Product P0253,1,167.26,South
INV00005560,C00339,19-03-2025,P0213,Product P0213,4,62.49,North
INV00002078,C01101,19-03-2025,P0067,Product P0067,3,143.22,East
INV00004198,C00310,19-03-2025,P0071,Product P0071,5,111.27,South
INV00006454,C01693,19-03-2025,P0210,Product P0210,4,91.83,West
INV00009005,C01929,19-03-2025,P0175,Product P0175,1,57.37,South
INV00007832,C00763,19-03-2025,P0080,Product P0080,4,133.41,West
INV00000231,C01159,19-03-2025,P0008,Product P0008,1,119.45,West
INV00009493,C01315,19-03-2025,P0073,Product P0073,4,85.03,East
INV00007223,C01000,20-03-2025,P0056,Product P0056,2,12.32,South
INV00009233,C01456,20-03-2025,P0043,Product P0043,2,93.34,West
INV00004050,C01142,20-03-2025,P0031,Product P0031,4,104.83,East
INV00005563,C01969,20-03-2025,P0061,Product P0061,2,99.19,East
INV00008911,C00590,20-03-2025,P0020,Product P0020,3,178.01,North
INV00005505,C01332,20-03-2025,P0059,Product P0059,3,140.85,South
INV00007647,C01394,20-03-2025,P0226,Product P0226,1,138.37,North
INV00002928,C00802,20-03-2025,P0080,Product P0080,2,165.42,North
INV00000737,C01827,21-03-2025,P0014,Product P0014,1,65.2,East
INV00006014,C01475,21-03-2025,P0164,Product P0164,3,50.37,North
INV00004133,C01826,21-03-2025,P0265,Product P0265,3,135.67,South
INV00002079,C00647,21-03-2025,P0248,Product P0248,3,149.38,East
INV00002647,C01420,21-03-2025,P0084,Product P0084,3,94.42,East
INV00007328,C01699,21-03-2025,P0278,Product P0278,3,158.18,North
INV00002987,C01870,21-03-2025,P0175,Product P0175,5,9.24,East
INV00009705,C00186,21-03-2025,P0183,Product P0183,5,161.35,West
INV00008031,C00633,21-03-2025,P0046,Product P0046,3,174.23,North
INV00002550,C00321,21-03-2025,P0011,Product P0011,1,32.65,East
INV00009667,C01520,21-03-2025,P0287,Product P0287,1,76.33,North
INV00007811,C01265,21-03-2025,P0215,Product P0215,1,159.59,North
INV00002482,C02151,21-03-2025,P0193,Product P0193,4,16.94,East
INV00005795,C01010,21-03-2025,P0055,Product P0055,1,18.65,South
INV00008961,C01121,21-03-2025,P0284,Product P0284,4,39.13,North
INV00005395,C01358,21-03-2025,P0202,Product P0202,2,169.93,North
INV00009968,C00402,22-03-2025,P0180,Product P0180,4,162.75,East
INV00004882,C02495,22-03-2025,P0265,Product P0265,5,57.77,North
INV00006142,C00041,22-03-2025,P0128,Product P0128,4,170.63,North
INV00003690,C00419,22-03-2025,P0181,Product P0181,3,12.85,East
INV00000560,C02128,22-03-2025,P0220,Product P0220,5,173.42,North
INV00008182,C00253,22-03-2025,P0199,Product P0199,3,44.74,North
INV00007260,C00475,22-03-2025,P0260,Product P0260,3,22.98,West
INV00001833,C01472,22-03-2025,P0194,Product P0194,5,27.47,North
INV00000980,C01415,22-03-2025,P0224,Product P0224,4,176.46,West
INV00002740,C00861,22-03-2025,P0211,Product P0211,5,99.47,East
INV00002807,C00722,22-03-2025,P0025,Product P0025,2,34.98,East
INV00004980,C01522,23-03-2025,P0007,Product P0007,2,63.5,North
INV00007387,C01970,23-03-2025,P0202,Product P0202,3,97.84,South
INV00009610,C02037,23-03-2025,P0068,Product P0068,4,32.81,North
INV00006899,C02346,23-03-2025,P0099,Product P0099,3,168.65,West
INV00007654,C00677,23-03-2025,P0217,Product P0217,2,99.29,East
INV00001051,C01271,23-03-2025,P0256,Product P0256,2,130.53,South
INV00000222,C01140,23-03-2025,P0052,Product P0052,2,118.02,South
INV00004896,C01011,23-03-2025,P0111,Product P0111,4,150.75,South
INV00006686,C00395,23-03-2025,P0202,Product P0202,1,174.75,East
INV00001338,C00741,23-03-2025,P0198,Product P0198,1,161.04,East
INV00001084,C01390,23-03-2025,P0165,Product P0165,3,155.67,North
INV00000034,C01387,23-03-2025,P0152,Product P0152,4,42.16,South
INV00001846,C01542,23-03-2025,P0225,Product P0225,4,33.34,South
INV00003516,C02431,23-03-2025,P0266,Product P0266,2,137.86,East
INV00000460,C00265,23-03-2025,P0071,Product P0071,2,86.9,West
INV00000998,C00902,24-03-2025,P0008,Product P0008,4,64.39,North
INV00006799,C01196,24-03-2025,P0266,Product P0266,5,29.96,East
INV00009726,C00679,24-03-2025,P0018,Product P0018,2,46.55,North
INV00007508,C01879,24-03-2025,P0249,Product P0249,1,146.62,East
INV00003256,C00473,24-03-2025,P0175,Product P0175,5,57.91,West
INV00000697,C01805,24-03-2025,P0039,Product P0039,4,175.82,West
INV00009553,C01223,24-03-2025,P0124,Product P0124,2,168.39,East
INV00002370,C00439,24-03-2025,P0060,Product P0060,1,52.86,West
INV00004070,C00251,24-03-2025,P0050,Product P0050,2,94.3,South
INV00004586,C01527,24-03-2025,P0249,Product P0249,2,109.77,South
INV00009509,C02037,24-03-2025,P0270,Product P0270,2,151.21,North
INV00005807,C01069,24-03-2025,P0118,Product P0118,3,115.2,East
INV00003836,C01813,24-03-2025,P0197,Product P0197,4,131.64,South
INV00007748,C00300,24-03-2025,P0233,Product P0233,5,103.85,East
INV00006863,C00449,24-03-2025,P0063,Product P0063,5,67.28,South
INV00003423,C01502,25-03-2025,P0186,Product P0186,5,125.31,North
INV00000206,C00665,25-03-2025,P0007,Product P0007,5,121.73,North
INV00000783,C00307,25-03-2025,P0132,Product P0132,5,91.35,North
INV00000550,C01702,25-03-2025,P0115,Product P0115,1,127.71,East
INV00008317,C01699,25-03-2025,P0087,Product P0087,3,59.66,West
INV00005368,C01457,25-03-2025,P0256,Product P0256,1,13.83,East
INV00005201,C01091,25-03-2025,P0011,Product P0011,2,57,West
INV00001563,C00622,25-03-2025,P0259,Product P0259,4,16.1,North
INV00006102,C02217,25-03-2025,P0118,Product P0118,1,77.69,South
INV00008403,C00177,25-03-2025,P0164,Product P0164,4,7.54,North
INV00007253,C01940,25-03-2025,P0257,Product P0257,5,120.36,North
INV00008595,C00437,25-03-2025,P0219,Product P0219,1,147.82,East
INV00009957,C01920,25-03-2025,P0020,Product P0020,2,32.78,South
INV00000728,C00220,25-03-2025,P0271,Product P0271,4,120.59,East
INV00004934,C02069,25-03-2025,P0064,Product P0064,2,28.01,West
INV00007924,C00325,25-03-2025,P0113,Product P0113,2,117.35,East
INV00008699,C01110,25-03-2025,P0221,Product P0221,1,119.19,North
INV00005361,C01636,25-03-2025,P0115,Product P0115,4,7.91,South
INV00000917,C01358,25-03-2025,P0130,Product P0130,5,147.71,East
INV00003264,C02155,25-03-2025,P0019,Product P0019,3,85.26,East
INV00000190,C00754,26-03-2025,P0299,Product P0299,5,35.43,North
INV00009259,C00446,26-03-2025,P0134,Product P0134,4,40.95,West
INV00000284,C01227,26-03-2025,P0169,Product P0169,5,147.53,North
INV00009746,C01740,26-03-2025,P0197,Product P0197,5,139.58,East
INV00002384,C00983,26-03-2025,P0041,Product P0041,1,145.41,West
INV00006489,C00331,26-03-2025,P0009,Product P0009,4,35.12,East
INV00000361,C02115,26-03-2025,P0134,Product P0134,3,152.02,East
INV00005972,C00604,27-03-2025,P0061,Product P0061,4,77.61,East
INV00006183,C00425,27-03-2025,P0222,Product P0222,3,140.37,West
INV00002463,C01186,27-03-2025,P0288,Product P0288,2,172.32,North
INV00006419,C02453,27-03-2025,P0087,Product P0087,4,75.86,East
INV00004719,C01003,27-03-2025,P0100,Product P0100,2,173.28,South
INV00007937,C00472,27-03-2025,P0217,Product P0217,1,64.59,North
INV00000653,C00506,27-03-2025,P0277,Product P0277,4,154.51,South
INV00008206,C01400,27-03-2025,P0145,Product P0145,5,107.01,North
INV00004663,C00388,27-03-2025,P0025,Product P0025,2,88.9,North
INV00005931,C02318,27-03-2025,P0043,Product P0043,4,143.69,South
INV00008852,C00949,27-03-2025,P0235,Product P0235,3,91.01,South
INV00001019,C00105,27-03-2025,P0048,Product P0048,3,128.62,South
INV00007108,C01299,27-03-2025,P0214,Product P0214,5,14.95,East
INV00002311,C00702,27-03-2025,P0063,Product P0063,1,128.46,East
INV00001523,C00479,27-03-2025,P0075,Product P0075,5,147.38,West
INV00007307,C01351,27-03-2025,P0125,Product P0125,1,16.69,West
INV00006654,C01017,27-03-2025,P0210,Product P0210,5,153.42,North
INV00009770,C02150,27-03-2025,P0068,Product P0068,4,14.9,East
INV00002654,C00933,28-03-2025,P0254,Product P0254,4,153.24,East
INV00004805,C01730,28-03-2025,P0051,Product P0051,2,16.61,South
INV00005041,C00879,28-03-2025,P0266,Product P0266,5,158.81,East
INV00005700,C00942,28-03-2025,P0211,Product P0211,4,122.27,East
INV00002492,C00663,28-03-2025,P0028,Product P0028,3,131.72,North
INV00008634,C02337,28-03-2025,P0267,Product P0267,4,39.96,South
INV00001475,C02443,28-03-2025,P0289,Product P0289,5,94.45,East
INV00009739,C02296,28-03-2025,P0028,Product P0028,2,94.63,East
INV00007745,C00409,28-03-2025,P0086,Product P0086,3,166.79,East
INV00007330,C00602,28-03-2025,P0023,Product P0023,4,85.44,North
INV00001968,C01172,28-03-2025,P0101,Product P0101,1,73.57,North
INV00005717,C00500,29-03-2025,P0223,Product P0223,5,75.99,East
INV00002132,C02441,29-03-2025,P0262,Product P0262,2,33.27,North
INV00000535,C01444,29-03-2025,P0268,Product P0268,2,140.6,South
INV00005466,C01388,29-03-2025,P0101,Product P0101,2,128.33,East
INV00002517,C01730,29-03-2025,P0285,Product P0285,1,104.35,South
INV00004334,C02235,29-03-2025,P0216,Product P0216,3,76.16,East
INV00007778,C02323,29-03-2025,P0234,Product P0234,4,112.49,East
INV00007072,C01989,29-03-2025,P0070,Product P0070,3,25.35,West
INV00007911,C00117,29-03-2025,P0217,Product P0217,2,98.36,East
INV00002706,C00711,29-03-2025,P0229,Product P0229,1,75.33,East
INV00006091,C00527,29-03-2025,P0234,Product P0234,1,161.88,East
INV00003575,C02383,29-03-2025,P0193,Product P0193,4,105.41,South
INV00006764,C02166,29-03-2025,P0170,Product P0170,3,17.56,West
INV00009442,C01117,30-03-2025,P0220,Product P0220,5,44.92,West
INV00007128,C00462,30-03-2025,P0075,Product P0075,2,55.82,South
INV00003878,C00614,30-03-2025,P0021,Product P0021,2,16.91,South
INV00009054,C01811,30-03-2025,P0153,Product P0153,5,25.47,West
INV00000216,C00681,30-03-2025,P0087,Product P0087,5,83.79,North
INV00009469,C02212,30-03-2025,P0002,Product P0002,1,83.53,West
INV00009372,C00870,30-03-2025,P0002,Product P0002,5,47.32,South
INV00002811,C01284,30-03-2025,P0036,Product P0036,5,155.65,East
INV00004356,C02060,30-03-2025,P0292,Product P0292,5,6.11,North
INV00008555,C02349,30-03-2025,P0054,Product P0054,4,113.8,West
INV00005973,C01244,30-03-2025,P0245,Product P0245,1,91.53,West
INV00008150,C00073,30-03-2025,P0223,Product P0223,3,80.87,South
INV00002438,C01692,31-03-2025,P0059,Product P0059,3,79.55,South
INV00000797,C02421,31-03-2025,P0113,Product P0113,4,12.4,South
INV00004740,C01304,31-03-2025,P0278,Product P0278,2,53.8,South
INV00000757,C01844,31-03-2025,P0049,Product P0049,5,53,North
INV00007849,C00164,31-03-2025,P0205,Product P0205,4,150.92,North
INV00001502,C00651,31-03-2025,P0012,Product P0012,2,34.7,East
INV00004347,C00125,31-03-2025,P0057,Product P0057,2,142.23,South
INV00004397,C00738,31-03-2025,P0077,Product P0077,3,78.18,West
INV00006035,C00622,31-03-2025,P0054,Product P0054,3,118.52,East
INV00000654,C02011,01-04-2025,P0181,Product P0181,2,60.42,North
INV00003300,C02007,01-04-2025,P0094,Product P0094,5,38.83,South
INV00008096,C00663,01-04-2025,P0123,Product P0123,5,154.32,South
INV00003383,C02403,01-04-2025,P0232,Product P0232,1,59.31,East
INV00001889,C00154,01-04-2025,P0268,Product P0268,3,19.69,South
INV00000291,C02019,01-04-2025,P0097,Product P0097,2,131.53,East
INV00000384,C00603,01-04-2025,P0205,Product P0205,1,150.27,North
INV00006660,C00558,01-04-2025,P0143,Product P0143,3,149.66,North
INV00005179,C00218,02-04-2025,P0097,Product P0097,4,57.42,North
INV00004144,C01121,02-04-2025,P0066,Product P0066,1,142.5,South
INV00009917,C00201,02-04-2025,P0021,Product P0021,3,119.94,North
INV00001395,C00540,02-04-2025,P0176,Product P0176,1,17.14,East
INV00006506,C00678,02-04-2025,P0220,Product P0220,3,22.92,West
INV00008154,C01624,02-04-2025,P0246,Product P0246,2,158.56,East
INV00004355,C01209,02-04-2025,P0265,Product P0265,1,179.3,North
INV00006869,C01869,02-04-2025,P0257,Product P0257,3,58.01,East
INV00006883,C01905,02-04-2025,P0204,Product P0204,2,134.33,East
INV00003938,C01182,02-04-2025,P0180,Product P0180,3,156.61,East
INV00008449,C02061,02-04-2025,P0115,Product P0115,1,113.96,North
INV00002411,C01327,02-04-2025,P0254,Product P0254,3,133.68,South
INV00000174,C01806,02-04-2025,P0236,Product P0236,4,152.98,West
INV00002521,C01107,03-04-2025,P0029,Product P0029,4,85.76,East
INV00004162,C00980,03-04-2025,P0243,Product P0243,5,141.86,West
INV00009589,C01256,03-04-2025,P0164,Product P0164,3,9.56,South
INV00003761,C00436,03-04-2025,P0291,Product P0291,3,96.72,East
INV00001384,C02243,03-04-2025,P0032,Product P0032,3,19.55,West
INV00006010,C00212,03-04-2025,P0233,Product P0233,3,136.91,South
INV00001715,C01612,03-04-2025,P0199,Product P0199,1,23.92,East
INV00003606,C00338,03-04-2025,P0148,Product P0148,4,12.79,East
INV00006455,C01165,03-04-2025,P0047,Product P0047,5,167.64,East
INV00009782,C00563,03-04-2025,P0173,Product P0173,5,47.16,West
INV00007418,C01098,03-04-2025,P0011,Product P0011,5,33.72,West
INV00003121,C01560,03-04-2025,P0039,Product P0039,2,125.95,West
INV00009929,C00529,04-04-2025,P0186,Product P0186,2,6.3,South
INV00001925,C00904,04-04-2025,P0296,Product P0296,5,131.43,North
INV00003989,C01038,04-04-2025,P0233,Product P0233,1,93.37,North
INV00006614,C00155,04-04-2025,P0208,Product P0208,5,37.34,South
INV00005010,C00693,04-04-2025,P0160,Product P0160,3,16.94,West
INV00007453,C02138,04-04-2025,P0263,Product P0263,5,5.03,North
INV00008125,C01883,04-04-2025,P0148,Product P0148,2,129.41,South
INV00009157,C02084,04-04-2025,P0137,Product P0137,4,133.53,West
INV00004638,C01241,04-04-2025,P0138,Product P0138,3,155.99,South
INV00005344,C01119,04-04-2025,P0053,Product P0053,5,47.54,North
INV00000228,C01449,04-04-2025,P0281,Product P0281,5,135.27,East
INV00007199,C00597,04-04-2025,P0019,Product P0019,3,20.74,South
INV00009668,C01851,04-04-2025,P0214,Product P0214,2,85.63,South
INV00001962,C02472,04-04-2025,P0151,Product P0151,2,124.51,South
INV00004594,C01822,04-04-2025,P0207,Product P0207,5,54.93,West
INV00000536,C00385,04-04-2025,P0261,Product P0261,2,23.22,South
INV00003169,C02056,04-04-2025,P0104,Product P0104,5,147.11,North
INV00003775,C01076,05-04-2025,P0212,Product P0212,5,108.6,South
INV00007651,C00919,05-04-2025,P0176,Product P0176,4,145.98,East
INV00000252,C01235,05-04-2025,P0013,Product P0013,2,31.46,East
INV00002752,C00202,05-04-2025,P0062,Product P0062,1,64.46,South
INV00002161,C02023,05-04-2025,P0021,Product P0021,1,144.23,North
INV00009763,C02315,05-04-2025,P0208,Product P0208,2,8.54,North
INV00006428,C01476,05-04-2025,P0183,Product P0183,2,146.2,South
INV00005145,C01601,05-04-2025,P0183,Product P0183,5,16.53,West
INV00001089,C01628,05-04-2025,P0013,Product P0013,4,118.07,South
INV00006886,C00102,06-04-2025,P0097,Product P0097,2,41,West
INV00008018,C00404,06-04-2025,P0209,Product P0209,5,110.26,East
INV00009456,C00649,06-04-2025,P0076,Product P0076,1,152.89,North
INV00004555,C01773,06-04-2025,P0107,Product P0107,4,40.95,West
INV00002159,C02033,06-04-2025,P0033,Product P0033,4,174.67,West
INV00006363,C01900,06-04-2025,P0289,Product P0289,1,131.4,North
INV00004020,C01719,06-04-2025,P0159,Product P0159,3,43.58,South
INV00005590,C02117,06-04-2025,P0191,Product P0191,1,10.29,West
INV00000512,C01866,06-04-2025,P0263,Product P0263,2,110.11,South
INV00003508,C02030,06-04-2025,P0273,Product P0273,3,60.01,South
INV00004431,C02303,07-04-2025,P0261,Product P0261,1,63.94,North
INV00000505,C00686,07-04-2025,P0117,Product P0117,4,35.46,South
INV00005624,C02184,07-04-2025,P0177,Product P0177,4,124.5,South
INV00008550,C00530,07-04-2025,P0181,Product P0181,3,63.06,West
INV00008360,C02248,07-04-2025,P0011,Product P0011,1,70.34,North
INV00000084,C02082,07-04-2025,P0046,Product P0046,3,137.94,West
INV00007248,C02089,07-04-2025,P0204,Product P0204,5,62.54,North
INV00003863,C00620,07-04-2025,P0125,Product P0125,2,167.1,South
INV00003001,C01946,07-04-2025,P0203,Product P0203,4,28.49,East
INV00009951,C01026,07-04-2025,P0279,Product P0279,3,52.54,East
INV00004432,C00220,07-04-2025,P0021,Product P0021,1,163.79,South
INV00000253,C00471,07-04-2025,P0194,Product P0194,2,156.63,West
INV00009644,C00687,07-04-2025,P0274,Product P0274,3,117.25,East
INV00003959,C00245,07-04-2025,P0001,Product P0001,4,125.07,North
INV00009762,C00375,08-04-2025,P0072,Product P0072,1,170.81,East
INV00002863,C02088,08-04-2025,P0178,Product P0178,1,6.06,East
INV00002750,C02437,08-04-2025,P0086,Product P0086,1,75.17,West
INV00005499,C02476,08-04-2025,P0171,Product P0171,1,42.18,East
INV00004030,C01036,08-04-2025,P0074,Product P0074,2,150.43,South
INV00006271,C01266,08-04-2025,P0020,Product P0020,3,62.64,East
INV00002108,C00347,08-04-2025,P0068,Product P0068,3,5.05,North
INV00004656,C00496,08-04-2025,P0129,Product P0129,1,123.06,East
INV00000813,C01712,08-04-2025,P0152,Product P0152,1,61.57,East
INV00001489,C00278,08-04-2025,P0109,Product P0109,5,92.74,South
INV00000159,C01263,08-04-2025,P0275,Product P0275,4,114.88,North
INV00008991,C00041,08-04-2025,P0045,Product P0045,3,127.9,East
INV00007988,C00809,08-04-2025,P0110,Product P0110,2,37.75,East
INV00004716,C01252,08-04-2025,P0043,Product P0043,2,49.84,South
INV00005492,C01957,09-04-2025,P0175,Product P0175,1,106.58,East
INV00004236,C00099,09-04-2025,P0208,Product P0208,4,10.59,North
INV00004897,C02127,09-04-2025,P0179,Product P0179,3,122.59,South
INV00001308,C00595,09-04-2025,P0109,Product P0109,1,86.74,East
INV00005009,C01791,09-04-2025,P0296,Product P0296,1,142.79,South
INV00008404,C02016,09-04-2025,P0289,Product P0289,5,169.41,West
INV00004499,C00612,09-04-2025,P0292,Product P0292,4,44.38,North
INV00003413,C00556,09-04-2025,P0132,Product P0132,1,177.3,North
INV00007541,C01640,09-04-2025,P0286,Product P0286,5,49,East
INV00004720,C00376,09-04-2025,P0197,Product P0197,5,57.65,East
INV00005665,C01367,09-04-2025,P0109,Product P0109,1,166.26,South
INV00004682,C00426,09-04-2025,P0165,Product P0165,3,160.08,North
INV00007641,C01583,09-04-2025,P0018,Product P0018,2,153.5,North
INV00003919,C00152,09-04-2025,P0073,Product P0073,3,8.3,West
INV00004596,C00108,09-04-2025,P0024,Product P0024,1,154.38,East
INV00002949,C01328,09-04-2025,P0173,Product P0173,2,46.62,East
INV00006224,C00638,09-04-2025,P0079,Product P0079,1,172.77,North
INV00007420,C01836,09-04-2025,P0106,Product P0106,1,23.02,West
INV00008396,C02212,09-04-2025,P0074,Product P0074,2,98.93,North
INV00003434,C00843,09-04-2025,P0222,Product P0222,2,107.9,West
INV00000870,C00101,10-04-2025,P0220,Product P0220,2,165.15,East
INV00006901,C00093,10-04-2025,P0296,Product P0296,1,26.82,South
INV00004208,C02343,10-04-2025,P0019,Product P0019,4,148.09,South
INV00009833,C00934,10-04-2025,P0119,Product P0119,4,147.16,North
INV00001119,C01809,10-04-2025,P0088,Product P0088,1,167.64,East
INV00008437,C00479,10-04-2025,P0005,Product P0005,5,20.21,West
INV00000982,C01756,10-04-2025,P0094,Product P0094,2,41.02,East
INV00000874,C00313,10-04-2025,P0249,Product P0249,2,121.17,West
INV00000268,C00868,10-04-2025,P0144,Product P0144,5,23.82,East
INV00005304,C01051,11-04-2025,P0067,Product P0067,4,172.05,East
INV00001646,C00737,11-04-2025,P0217,Product P0217,1,67.17,East
INV00003244,C01298,11-04-2025,P0083,Product P0083,2,85.95,East
INV00004418,C00391,11-04-2025,P0053,Product P0053,2,56.71,West
INV00008027,C01376,11-04-2025,P0019,Product P0019,4,40.36,West
INV00001078,C00415,11-04-2025,P0111,Product P0111,3,65.59,South
INV00004105,C00195,11-04-2025,P0160,Product P0160,2,15.83,West
INV00009607,C00791,11-04-2025,P0018,Product P0018,1,142.65,South
INV00004005,C02003,11-04-2025,P0155,Product P0155,5,102.53,West
INV00009749,C01771,12-04-2025,P0215,Product P0215,2,92.56,West
INV00000944,C01186,12-04-2025,P0019,Product P0019,3,127.61,North
INV00001542,C00605,12-04-2025,P0241,Product P0241,1,92.19,West
INV00008103,C00453,12-04-2025,P0116,Product P0116,2,137.9,North
INV00008799,C02120,12-04-2025,P0287,Product P0287,3,32.11,North
INV00004698,C00223,12-04-2025,P0080,Product P0080,5,5.39,West
INV00002758,C01586,12-04-2025,P0088,Product P0088,3,160.1,West
INV00002849,C00700,12-04-2025,P0078,Product P0078,5,20.5,West
INV00000775,C02116,12-04-2025,P0060,Product P0060,5,84.87,East
INV00001864,C00929,12-04-2025,P0075,Product P0075,4,23.41,East
INV00004168,C00454,13-04-2025,P0063,Product P0063,4,89,West
INV00008146,C01050,13-04-2025,P0200,Product P0200,3,25.85,South
INV00002153,C02142,13-04-2025,P0212,Product P0212,5,114.86,South
INV00004293,C01233,13-04-2025,P0045,Product P0045,1,108.64,West
INV00009437,C00145,13-04-2025,P0182,Product P0182,5,90.75,North
INV00006692,C01680,13-04-2025,P0154,Product P0154,5,91.71,West
INV00009061,C01687,13-04-2025,P0118,Product P0118,1,7.48,West
INV00009538,C00536,13-04-2025,P0209,Product P0209,1,86.22,West
INV00007217,C01532,13-04-2025,P0197,Product P0197,5,141.26,West
INV00006424,C01754,13-04-2025,P0292,Product P0292,2,140.5,East
INV00000514,C02042,13-04-2025,P0181,Product P0181,5,70.27,South
INV00007909,C00280,13-04-2025,P0204,Product P0204,5,56.87,South
INV00008201,C01100,13-04-2025,P0114,Product P0114,5,85.03,South
INV00007898,C02190,13-04-2025,P0135,Product P0135,5,23.7,South
INV00009390,C01000,13-04-2025,P0165,Product P0165,4,24.82,East
INV00001370,C01587,14-04-2025,P0127,Product P0127,4,53.19,North
INV00009769,C01754,14-04-2025,P0107,Product P0107,4,97.34,West
INV00006410,C02321,14-04-2025,P0091,Product P0091,3,87.39,South
INV00001254,C01985,14-04-2025,P0221,Product P0221,2,16.91,East
INV00001125,C02102,14-04-2025,P0189,Product P0189,2,112.76,East
INV00000604,C00337,14-04-2025,P0185,Product P0185,3,9.26,West
INV00008675,C02388,14-04-2025,P0242,Product P0242,3,96.64,North
INV00008356,C02465,14-04-2025,P0149,Product P0149,5,11.1,West
INV00005061,C01346,14-04-2025,P0210,Product P0210,5,148.76,East
INV00005340,C01169,14-04-2025,P0154,Product P0154,5,15.38,East
INV00000374,C00935,14-04-2025,P0007,Product P0007,3,61.9,North
INV00004575,C01779,14-04-2025,P0282,Product P0282,1,156.71,West
INV00001500,C02104,15-04-2025,P0291,Product P0291,1,48.94,East
INV00000146,C02134,15-04-2025,P0136,Product P0136,2,23.18,South
INV00005321,C00788,15-04-2025,P0234,Product P0234,2,52.07,East
INV00009101,C00548,15-04-2025,P0288,Product P0288,5,59.49,North
INV00003143,C01129,15-04-2025,P0010,Product P0010,1,172.53,East
INV00003261,C01089,15-04-2025,P0199,Product P0199,3,125.96,North
INV00007810,C00936,15-04-2025,P0285,Product P0285,1,89.28,East
INV00004492,C00493,15-04-2025,P0297,Product P0297,3,145.47,North
INV00008219,C01224,15-04-2025,P0273,Product P0273,1,178.5,East
INV00002406,C02072,15-04-2025,P0168,Product P0168,4,111.95,East
INV00005110,C00714,15-04-2025,P0205,Product P0205,5,6.35,West
INV00005827,C00381,15-04-2025,P0130,Product P0130,5,142.13,South
INV00002680,C00937,15-04-2025,P0215,Product P0215,2,93.79,North
INV00001867,C00278,15-04-2025,P0180,Product P0180,1,73.36,East
INV00008247,C01012,15-04-2025,P0296,Product P0296,2,141.25,East
INV00000083,C00402,15-04-2025,P0066,Product P0066,2,61.57,East
INV00007867,C01759,16-04-2025,P0160,Product P0160,5,130.63,South
INV00000033,C00231,16-04-2025,P0258,Product P0258,5,35.74,East
INV00004086,C01581,16-04-2025,P0026,Product P0026,5,65.62,West
INV00007671,C00197,16-04-2025,P0105,Product P0105,2,62.61,East
INV00004705,C01838,16-04-2025,P0173,Product P0173,1,73.38,East
INV00003638,C01248,16-04-2025,P0038,Product P0038,1,146.51,North
INV00000593,C00600,16-04-2025,P0085,Product P0085,3,99.78,South
INV00006594,C01891,16-04-2025,P0203,Product P0203,3,95.56,West
INV00005246,C00571,16-04-2025,P0032,Product P0032,4,13.81,North
INV00007007,C01528,16-04-2025,P0265,Product P0265,5,121.88,West
INV00002868,C00394,16-04-2025,P0275,Product P0275,5,38.64,West
INV00000151,C02140,16-04-2025,P0185,Product P0185,4,10.67,South
INV00009378,C02142,16-04-2025,P0029,Product P0029,4,131.86,North
INV00006737,C00996,16-04-2025,P0164,Product P0164,1,10.16,South
INV00003100,C00683,16-04-2025,P0084,Product P0084,4,78.04,West
INV00003180,C00425,16-04-2025,P0155,Product P0155,2,153.26,West
INV00007293,C00696,16-04-2025,P0191,Product P0191,5,39.52,South
INV00003506,C02221,16-04-2025,P0234,Product P0234,4,121.15,East
INV00001063,C00361,16-04-2025,P0143,Product P0143,5,108.99,East
INV00004244,C00083,16-04-2025,P0003,Product P0003,4,140.93,North
INV00007231,C01437,16-04-2025,P0287,Product P0287,1,137.44,North
INV00005398,C00984,17-04-2025,P0034,Product P0034,4,175.19,North
INV00000181,C02346,17-04-2025,P0246,Product P0246,4,85.09,South
INV00000274,C02397,17-04-2025,P0017,Product P0017,4,123.61,South
INV00006644,C01086,17-04-2025,P0164,Product P0164,1,81.38,North
INV00003149,C02474,17-04-2025,P0108,Product P0108,3,153.54,North
INV00003442,C00062,17-04-2025,P0119,Product P0119,1,41.95,South
INV00008879,C00867,17-04-2025,P0166,Product P0166,5,113.38,North
INV00001486,C02157,17-04-2025,P0237,Product P0237,1,170.69,North
INV00008858,C00593,17-04-2025,P0207,Product P0207,2,86.29,South
INV00002434,C00787,17-04-2025,P0161,Product P0161,5,62.56,West
INV00008898,C01387,17-04-2025,P0075,Product P0075,4,162.5,West
INV00007794,C00778,17-04-2025,P0072,Product P0072,2,86.94,South
INV00001544,C01424,17-04-2025,P0263,Product P0263,2,161.33,South
INV00000587,C01724,17-04-2025,P0119,Product P0119,5,22.2,North
INV00002847,C02157,18-04-2025,P0125,Product P0125,5,165.98,East
INV00001155,C00763,18-04-2025,P0180,Product P0180,2,84.4,East
INV00005004,C01708,18-04-2025,P0220,Product P0220,1,47.48,North
INV00008674,C00046,18-04-2025,P0127,Product P0127,3,174.87,West
INV00004983,C00468,18-04-2025,P0134,Product P0134,5,124.93,North
INV00002604,C01407,18-04-2025,P0150,Product P0150,5,24.36,South
INV00003036,C02391,18-04-2025,P0196,Product P0196,3,4.6,North
INV00003532,C00179,18-04-2025,P0193,Product P0193,1,164.05,East
INV00005907,C01172,18-04-2025,P0011,Product P0011,5,145.45,North
INV00004351,C01521,18-04-2025,P0042,Product P0042,5,44.61,South
INV00002759,C00900,18-04-2025,P0247,Product P0247,1,47.16,East
INV00003430,C00754,19-04-2025,P0189,Product P0189,5,93.93,North
INV00008988,C00269,19-04-2025,P0178,Product P0178,5,44.13,North
INV00001336,C02497,19-04-2025,P0268,Product P0268,1,62.46,South
INV00005572,C01730,19-04-2025,P0290,Product P0290,2,18.08,West
INV00006577,C00096,19-04-2025,P0021,Product P0021,5,88.81,East
INV00006668,C00607,19-04-2025,P0176,Product P0176,2,131.01,West
INV00006288,C00160,19-04-2025,P0102,Product P0102,4,99.81,South
INV00009459,C01936,19-04-2025,P0222,Product P0222,1,150.14,North
INV00007224,C00819,19-04-2025,P0219,Product P0219,3,11.77,West
INV00005450,C00420,19-04-2025,P0257,Product P0257,1,68.11,East
INV00007835,C02302,19-04-2025,P0284,Product P0284,2,173.25,South
INV00001203,C02462,19-04-2025,P0124,Product P0124,3,58.59,East
INV00009919,C01681,19-04-2025,P0037,Product P0037,4,65.94,East
INV00005451,C00636,19-04-2025,P0286,Product P0286,5,147.48,North
INV00007866,C01276,19-04-2025,P0043,Product P0043,3,84.76,West
INV00005529,C00068,19-04-2025,P0144,Product P0144,5,72.86,West
INV00005465,C00495,19-04-2025,P0045,Product P0045,2,16.92,South
INV00001027,C00195,19-04-2025,P0220,Product P0220,1,145.19,East
INV00006392,C00971,19-04-2025,P0156,Product P0156,3,139.38,East
INV00007035,C02122,19-04-2025,P0070,Product P0070,3,77.75,East
INV00008080,C02054,20-04-2025,P0014,Product P0014,2,41.32,North
INV00002901,C01269,20-04-2025,P0034,Product P0034,2,90.88,East
INV00008074,C00784,20-04-2025,P0271,Product P0271,5,74.56,West
INV00001564,C02297,20-04-2025,P0299,Product P0299,4,93.8,South
INV00005879,C01642,20-04-2025,P0027,Product P0027,5,129.64,South
INV00000133,C00227,20-04-2025,P0295,Product P0295,1,144.05,South
INV00003785,C02462,20-04-2025,P0293,Product P0293,2,56.5,South
INV00002476,C01057,20-04-2025,P0201,Product P0201,4,119.52,East
INV00000442,C00753,20-04-2025,P0031,Product P0031,5,169.74,North
INV00005193,C01241,20-04-2025,P0200,Product P0200,4,120.48,West
INV00002832,C01990,20-04-2025,P0048,Product P0048,4,30.6,East
INV00002230,C02453,20-04-2025,P0124,Product P0124,4,143.91,North
INV00000055,C01245,20-04-2025,P0129,Product P0129,1,155.18,North
INV00000525,C00797,20-04-2025,P0121,Product P0121,1,115.83,North
INV00008281,C01587,20-04-2025,P0182,Product P0182,2,101.79,North
INV00002213,C01513,20-04-2025,P0072,Product P0072,1,93.52,South
INV00004383,C00884,20-04-2025,P0143,Product P0143,2,77.8,East
INV00003447,C00801,21-04-2025,P0022,Product P0022,2,90.51,North
INV00004140,C01262,21-04-2025,P0213,Product P0213,4,126.99,South
INV00002936,C00572,21-04-2025,P0221,Product P0221,2,91.24,South
INV00007830,C00990,21-04-2025,P0130,Product P0130,5,9.62,South
INV00009723,C00310,21-04-2025,P0176,Product P0176,2,47.17,South
INV00006389,C00541,21-04-2025,P0254,Product P0254,4,151.08,South
INV00004221,C00280,21-04-2025,P0280,Product P0280,4,45.28,North
INV00006303,C00413,21-04-2025,P0067,Product P0067,2,99.12,North
INV00004796,C00474,21-04-2025,P0096,Product P0096,2,36.11,West
INV00008189,C00379,21-04-2025,P0026,Product P0026,3,105.63,North
INV00003540,C02069,21-04-2025,P0118,Product P0118,2,46.37,North
INV00007860,C02275,21-04-2025,P0106,Product P0106,3,63.74,West
INV00001491,C00688,21-04-2025,P0153,Product P0153,5,85.32,North
INV00005377,C00427,22-04-2025,P0200,Product P0200,1,159.75,East
INV00002691,C01824,22-04-2025,P0264,Product P0264,5,5.51,South
INV00001022,C00181,22-04-2025,P0031,Product P0031,3,134.3,North
INV00008973,C00819,22-04-2025,P0293,Product P0293,3,110.62,North
INV00004299,C00091,22-04-2025,P0093,Product P0093,2,74.6,West
INV00005872,C01180,22-04-2025,P0092,Product P0092,2,41.58,South
INV00000184,C01741,22-04-2025,P0228,Product P0228,1,109.87,South
INV00000922,C01432,22-04-2025,P0206,Product P0206,5,134.56,South
INV00003841,C02179,22-04-2025,P0182,Product P0182,4,124.88,West
INV00001090,C00354,22-04-2025,P0166,Product P0166,2,55.34,East
INV00002207,C00336,22-04-2025,P0081,Product P0081,5,161.61,North
INV00008009,C00754,22-04-2025,P0199,Product P0199,2,125.12,North
INV00002264,C01292,23-04-2025,P0193,Product P0193,2,105.98,North
INV00006689,C01747,23-04-2025,P0166,Product P0166,4,169.51,East
INV00006935,C00974,23-04-2025,P0015,Product P0015,1,38.89,South
INV00008536,C02039,23-04-2025,P0256,Product P0256,5,143.07,North
INV00009564,C02495,23-04-2025,P0156,Product P0156,4,151.93,North
INV00003563,C01052,23-04-2025,P0021,Product P0021,1,58.81,East
INV00001653,C00130,23-04-2025,P0143,Product P0143,4,147.26,West
INV00005182,C01920,23-04-2025,P0112,Product P0112,4,136.09,South
INV00006394,C01388,23-04-2025,P0188,Product P0188,5,30.05,East
INV00005106,C01610,23-04-2025,P0090,Product P0090,4,103.85,South
INV00002110,C00709,23-04-2025,P0009,Product P0009,2,107.03,South
INV00007240,C02411,23-04-2025,P0218,Product P0218,4,24.88,North
INV00002365,C01900,23-04-2025,P0117,Product P0117,3,140.05,South
INV00009334,C02028,23-04-2025,P0290,Product P0290,1,37.86,South
INV00008314,C02270,24-04-2025,P0139,Product P0139,4,106.56,South
INV00004593,C00183,24-04-2025,P0193,Product P0193,3,57.22,East
INV00008316,C00178,24-04-2025,P0033,Product P0033,5,88.23,North
INV00008622,C01301,24-04-2025,P0069,Product P0069,1,32.13,East
INV00005366,C00384,24-04-2025,P0136,Product P0136,1,149.55,South
INV00004312,C02143,24-04-2025,P0224,Product P0224,1,148.6,North
INV00003945,C00327,24-04-2025,P0212,Product P0212,4,73.2,East
INV00005612,C00612,24-04-2025,P0206,Product P0206,2,157.79,East
INV00002380,C01634,24-04-2025,P0184,Product P0184,2,90.1,East
INV00000531,C01497,24-04-2025,P0077,Product P0077,4,171.86,North
INV00003571,C01999,24-04-2025,P0026,Product P0026,2,138.3,East
INV00005606,C00154,24-04-2025,P0107,Product P0107,1,110.99,East
INV00004657,C00333,24-04-2025,P0043,Product P0043,3,128.31,East
INV00007196,C02208,24-04-2025,P0195,Product P0195,5,163.4,North
INV00003330,C02294,25-04-2025,P0077,Product P0077,4,62.88,East
INV00008195,C00371,25-04-2025,P0036,Product P0036,1,61.14,West
INV00003822,C00028,25-04-2025,P0225,Product P0225,5,115.5,South
INV00006987,C01324,25-04-2025,P0002,Product P0002,5,9.17,North
INV00001241,C01271,25-04-2025,P0190,Product P0190,5,100.89,South
INV00003064,C00319,25-04-2025,P0298,Product P0298,1,74.09,North
INV00006444,C02030,25-04-2025,P0236,Product P0236,4,141.54,North
INV00007702,C01061,25-04-2025,P0118,Product P0118,3,73.63,East
INV00003269,C00336,25-04-2025,P0068,Product P0068,1,33.22,North
INV00008976,C00281,25-04-2025,P0154,Product P0154,5,24.44,West
INV00008758,C02241,26-04-2025,P0101,Product P0101,5,15.29,East
INV00004836,C01320,26-04-2025,P0264,Product P0264,1,137.75,South
INV00009962,C02277,26-04-2025,P0085,Product P0085,1,72.33,West
INV00009176,C02282,26-04-2025,P0159,Product P0159,2,30.77,South
INV00006526,C00180,26-04-2025,P0249,Product P0249,2,119.13,East
INV00008277,C01897,26-04-2025,P0226,Product P0226,1,155.94,South
INV00004491,C00471,26-04-2025,P0211,Product P0211,2,83.53,East
INV00009287,C01086,26-04-2025,P0299,Product P0299,3,60.23,East
INV00005376,C01679,26-04-2025,P0202,Product P0202,2,55.97,South
INV00003170,C01516,26-04-2025,P0144,Product P0144,5,143.71,North
INV00000637,C00589,26-04-2025,P0011,Product P0011,2,130.93,East
INV00006796,C00276,26-04-2025,P0228,Product P0228,2,33.47,West
INV00001265,C00596,26-04-2025,P0292,Product P0292,4,171.28,South
INV00004234,C00662,26-04-2025,P0115,Product P0115,2,160.01,North
INV00005460,C02233,26-04-2025,P0046,Product P0046,4,155.76,North
INV00001086,C02098,26-04-2025,P0180,Product P0180,1,98.48,South
INV00002101,C02284,26-04-2025,P0215,Product P0215,4,53.83,North
INV00009619,C01015,27-04-2025,P0098,Product P0098,2,38.92,South
INV00001290,C01555,27-04-2025,P0187,Product P0187,4,92.36,North
INV00000326,C00576,27-04-2025,P0038,Product P0038,2,59.78,East
INV00002100,C00617,27-04-2025,P0151,Product P0151,2,174.41,South
INV00002711,C00166,27-04-2025,P0266,Product P0266,4,171.82,West
INV00000444,C01222,27-04-2025,P0169,Product P0169,4,51.2,South
INV00001332,C01795,27-04-2025,P0209,Product P0209,4,111.03,West
INV00004247,C00683,27-04-2025,P0173,Product P0173,4,8.26,West
INV00009006,C01546,27-04-2025,P0190,Product P0190,3,57.68,East
INV00009640,C01381,28-04-2025,P0266,Product P0266,2,63.24,West
INV00000577,C02315,28-04-2025,P0257,Product P0257,2,178.44,West
INV00001812,C01632,28-04-2025,P0265,Product P0265,1,168.78,East
INV00007315,C02223,28-04-2025,P0198,Product P0198,2,85.85,South
INV00001134,C01908,28-04-2025,P0199,Product P0199,1,39.47,East
INV00008888,C02280,28-04-2025,P0090,Product P0090,1,67.33,South
INV00002971,C01528,28-04-2025,P0221,Product P0221,4,146.53,North
INV00006729,C00314,28-04-2025,P0115,Product P0115,3,124.21,North
INV00008041,C02238,28-04-2025,P0156,Product P0156,4,43.46,South
INV00008218,C02289,28-04-2025,P0244,Product P0244,2,160.62,East
INV00004648,C00201,28-04-2025,P0280,Product P0280,2,59.68,East
INV00008933,C01485,28-04-2025,P0299,Product P0299,3,116.5,East
INV00002044,C01875,28-04-2025,P0268,Product P0268,5,11.49,South
INV00005545,C00548,28-04-2025,P0237,Product P0237,2,23.83,South
INV00001808,C01204,28-04-2025,P0240,Product P0240,3,13.08,South
INV00002143,C02407,28-04-2025,P0023,Product P0023,3,97.48,West
INV00003831,C02244,28-04-2025,P0244,Product P0244,4,158.48,West
INV00004833,C00975,28-04-2025,P0134,Product P0134,3,115.37,North
INV00005467,C00085,29-04-2025,P0187,Product P0187,4,131.15,East
INV00006058,C01507,29-04-2025,P0289,Product P0289,2,53.19,West
INV00007940,C00359,29-04-2025,P0161,Product P0161,5,12.39,West
INV00005294,C01824,29-04-2025,P0020,Product P0020,1,18.66,South
INV00006836,C01967,29-04-2025,P0258,Product P0258,2,90.37,North
INV00001915,C00822,29-04-2025,P0026,Product P0026,4,136.9,West
INV00007129,C00734,29-04-2025,P0166,Product P0166,2,111.67,East
INV00007522,C02471,29-04-2025,P0179,Product P0179,3,177.73,West
INV00001565,C01393,29-04-2025,P0055,Product P0055,3,176,East
INV00006155,C00018,29-04-2025,P0242,Product P0242,4,97.18,South
INV00005626,C01734,29-04-2025,P0211,Product P0211,1,9.2,East
INV00004618,C01496,29-04-2025,P0038,Product P0038,4,76.4,North
INV00005356,C02045,29-04-2025,P0290,Product P0290,4,20.42,East
INV00006687,C00480,29-04-2025,P0277,Product P0277,5,139.13,West
INV00004455,C01532,29-04-2025,P0072,Product P0072,4,104.4,South
INV00004693,C02477,29-04-2025,P0006,Product P0006,5,127.91,North
INV00008776,C00386,29-04-2025,P0246,Product P0246,3,6.43,North
INV00009127,C02191,30-04-2025,P0137,Product P0137,1,40.67,East
INV00005990,C01408,30-04-2025,P0017,Product P0017,5,24.47,East
INV00009430,C01418,30-04-2025,P0001,Product P0001,4,146.81,North
INV00002919,C02124,30-04-2025,P0028,Product P0028,4,108.68,East
INV00008191,C00501,30-04-2025,P0247,Product P0247,4,75.84,East
INV00003094,C00603,30-04-2025,P0011,Product P0011,3,74.32,South
INV00005058,C02073,30-04-2025,P0115,Product P0115,4,175.72,East
INV00001590,C00075,30-04-2025,P0232,Product P0232,1,93.19,West
INV00005083,C00001,30-04-2025,P0196,Product P0196,1,123.87,West
INV00002784,C02094,30-04-2025,P0188,Product P0188,3,175.51,East
INV00004465,C01115,30-04-2025,P0231,Product P0231,4,22.6,East
INV00003119,C00060,30-04-2025,P0199,Product P0199,5,69.3,North
INV00005157,C02323,01-05-2025,P0215,Product P0215,2,26.32,North
INV00006066,C00635,01-05-2025,P0170,Product P0170,1,131.79,South
INV00003796,C00688,01-05-2025,P0005,Product P0005,2,179.46,North
INV00007366,C01065,01-05-2025,P0234,Product P0234,1,53.86,North
INV00000214,C01124,01-05-2025,P0050,Product P0050,2,122.99,South
INV00004079,C00618,01-05-2025,P0067,Product P0067,5,17.29,North
INV00001591,C01840,01-05-2025,P0031,Product P0031,2,159.79,East
INV00009795,C02469,01-05-2025,P0289,Product P0289,1,174.48,North
INV00008869,C01866,01-05-2025,P0281,Product P0281,3,52.81,East
INV00002123,C01456,01-05-2025,P0264,Product P0264,2,107.86,East
INV00008502,C00851,01-05-2025,P0073,Product P0073,4,102.66,North
INV00008050,C01992,01-05-2025,P0217,Product P0217,3,70.11,East
INV00008919,C01762,01-05-2025,P0115,Product P0115,2,50.85,West
INV00006794,C00187,01-05-2025,P0165,Product P0165,1,178.54,South
INV00008884,C00787,02-05-2025,P0285,Product P0285,4,80.96,South
INV00005347,C01245,02-05-2025,P0183,Product P0183,2,111.01,West
INV00007818,C01368,02-05-2025,P0133,Product P0133,3,87.46,North
INV00001849,C01303,02-05-2025,P0094,Product P0094,4,32.61,South
INV00002882,C00591,02-05-2025,P0149,Product P0149,2,61.5,South
INV00006569,C00401,02-05-2025,P0174,Product P0174,2,117.95,North
INV00006746,C02138,02-05-2025,P0062,Product P0062,1,166.59,West
INV00003953,C01821,02-05-2025,P0212,Product P0212,1,166.74,South
INV00009560,C01639,02-05-2025,P0245,Product P0245,1,49.22,West
INV00005844,C00019,02-05-2025,P0119,Product P0119,5,119.91,South
INV00008735,C01952,02-05-2025,P0123,Product P0123,1,75.58,South
INV00006722,C00796,02-05-2025,P0052,Product P0052,1,76.66,South
INV00000538,C00289,02-05-2025,P0276,Product P0276,4,10.63,South
INV00006940,C02417,02-05-2025,P0109,Product P0109,2,101.97,West
INV00000872,C00505,02-05-2025,P0028,Product P0028,5,171.32,North
INV00006318,C02291,03-05-2025,P0073,Product P0073,5,90.51,South
INV00009539,C01372,03-05-2025,P0121,Product P0121,4,58.98,East
INV00000791,C00240,03-05-2025,P0186,Product P0186,3,129.59,West
INV00000220,C02257,03-05-2025,P0252,Product P0252,2,92.43,North
INV00005155,C02003,03-05-2025,P0197,Product P0197,1,132.13,North
INV00007221,C00893,03-05-2025,P0076,Product P0076,5,56.55,West
INV00003912,C02427,03-05-2025,P0144,Product P0144,4,64.85,North
INV00009902,C00570,03-05-2025,P0002,Product P0002,4,18.88,South
INV00000153,C02295,03-05-2025,P0120,Product P0120,2,151.21,South
INV00005141,C00944,04-05-2025,P0035,Product P0035,1,51.96,South
INV00000739,C01846,04-05-2025,P0008,Product P0008,1,25.62,East
INV00009517,C01014,04-05-2025,P0258,Product P0258,3,175.29,West
INV00006521,C00012,04-05-2025,P0152,Product P0152,1,160.96,East
INV00000091,C01089,04-05-2025,P0046,Product P0046,4,60.75,East
INV00005937,C00398,04-05-2025,P0245,Product P0245,2,34.04,South
INV00004982,C02398,04-05-2025,P0285,Product P0285,1,95.44,South
INV00007279,C01262,04-05-2025,P0055,Product P0055,3,15.8,West
INV00007132,C02031,04-05-2025,P0111,Product P0111,4,78.73,South
INV00009899,C01644,04-05-2025,P0060,Product P0060,1,101.81,South
INV00000621,C01085,05-05-2025,P0114,Product P0114,1,160.83,North
INV00005324,C00992,05-05-2025,P0298,Product P0298,2,83.02,North
INV00003293,C00595,05-05-2025,P0005,Product P0005,2,163.65,East
INV00002754,C01630,05-05-2025,P0089,Product P0089,5,48.88,North
INV00009178,C01610,05-05-2025,P0233,Product P0233,4,119.49,North
INV00004170,C01688,05-05-2025,P0190,Product P0190,5,93.63,West
INV00009280,C00553,05-05-2025,P0089,Product P0089,5,47.73,East
INV00009055,C02417,05-05-2025,P0012,Product P0012,4,176.89,North
INV00002772,C00101,05-05-2025,P0264,Product P0264,2,78.86,North
INV00005354,C01181,05-05-2025,P0080,Product P0080,1,14.19,South
INV00000066,C00815,05-05-2025,P0014,Product P0014,4,117.84,East
INV00009877,C02458,06-05-2025,P0218,Product P0218,4,19.78,South
INV00002118,C01356,06-05-2025,P0243,Product P0243,5,12.03,West
INV00008999,C00227,06-05-2025,P0125,Product P0125,1,58.56,West
INV00000166,C02036,06-05-2025,P0126,Product P0126,1,38.8,South
INV00001702,C00447,06-05-2025,P0299,Product P0299,3,18.33,North
INV00008302,C00625,06-05-2025,P0104,Product P0104,2,172.88,North
INV00006893,C00052,06-05-2025,P0039,Product P0039,1,90.64,South
INV00008490,C01796,06-05-2025,P0113,Product P0113,2,24.19,East
INV00009142,C00759,06-05-2025,P0037,Product P0037,5,176.8,North
INV00006300,C00460,06-05-2025,P0028,Product P0028,2,57.88,North
INV00008581,C00493,06-05-2025,P0281,Product P0281,3,6.9,East
INV00007642,C01922,06-05-2025,P0116,Product P0116,5,75.21,West
INV00006440,C00827,06-05-2025,P0244,Product P0244,3,86.52,West
INV00006728,C01492,06-05-2025,P0112,Product P0112,5,172.01,West
INV00009294,C02296,06-05-2025,P0129,Product P0129,2,58.75,North
INV00005523,C01878,06-05-2025,P0221,Product P0221,3,85.29,East
INV00004134,C01257,07-05-2025,P0216,Product P0216,1,97.71,East
INV00003671,C00361,07-05-2025,P0275,Product P0275,4,170.23,North
INV00006516,C00772,07-05-2025,P0075,Product P0075,4,99.16,North
INV00004150,C00975,07-05-2025,P0239,Product P0239,3,32.16,East
INV00000497,C00298,07-05-2025,P0165,Product P0165,5,130.5,North
INV00006202,C02384,07-05-2025,P0060,Product P0060,1,4.76,North
INV00002059,C00986,07-05-2025,P0062,Product P0062,1,75.29,West
INV00007992,C00036,07-05-2025,P0281,Product P0281,2,51.28,North
INV00007255,C00519,07-05-2025,P0187,Product P0187,3,119.83,East
INV00002145,C00907,07-05-2025,P0128,Product P0128,1,126.48,West
INV00008647,C01701,07-05-2025,P0100,Product P0100,2,49.11,South
INV00001423,C01473,07-05-2025,P0267,Product P0267,5,111.31,East
INV00008320,C00519,07-05-2025,P0123,Product P0123,5,58.48,South
INV00006855,C02181,07-05-2025,P0169,Product P0169,1,47.17,North
INV00008641,C01474,07-05-2025,P0038,Product P0038,1,10.35,South
INV00007584,C00812,07-05-2025,P0257,Product P0257,5,148.26,West
INV00002170,C02446,08-05-2025,P0029,Product P0029,2,30.77,South
INV00007592,C01633,08-05-2025,P0178,Product P0178,4,91.6,East
INV00002866,C00088,08-05-2025,P0033,Product P0033,4,109.58,South
INV00008873,C02012,08-05-2025,P0271,Product P0271,5,178.89,South
INV00000566,C00592,08-05-2025,P0296,Product P0296,3,148.59,East
INV00000336,C02021,08-05-2025,P0224,Product P0224,5,7.2,West
INV00003195,C01850,08-05-2025,P0269,Product P0269,2,56.52,West
INV00002727,C00341,08-05-2025,P0130,Product P0130,1,42.22,West
INV00006459,C00866,08-05-2025,P0131,Product P0131,1,126.4,North
INV00007445,C01691,08-05-2025,P0252,Product P0252,1,82.5,North
INV00002197,C00727,08-05-2025,P0007,Product P0007,3,104.45,South
INV00009970,C00769,08-05-2025,P0183,Product P0183,5,52.07,North
INV00005874,C00804,08-05-2025,P0065,Product P0065,2,44.75,South
INV00000970,C00091,08-05-2025,P0266,Product P0266,2,112.61,West
INV00004780,C00180,08-05-2025,P0068,Product P0068,4,34.83,North
INV00001882,C00662,08-05-2025,P0208,Product P0208,4,11.2,South
INV00004784,C01891,08-05-2025,P0005,Product P0005,3,50.73,North
INV00004196,C01237,08-05-2025,P0101,Product P0101,1,88.55,West
INV00009583,C02039,08-05-2025,P0251,Product P0251,1,128.77,South
INV00000143,C00692,08-05-2025,P0124,Product P0124,3,12.62,West
INV00003342,C00765,09-05-2025,P0111,Product P0111,3,135.2,West
INV00003511,C02429,09-05-2025,P0253,Product P0253,4,105.14,East
INV00006041,C00997,09-05-2025,P0197,Product P0197,1,99.71,South
INV00006371,C02478,09-05-2025,P0035,Product P0035,1,101.88,South
INV00008751,C00526,09-05-2025,P0259,Product P0259,3,176.2,East
INV00009767,C00889,09-05-2025,P0130,Product P0130,1,70.75,South
INV00002072,C01618,09-05-2025,P0263,Product P0263,5,48.19,West
INV00009097,C00316,09-05-2025,P0131,Product P0131,2,160.48,North
INV00007569,C00892,09-05-2025,P0144,Product P0144,2,172.33,North
INV00008542,C02496,09-05-2025,P0020,Product P0020,5,55.83,North
INV00001097,C02089,09-05-2025,P0231,Product P0231,1,73.55,West
INV00002912,C00227,09-05-2025,P0225,Product P0225,1,132.99,East
INV00008808,C00683,09-05-2025,P0140,Product P0140,4,71.54,East
INV00005635,C01917,09-05-2025,P0104,Product P0104,4,55,South
INV00005417,C00881,10-05-2025,P0173,Product P0173,5,149.57,East
INV00006169,C02049,10-05-2025,P0233,Product P0233,1,136.4,West
INV00006447,C00722,10-05-2025,P0033,Product P0033,2,32.18,East
INV00006702,C00083,10-05-2025,P0272,Product P0272,4,138.12,East
INV00008159,C02331,10-05-2025,P0280,Product P0280,2,50.03,North
INV00001876,C00302,10-05-2025,P0119,Product P0119,4,14.5,West
INV00005211,C00255,10-05-2025,P0005,Product P0005,5,165.01,East
INV00009112,C01866,10-05-2025,P0007,Product P0007,4,7.32,East
INV00007181,C01114,10-05-2025,P0007,Product P0007,4,172.53,South
INV00009772,C02114,10-05-2025,P0260,Product P0260,4,29.7,East
INV00001315,C02257,10-05-2025,P0239,Product P0239,1,18.94,South
INV00009943,C02024,10-05-2025,P0201,Product P0201,3,50.04,East
INV00003732,C02150,10-05-2025,P0107,Product P0107,3,23.88,South
INV00001224,C01636,11-05-2025,P0214,Product P0214,1,149.05,North
INV00009678,C00308,11-05-2025,P0256,Product P0256,3,131.13,South
INV00001883,C00445,11-05-2025,P0189,Product P0189,2,112.95,West
INV00003778,C02127,11-05-2025,P0183,Product P0183,4,52.43,South
INV00002988,C01955,11-05-2025,P0049,Product P0049,1,53.07,East
INV00002202,C00019,11-05-2025,P0166,Product P0166,5,16.63,West
INV00002563,C01667,11-05-2025,P0209,Product P0209,2,158.86,East
INV00002820,C01770,11-05-2025,P0064,Product P0064,1,69.34,South
INV00006663,C01208,11-05-2025,P0027,Product P0027,5,109.07,North
INV00003498,C01191,11-05-2025,P0137,Product P0137,2,117.04,West
INV00007946,C01305,11-05-2025,P0249,Product P0249,1,78.34,North
INV00002022,C01650,11-05-2025,P0229,Product P0229,3,10.75,West
INV00000032,C00569,11-05-2025,P0088,Product P0088,1,87.66,North
INV00009848,C02200,11-05-2025,P0013,Product P0013,2,16.65,East
INV00007057,C00946,11-05-2025,P0286,Product P0286,1,171.57,South
INV00004255,C00855,11-05-2025,P0241,Product P0241,1,39.86,North
INV00003654,C01290,12-05-2025,P0005,Product P0005,3,45.07,North
INV00000809,C00978,12-05-2025,P0037,Product P0037,1,14.1,East
INV00007148,C01115,12-05-2025,P0121,Product P0121,4,7.18,South
INV00000382,C02343,12-05-2025,P0183,Product P0183,5,52.87,East
INV00009263,C00380,12-05-2025,P0225,Product P0225,5,117.3,East
INV00002317,C00218,12-05-2025,P0081,Product P0081,3,130.96,South
INV00004624,C00197,12-05-2025,P0085,Product P0085,3,22.27,East
INV00007027,C00612,12-05-2025,P0089,Product P0089,2,69.1,North
INV00007171,C02250,12-05-2025,P0176,Product P0176,5,170.58,East
INV00004777,C00839,12-05-2025,P0144,Product P0144,4,57.6,West
INV00004845,C01878,13-05-2025,P0039,Product P0039,5,172.12,South
INV00008427,C00652,13-05-2025,P0130,Product P0130,5,26.13,North
INV00009049,C01027,13-05-2025,P0288,Product P0288,1,60.22,North
INV00006676,C02208,13-05-2025,P0033,Product P0033,5,156.99,East
INV00004268,C02322,13-05-2025,P0127,Product P0127,5,81.41,West
INV00003847,C01930,13-05-2025,P0140,Product P0140,5,156.06,South
INV00004137,C02435,13-05-2025,P0106,Product P0106,1,156.48,South
INV00006402,C01904,13-05-2025,P0007,Product P0007,5,103.31,North
INV00008694,C01916,13-05-2025,P0120,Product P0120,1,28.82,East
INV00009887,C01573,13-05-2025,P0092,Product P0092,4,127.22,North
INV00008252,C00382,13-05-2025,P0288,Product P0288,5,173.75,South
INV00000399,C00702,13-05-2025,P0063,Product P0063,1,173.16,South
INV00003488,C02397,14-05-2025,P0003,Product P0003,2,42.93,East
INV00001553,C01334,14-05-2025,P0208,Product P0208,4,137.86,West
INV00001477,C01227,14-05-2025,P0020,Product P0020,1,149.68,East
INV00009709,C02159,14-05-2025,P0142,Product P0142,3,96.08,East
INV00003746,C02465,14-05-2025,P0132,Product P0132,4,164.54,North
INV00006672,C00879,14-05-2025,P0206,Product P0206,2,81.5,South
INV00003417,C01539,14-05-2025,P0176,Product P0176,2,51.25,East
INV00006643,C02432,14-05-2025,P0009,Product P0009,5,107.28,West
INV00007932,C00226,14-05-2025,P0051,Product P0051,5,140.68,West
INV00006464,C00281,14-05-2025,P0063,Product P0063,3,166.71,North
INV00005570,C00542,14-05-2025,P0114,Product P0114,3,169.6,South
INV00007679,C01092,14-05-2025,P0172,Product P0172,1,105.62,North
INV00000367,C01174,14-05-2025,P0074,Product P0074,2,146.32,West
INV00000958,C01587,14-05-2025,P0172,Product P0172,1,118.77,East
INV00006732,C00826,14-05-2025,P0295,Product P0295,2,150.52,West
INV00002298,C01229,14-05-2025,P0276,Product P0276,1,74.46,North
INV00009445,C01866,14-05-2025,P0009,Product P0009,2,130.81,East
INV00007021,C01298,14-05-2025,P0100,Product P0100,3,9.17,West
INV00005469,C01381,15-05-2025,P0022,Product P0022,1,171.92,South
INV00005981,C01512,15-05-2025,P0056,Product P0056,4,179.53,North
INV00004151,C00823,15-05-2025,P0119,Product P0119,5,68.27,West
INV00003469,C01312,15-05-2025,P0139,Product P0139,2,154.69,South
INV00001750,C01799,15-05-2025,P0050,Product P0050,5,102.02,North
INV00000449,C01303,16-05-2025,P0129,Product P0129,4,166.6,South
INV00007888,C01521,16-05-2025,P0230,Product P0230,2,15.87,South
INV00006445,C00085,16-05-2025,P0102,Product P0102,2,133.29,North
INV00004419,C01783,16-05-2025,P0107,Product P0107,2,63.62,North
INV00004339,C01851,16-05-2025,P0140,Product P0140,2,155.02,North
INV00004890,C01204,16-05-2025,P0015,Product P0015,3,29.61,West
INV00009716,C01576,17-05-2025,P0184,Product P0184,2,108.35,East
INV00000713,C01820,17-05-2025,P0189,Product P0189,4,80.13,South
INV00008455,C02221,17-05-2025,P0005,Product P0005,4,42.61,North
INV00008200,C02263,17-05-2025,P0292,Product P0292,3,45.85,South
INV00009752,C01387,17-05-2025,P0108,Product P0108,4,18.04,West
INV00004933,C02249,17-05-2025,P0205,Product P0205,2,20.61,West
INV00005641,C01883,17-05-2025,P0213,Product P0213,2,152.72,West
INV00006472,C00332,17-05-2025,P0034,Product P0034,2,117.94,West
INV00007714,C02011,17-05-2025,P0265,Product P0265,5,72.66,South
INV00005441,C01293,17-05-2025,P0128,Product P0128,5,159,East
INV00009389,C01075,17-05-2025,P0271,Product P0271,5,10.75,East
INV00005609,C01520,17-05-2025,P0033,Product P0033,3,16.08,South
INV00008677,C01990,17-05-2025,P0001,Product P0001,5,126.05,West
INV00003823,C01371,17-05-2025,P0071,Product P0071,1,151.99,West
INV00008421,C01906,18-05-2025,P0003,Product P0003,2,22.28,West
INV00009981,C01135,18-05-2025,P0120,Product P0120,4,63.79,South
INV00005054,C02284,18-05-2025,P0235,Product P0235,4,17.99,West
INV00001113,C00482,18-05-2025,P0262,Product P0262,2,142.94,West
INV00004977,C01434,18-05-2025,P0141,Product P0141,5,128.92,North
INV00000709,C01190,18-05-2025,P0234,Product P0234,2,58.57,South
INV00007595,C01230,18-05-2025,P0176,Product P0176,4,73.02,West
INV00002443,C00024,18-05-2025,P0275,Product P0275,2,113.57,North
INV00009766,C01507,18-05-2025,P0194,Product P0194,1,30.83,East
INV00006542,C02400,18-05-2025,P0147,Product P0147,2,59.06,East
INV00005409,C01399,18-05-2025,P0010,Product P0010,3,123.14,East
INV00007459,C00252,19-05-2025,P0286,Product P0286,1,7.1,East
INV00007997,C01796,19-05-2025,P0033,Product P0033,1,5.4,South
INV00003457,C01877,19-05-2025,P0044,Product P0044,3,135.79,West
INV00003116,C01245,19-05-2025,P0044,Product P0044,5,14.43,North
INV00003066,C01376,19-05-2025,P0212,Product P0212,1,132.07,West
INV00004300,C00234,19-05-2025,P0181,Product P0181,3,159.33,West
INV00002686,C01205,19-05-2025,P0265,Product P0265,2,83.33,West
INV00001985,C01594,19-05-2025,P0205,Product P0205,3,106.64,West
INV00004588,C00770,19-05-2025,P0044,Product P0044,4,46.81,South
INV00001934,C02384,19-05-2025,P0232,Product P0232,3,97.58,North
INV00003981,C01128,19-05-2025,P0280,Product P0280,5,77.68,South
INV00008079,C00105,19-05-2025,P0089,Product P0089,2,91.43,East
INV00007078,C00387,20-05-2025,P0034,Product P0034,2,110.83,North
INV00001716,C02196,20-05-2025,P0155,Product P0155,4,31.44,North
INV00005148,C02067,20-05-2025,P0108,Product P0108,2,88.63,East
INV00007700,C00709,20-05-2025,P0293,Product P0293,2,164.38,South
INV00003069,C00373,20-05-2025,P0151,Product P0151,1,167.04,East
INV00002573,C01827,20-05-2025,P0235,Product P0235,2,107.75,South
INV00002057,C01837,20-05-2025,P0171,Product P0171,2,149.83,North
INV00006691,C01128,20-05-2025,P0064,Product P0064,5,30.63,South
INV00001627,C01445,20-05-2025,P0153,Product P0153,1,50.51,North
INV00001080,C02091,20-05-2025,P0001,Product P0001,5,15.54,North
INV00000318,C01818,20-05-2025,P0137,Product P0137,2,15.12,North
INV00006677,C02017,20-05-2025,P0029,Product P0029,1,145.82,North
INV00008336,C01011,20-05-2025,P0038,Product P0038,4,67.59,North
INV00003439,C02338,20-05-2025,P0109,Product P0109,3,42.4,West
INV00005766,C01375,20-05-2025,P0099,Product P0099,2,177.18,North
INV00004481,C01169,20-05-2025,P0286,Product P0286,3,142.94,North
INV00001101,C01200,21-05-2025,P0267,Product P0267,4,126.3,North
INV00002593,C01331,21-05-2025,P0095,Product P0095,5,23.87,North
INV00000132,C01384,21-05-2025,P0154,Product P0154,5,14.77,West
INV00002608,C00644,21-05-2025,P0049,Product P0049,5,26.75,South
INV00007092,C01178,21-05-2025,P0152,Product P0152,5,169.97,West
INV00006572,C01597,21-05-2025,P0051,Product P0051,4,74.93,North
INV00001656,C00579,21-05-2025,P0075,Product P0075,3,142.47,East
INV00003245,C01823,21-05-2025,P0075,Product P0075,4,35.87,South
INV00000939,C01155,21-05-2025,P0202,Product P0202,4,133.15,West
INV00008805,C01274,21-05-2025,P0129,Product P0129,5,64.86,North
INV00005116,C00656,21-05-2025,P0097,Product P0097,2,70.49,North
INV00008259,C01291,21-05-2025,P0063,Product P0063,3,157.66,South
INV00000961,C00384,21-05-2025,P0228,Product P0228,1,136.64,South
INV00002251,C01267,21-05-2025,P0075,Product P0075,3,115.82,East
INV00006124,C01105,21-05-2025,P0070,Product P0070,5,88.06,South
INV00007684,C01607,21-05-2025,P0042,Product P0042,3,29.13,East
INV00005746,C00051,21-05-2025,P0079,Product P0079,1,179.67,South
INV00003460,C00992,21-05-2025,P0174,Product P0174,1,95.79,North
INV00003070,C00175,21-05-2025,P0135,Product P0135,1,50.67,West
INV00002023,C01646,21-05-2025,P0292,Product P0292,3,12.5,West
INV00008568,C00325,21-05-2025,P0054,Product P0054,4,87.82,North
INV00008820,C00409,22-05-2025,P0194,Product P0194,4,143.55,West
INV00007635,C00197,22-05-2025,P0165,Product P0165,3,99.77,North
INV00001488,C00004,22-05-2025,P0270,Product P0270,5,177.17,East
INV00010000,C01539,22-05-2025,P0145,Product P0145,5,116.79,South
INV00003533,C00154,22-05-2025,P0008,Product P0008,3,19.35,South
INV00005333,C00978,22-05-2025,P0240,Product P0240,2,76.99,South
INV00000609,C02418,22-05-2025,P0050,Product P0050,2,42.61,West
INV00008199,C01283,22-05-2025,P0081,Product P0081,3,147.6,East
INV00003584,C00770,22-05-2025,P0099,Product P0099,4,179.26,South
INV00003185,C01574,22-05-2025,P0123,Product P0123,2,116.21,South
INV00006403,C00775,22-05-2025,P0046,Product P0046,1,97.66,South
INV00005525,C01534,22-05-2025,P0225,Product P0225,5,88.53,North
INV00009368,C01843,22-05-2025,P0087,Product P0087,4,128.45,North
INV00006218,C00467,22-05-2025,P0181,Product P0181,5,143.59,East
INV00001584,C01036,22-05-2025,P0208,Product P0208,5,146.66,North
INV00006980,C01246,23-05-2025,P0213,Product P0213,5,44.28,North
INV00002622,C00982,23-05-2025,P0048,Product P0048,3,38.32,East
INV00006246,C00829,23-05-2025,P0214,Product P0214,2,137.85,West
INV00007423,C00460,23-05-2025,P0141,Product P0141,5,38.73,West
INV00005238,C02058,23-05-2025,P0218,Product P0218,2,179.17,West
INV00000391,C01867,23-05-2025,P0033,Product P0033,2,86.95,East
INV00005097,C01540,23-05-2025,P0086,Product P0086,3,153.15,South
INV00002268,C01820,23-05-2025,P0080,Product P0080,5,54.05,North
INV00003790,C00791,23-05-2025,P0047,Product P0047,1,154.67,North
INV00005770,C01371,23-05-2025,P0018,Product P0018,5,145.5,North
INV00000200,C02405,23-05-2025,P0259,Product P0259,2,108.02,North
INV00008226,C01928,23-05-2025,P0150,Product P0150,3,45.84,South
INV00009453,C01776,24-05-2025,P0020,Product P0020,5,55.86,North
INV00002019,C01799,24-05-2025,P0029,Product P0029,1,121.26,West
INV00004701,C02221,24-05-2025,P0025,Product P0025,4,38.29,West
INV00007476,C01812,24-05-2025,P0101,Product P0101,2,91.38,West
INV00009979,C00629,24-05-2025,P0168,Product P0168,1,114.37,South
INV00001582,C00541,24-05-2025,P0246,Product P0246,5,156.45,South
INV00002600,C00973,24-05-2025,P0290,Product P0290,4,87.87,West
INV00004467,C01998,24-05-2025,P0194,Product P0194,4,47.15,East
INV00003783,C00263,24-05-2025,P0143,Product P0143,1,35.72,East
INV00005503,C00088,24-05-2025,P0239,Product P0239,1,25.05,East
INV00006916,C02256,25-05-2025,P0268,Product P0268,4,13.51,South
INV00008318,C01128,25-05-2025,P0070,Product P0070,4,105.51,West
INV00008151,C02036,25-05-2025,P0170,Product P0170,1,43.87,South
INV00002976,C01173,25-05-2025,P0198,Product P0198,5,160.2,East
INV00000828,C02243,25-05-2025,P0057,Product P0057,3,158.6,East
INV00004514,C02275,25-05-2025,P0135,Product P0135,4,154.06,East
INV00005008,C02073,25-05-2025,P0134,Product P0134,5,107.41,East
INV00003853,C00263,25-05-2025,P0103,Product P0103,4,117.13,North
INV00004587,C00537,25-05-2025,P0240,Product P0240,5,28.17,East
INV00003023,C00968,25-05-2025,P0003,Product P0003,2,39.49,North
INV00007829,C01379,25-05-2025,P0236,Product P0236,5,86.94,South
INV00001327,C01699,25-05-2025,P0038,Product P0038,2,106.9,North
INV00007653,C00716,25-05-2025,P0015,Product P0015,1,123.1,South
INV00003040,C00495,26-05-2025,P0092,Product P0092,3,99.37,East
INV00008010,C01346,26-05-2025,P0003,Product P0003,1,165.86,East
INV00001083,C02396,26-05-2025,P0200,Product P0200,2,126.65,South
INV00004843,C00246,26-05-2025,P0159,Product P0159,3,176.01,West
INV00005708,C00803,26-05-2025,P0146,Product P0146,2,24.62,East
INV00006295,C00169,26-05-2025,P0295,Product P0295,1,115.53,East
INV00008165,C00735,26-05-2025,P0256,Product P0256,4,57.21,South
INV00001310,C02132,26-05-2025,P0087,Product P0087,2,172.36,East
INV00008169,C01170,26-05-2025,P0265,Product P0265,5,4.53,East
INV00001177,C00792,26-05-2025,P0173,Product P0173,4,124.99,West
INV00001559,C02488,26-05-2025,P0262,Product P0262,2,49.71,West
INV00006314,C00176,26-05-2025,P0262,Product P0262,3,11.41,East
INV00004782,C01481,26-05-2025,P0079,Product P0079,2,127.45,South
INV00002955,C00693,26-05-2025,P0079,Product P0079,5,178.33,South
INV00003085,C00850,27-05-2025,P0047,Product P0047,2,172.82,West
INV00009052,C01395,27-05-2025,P0173,Product P0173,4,179.06,West
INV00004614,C01305,27-05-2025,P0022,Product P0022,2,63.83,South
INV00000755,C01388,27-05-2025,P0221,Product P0221,2,86.8,East
INV00004274,C00787,27-05-2025,P0041,Product P0041,3,44.38,West
INV00008954,C01341,27-05-2025,P0165,Product P0165,3,173.82,West
INV00003421,C01292,27-05-2025,P0046,Product P0046,1,165.49,West
INV00005151,C00397,27-05-2025,P0278,Product P0278,3,88.29,North
INV00001770,C00492,27-05-2025,P0148,Product P0148,5,30.57,West
INV00004071,C00243,27-05-2025,P0151,Product P0151,5,91.28,West
INV00005285,C02480,27-05-2025,P0017,Product P0017,3,115.67,North
INV00007158,C01864,27-05-2025,P0187,Product P0187,5,45.87,North
INV00003126,C02225,27-05-2025,P0036,Product P0036,3,94.02,West
INV00008095,C00855,27-05-2025,P0027,Product P0027,4,27.54,North
INV00000165,C01045,27-05-2025,P0131,Product P0131,4,93.54,West
INV00004131,C00021,27-05-2025,P0038,Product P0038,2,76.67,East
INV00003352,C02347,28-05-2025,P0042,Product P0042,2,140.68,South
INV00004310,C01507,28-05-2025,P0243,Product P0243,4,124.01,North
INV00009138,C01385,28-05-2025,P0023,Product P0023,2,144.73,North
INV00007959,C02419,28-05-2025,P0088,Product P0088,2,67.76,South
INV00003341,C01354,28-05-2025,P0004,Product P0004,3,68.9,East
INV00009503,C00622,28-05-2025,P0275,Product P0275,1,149.63,North
INV00009451,C01919,28-05-2025,P0273,Product P0273,4,167.55,South
INV00007587,C02067,28-05-2025,P0167,Product P0167,2,149.95,East
INV00003505,C00044,28-05-2025,P0009,Product P0009,4,121.33,North
INV00004532,C00317,28-05-2025,P0017,Product P0017,1,146.78,North
INV00004161,C01009,28-05-2025,P0228,Product P0228,3,97.85,South
INV00000745,C01989,28-05-2025,P0247,Product P0247,3,18.04,South
INV00001552,C02134,28-05-2025,P0012,Product P0012,2,113.7,East
INV00000125,C02138,28-05-2025,P0273,Product P0273,5,90.71,West
INV00004828,C01344,28-05-2025,P0179,Product P0179,5,37.22,West
INV00000692,C01988,28-05-2025,P0021,Product P0021,5,32.7,South
INV00001744,C00058,28-05-2025,P0087,Product P0087,1,112.15,East
INV00001171,C01573,28-05-2025,P0135,Product P0135,2,143.48,South
INV00008908,C01652,29-05-2025,P0201,Product P0201,3,151.18,South
INV00008448,C00383,29-05-2025,P0207,Product P0207,5,78.51,East
INV00007666,C01035,29-05-2025,P0028,Product P0028,3,157.28,West
INV00006012,C01937,29-05-2025,P0211,Product P0211,3,166.75,South
INV00006040,C00587,29-05-2025,P0188,Product P0188,2,80.83,North
INV00008423,C00597,29-05-2025,P0233,Product P0233,4,123.09,South
INV00004838,C00169,29-05-2025,P0139,Product P0139,4,88.07,East
INV00004486,C00923,29-05-2025,P0212,Product P0212,3,157.29,East
INV00003528,C00226,29-05-2025,P0204,Product P0204,1,55.92,East
INV00002836,C01359,29-05-2025,P0061,Product P0061,3,150.21,North
INV00008184,C01913,29-05-2025,P0163,Product P0163,3,155.07,East
INV00008549,C00232,29-05-2025,P0212,Product P0212,2,110.59,North
INV00002440,C00166,29-05-2025,P0131,Product P0131,4,158.22,North
INV00009180,C02209,30-05-2025,P0042,Product P0042,3,118.77,West
INV00006057,C00012,30-05-2025,P0100,Product P0100,2,155.15,North
INV00005583,C01774,30-05-2025,P0007,Product P0007,4,29.34,South
INV00008372,C02018,30-05-2025,P0296,Product P0296,1,90.56,South
INV00003633,C00093,30-05-2025,P0232,Product P0232,2,129.34,South
INV00001447,C02346,30-05-2025,P0202,Product P0202,5,83.66,West
INV00006467,C00917,30-05-2025,P0092,Product P0092,3,140.19,South
INV00002234,C00345,30-05-2025,P0117,Product P0117,1,135.29,East
INV00005210,C00079,30-05-2025,P0270,Product P0270,2,116.61,East
INV00001356,C01243,30-05-2025,P0174,Product P0174,4,75.46,South
INV00000028,C02057,30-05-2025,P0218,Product P0218,1,86.32,West
INV00005007,C01244,30-05-2025,P0111,Product P0111,3,116.39,North
INV00008522,C02398,30-05-2025,P0296,Product P0296,3,101.95,North
INV00008394,C00294,30-05-2025,P0170,Product P0170,1,8.05,South
INV00000585,C01011,30-05-2025,P0163,Product P0163,3,145.08,East
INV00009048,C02127,31-05-2025,P0154,Product P0154,5,16.57,East
INV00004184,C02132,31-05-2025,P0173,Product P0173,2,90.74,East
INV00009302,C02112,31-05-2025,P0255,Product P0255,3,18.49,West
INV00002886,C00385,31-05-2025,P0252,Product P0252,2,88.62,East
INV00009050,C01834,31-05-2025,P0026,Product P0026,5,48.5,North
INV00007519,C00592,31-05-2025,P0066,Product P0066,1,50.84,East
INV00003364,C02052,31-05-2025,P0267,Product P0267,3,108.74,North
INV00003927,C01255,01-06-2025,P0132,Product P0132,4,167.94,South
INV00009087,C01710,01-06-2025,P0148,Product P0148,4,62.97,West
INV00003366,C01874,01-06-2025,P0179,Product P0179,5,70.7,East
INV00003867,C01306,01-06-2025,P0082,Product P0082,3,29.01,West
INV00000424,C01453,01-06-2025,P0074,Product P0074,3,7.11,South
INV00009874,C00910,01-06-2025,P0086,Product P0086,3,84.73,South
INV00008725,C02327,01-06-2025,P0009,Product P0009,2,172.65,East
INV00005415,C00778,01-06-2025,P0200,Product P0200,3,48.16,West
INV00005628,C00100,01-06-2025,P0076,Product P0076,2,175.4,East
INV00004478,C00921,01-06-2025,P0145,Product P0145,5,92.43,North
INV00005824,C00373,01-06-2025,P0043,Product P0043,2,110.06,East
INV00003140,C01236,01-06-2025,P0270,Product P0270,3,60.38,West
INV00000023,C00457,01-06-2025,P0184,Product P0184,1,137.25,West
INV00001723,C01632,01-06-2025,P0172,Product P0172,3,73.63,South
INV00001621,C00663,01-06-2025,P0245,Product P0245,4,126.74,South
INV00003171,C01573,01-06-2025,P0223,Product P0223,1,133.63,South
INV00003889,C00350,02-06-2025,P0289,Product P0289,2,124.94,East
INV00005703,C00694,02-06-2025,P0205,Product P0205,1,100.5,North
INV00009340,C00685,02-06-2025,P0262,Product P0262,2,93.43,North
INV00004446,C01041,02-06-2025,P0158,Product P0158,4,102.35,South
INV00001449,C01849,02-06-2025,P0300,Product P0300,3,26.6,South
INV00007495,C02153,02-06-2025,P0234,Product P0234,4,177.93,South
INV00007111,C00099,02-06-2025,P0241,Product P0241,5,89.1,North
INV00002736,C00350,02-06-2025,P0062,Product P0062,5,178.35,West
INV00003982,C00222,02-06-2025,P0039,Product P0039,5,106.13,West
INV00004577,C00209,02-06-2025,P0100,Product P0100,1,134.66,West
INV00007295,C00593,02-06-2025,P0040,Product P0040,4,56.02,North
INV00007375,C00926,03-06-2025,P0232,Product P0232,4,53.1,North
INV00002231,C01582,03-06-2025,P0023,Product P0023,1,37.02,North
INV00003325,C01084,03-06-2025,P0098,Product P0098,1,66.66,East
INV00003411,C00178,03-06-2025,P0268,Product P0268,4,145.51,East
INV00007715,C00362,03-06-2025,P0004,Product P0004,5,121.6,East
INV00003964,C00946,03-06-2025,P0290,Product P0290,2,37.39,West
INV00004885,C00016,03-06-2025,P0257,Product P0257,3,60.9,South
INV00007489,C00037,03-06-2025,P0258,Product P0258,5,132.16,North
INV00000721,C00348,04-06-2025,P0125,Product P0125,3,155.52,South
INV00000175,C01742,04-06-2025,P0297,Product P0297,5,14.25,North
INV00009838,C02302,04-06-2025,P0033,Product P0033,5,150.59,South
INV00006136,C00455,04-06-2025,P0124,Product P0124,5,96.3,South
INV00003819,C01567,04-06-2025,P0199,Product P0199,1,112.25,West
INV00009937,C01453,04-06-2025,P0238,Product P0238,4,128.39,West
INV00002097,C02350,04-06-2025,P0096,Product P0096,1,59.45,East
INV00001480,C01042,04-06-2025,P0115,Product P0115,2,68.5,West
INV00005196,C01018,04-06-2025,P0212,Product P0212,3,128.36,West
INV00005103,C00607,04-06-2025,P0171,Product P0171,1,59.78,East
INV00009105,C00588,04-06-2025,P0050,Product P0050,1,138.14,South
INV00001813,C01684,04-06-2025,P0168,Product P0168,4,152.96,North
INV00002168,C02109,04-06-2025,P0025,Product P0025,4,44.88,West
INV00002825,C01548,05-06-2025,P0158,Product P0158,1,100.4,West
INV00004014,C01224,05-06-2025,P0244,Product P0244,2,116.94,West
INV00000826,C00227,05-06-2025,P0100,Product P0100,1,112.53,North
INV00005438,C00031,05-06-2025,P0231,Product P0231,2,138.24,South
INV00004426,C02182,05-06-2025,P0198,Product P0198,4,21.47,North
INV00009450,C00176,05-06-2025,P0182,Product P0182,1,172.36,South
INV00006350,C01696,05-06-2025,P0023,Product P0023,1,43.16,North
INV00009015,C02151,05-06-2025,P0208,Product P0208,3,118.13,South
INV00008383,C01030,05-06-2025,P0036,Product P0036,1,58.78,North
INV00006712,C00891,05-06-2025,P0239,Product P0239,3,147.52,South
INV00002697,C00320,05-06-2025,P0151,Product P0151,3,66.22,North
INV00006872,C01405,05-06-2025,P0236,Product P0236,3,168.58,South
INV00002415,C00931,06-06-2025,P0024,Product P0024,5,119.97,West
INV00000075,C01717,06-06-2025,P0231,Product P0231,5,104.64,South
INV00006959,C00736,06-06-2025,P0243,Product P0243,1,33.37,South
INV00007852,C01401,06-06-2025,P0141,Product P0141,3,86.43,East
INV00009195,C00538,06-06-2025,P0244,Product P0244,5,76.68,North
INV00003684,C01425,06-06-2025,P0298,Product P0298,5,94.07,North
INV00005813,C00749,06-06-2025,P0114,Product P0114,2,35.35,East
INV00003223,C01940,06-06-2025,P0124,Product P0124,2,29.44,East
INV00004327,C02127,06-06-2025,P0128,Product P0128,4,164.71,West
INV00001714,C01834,06-06-2025,P0175,Product P0175,4,100.28,West
INV00000746,C00911,07-06-2025,P0010,Product P0010,1,36.06,West
INV00003249,C00351,07-06-2025,P0186,Product P0186,1,167,West
INV00009019,C00311,07-06-2025,P0027,Product P0027,5,49.66,East
INV00007340,C01440,07-06-2025,P0267,Product P0267,4,81.47,North
INV00006473,C01122,07-06-2025,P0296,Product P0296,4,165.75,North
INV00009789,C01698,07-06-2025,P0104,Product P0104,5,66.93,North
INV00003580,C00195,07-06-2025,P0254,Product P0254,1,63.31,South
INV00001874,C02354,07-06-2025,P0072,Product P0072,4,173.13,East
INV00001905,C00833,07-06-2025,P0153,Product P0153,4,51.52,North
INV00008215,C00126,07-06-2025,P0159,Product P0159,3,80.9,South
INV00009997,C02492,07-06-2025,P0049,Product P0049,5,74.08,West
INV00003704,C02265,07-06-2025,P0112,Product P0112,2,51.71,East
INV00000169,C00836,08-06-2025,P0258,Product P0258,1,23.52,South
INV00001505,C01494,08-06-2025,P0088,Product P0088,5,82.75,East
INV00008413,C00577,08-06-2025,P0291,Product P0291,5,130.27,East
INV00002658,C00676,08-06-2025,P0121,Product P0121,5,72.18,North
INV00006255,C00633,08-06-2025,P0234,Product P0234,5,102.25,West
INV00008344,C01768,08-06-2025,P0204,Product P0204,2,131.42,East
INV00003077,C00273,08-06-2025,P0011,Product P0011,4,81.59,East
INV00000145,C02482,08-06-2025,P0069,Product P0069,3,67.9,East
INV00000506,C01135,08-06-2025,P0078,Product P0078,5,144.22,North
INV00000530,C02303,09-06-2025,P0111,Product P0111,2,54.65,North
INV00005543,C00749,09-06-2025,P0075,Product P0075,1,159.81,West
INV00003969,C01475,09-06-2025,P0299,Product P0299,3,97.21,West
INV00007960,C01630,09-06-2025,P0188,Product P0188,5,164.67,West
INV00009624,C01703,09-06-2025,P0115,Product P0115,2,111.18,South
INV00005216,C00582,09-06-2025,P0020,Product P0020,5,75.02,East
INV00004513,C00308,09-06-2025,P0095,Product P0095,4,78.21,South
INV00004570,C00511,09-06-2025,P0280,Product P0280,4,156.39,East
INV00003470,C02167,09-06-2025,P0030,Product P0030,5,77.75,North
INV00004549,C01312,09-06-2025,P0254,Product P0254,2,104.11,North
INV00006130,C00935,09-06-2025,P0282,Product P0282,2,10.92,East
INV00005969,C00482,10-06-2025,P0181,Product P0181,5,56.14,South
INV00000727,C01804,10-06-2025,P0239,Product P0239,4,61.09,North
INV00009775,C00271,10-06-2025,P0170,Product P0170,2,149.52,West
INV00007586,C00059,10-06-2025,P0100,Product P0100,2,96.85,North
INV00009510,C02311,10-06-2025,P0182,Product P0182,5,89,North
INV00001991,C01328,10-06-2025,P0028,Product P0028,1,77.19,South
INV00007769,C00711,10-06-2025,P0044,Product P0044,3,84.75,West
INV00004788,C00028,11-06-2025,P0222,Product P0222,1,163.18,East
INV00002387,C02383,11-06-2025,P0161,Product P0161,2,134.52,West
INV00002978,C02242,11-06-2025,P0007,Product P0007,2,175.89,East
INV00007619,C00640,11-06-2025,P0279,Product P0279,2,6.48,East
INV00000123,C01637,11-06-2025,P0218,Product P0218,1,29.95,West
INV00008593,C00518,11-06-2025,P0230,Product P0230,3,9.87,North
INV00007065,C00066,11-06-2025,P0274,Product P0274,2,135.49,South
INV00005504,C01811,11-06-2025,P0081,Product P0081,1,176.24,North
INV00007802,C00359,11-06-2025,P0057,Product P0057,2,124.69,South
INV00002049,C01878,11-06-2025,P0039,Product P0039,3,72.12,West
INV00003011,C00924,11-06-2025,P0060,Product P0060,2,138.44,North
INV00000178,C00404,11-06-2025,P0282,Product P0282,1,11.97,North
INV00006851,C00883,11-06-2025,P0093,Product P0093,1,163.39,North
INV00009673,C02215,11-06-2025,P0174,Product P0174,1,126.98,South
INV00003135,C01777,11-06-2025,P0229,Product P0229,4,174.03,West
INV00005286,C01438,11-06-2025,P0099,Product P0099,2,63.13,North
INV00000900,C01541,11-06-2025,P0134,Product P0134,2,90.64,South
INV00001054,C02397,12-06-2025,P0092,Product P0092,5,129.12,North
INV00008230,C01920,12-06-2025,P0131,Product P0131,3,35.27,North
INV00005384,C00954,12-06-2025,P0128,Product P0128,3,154.14,West
INV00005423,C00185,12-06-2025,P0112,Product P0112,3,141.11,West
INV00007634,C01070,12-06-2025,P0260,Product P0260,3,59.36,East
INV00004769,C00284,12-06-2025,P0158,Product P0158,2,141.29,North
INV00002773,C00509,12-06-2025,P0156,Product P0156,2,118.85,North
INV00009487,C00913,12-06-2025,P0298,Product P0298,2,152.58,South
INV00002527,C01172,12-06-2025,P0136,Product P0136,1,169.92,East
INV00008695,C01136,13-06-2025,P0092,Product P0092,2,128.14,North
INV00002533,C02313,13-06-2025,P0056,Product P0056,5,37.12,East
INV00001144,C02112,13-06-2025,P0006,Product P0006,3,179.17,South
INV00000968,C00793,13-06-2025,P0110,Product P0110,4,45.79,South
INV00004253,C02451,13-06-2025,P0264,Product P0264,5,104.02,East
INV00009106,C00005,13-06-2025,P0189,Product P0189,3,98.73,West
INV00005722,C01037,13-06-2025,P0184,Product P0184,3,86.08,North
INV00009683,C01098,13-06-2025,P0244,Product P0244,3,80.79,North
INV00005576,C01348,13-06-2025,P0254,Product P0254,4,9.26,East
INV00004461,C00257,13-06-2025,P0288,Product P0288,1,21.16,West
INV00003183,C01867,13-06-2025,P0224,Product P0224,2,93.41,South
INV00005266,C02220,13-06-2025,P0267,Product P0267,5,170.44,North
INV00006711,C00749,13-06-2025,P0193,Product P0193,1,142.81,South
INV00005111,C01373,13-06-2025,P0263,Product P0263,5,163.82,South
INV00004692,C00166,13-06-2025,P0162,Product P0162,3,167.45,South
INV00004479,C02174,13-06-2025,P0113,Product P0113,1,47.58,North
INV00001376,C02399,13-06-2025,P0059,Product P0059,5,147.86,South
INV00001454,C00616,13-06-2025,P0196,Product P0196,4,88.07,North
INV00005038,C01372,13-06-2025,P0109,Product P0109,1,67.6,South
INV00007918,C00266,13-06-2025,P0001,Product P0001,4,34.42,North
INV00007661,C01535,13-06-2025,P0005,Product P0005,5,129.81,East
INV00001949,C00005,13-06-2025,P0054,Product P0054,3,44.48,South
INV00000607,C00808,13-06-2025,P0159,Product P0159,5,46.46,East
INV00001503,C00573,13-06-2025,P0228,Product P0228,2,27.47,South
INV00003241,C00523,13-06-2025,P0175,Product P0175,5,82.04,North
INV00001630,C00318,13-06-2025,P0158,Product P0158,1,8.54,West
INV00003651,C00301,14-06-2025,P0112,Product P0112,4,121.71,West
INV00004206,C02018,14-06-2025,P0172,Product P0172,3,142.59,North
INV00002763,C00912,14-06-2025,P0042,Product P0042,3,168.25,West
INV00007819,C01732,14-06-2025,P0212,Product P0212,4,132.42,North
INV00009424,C00615,14-06-2025,P0122,Product P0122,4,127.23,West
INV00001856,C02130,14-06-2025,P0246,Product P0246,5,73.55,North
INV00001044,C00931,15-06-2025,P0075,Product P0075,4,52.03,West
INV00004445,C01844,15-06-2025,P0048,Product P0048,1,27.46,North
INV00003814,C01108,15-06-2025,P0224,Product P0224,4,20.89,North
INV00001765,C01440,15-06-2025,P0149,Product P0149,5,166.9,North
INV00009189,C01009,15-06-2025,P0284,Product P0284,2,167.53,East
INV00008579,C02257,15-06-2025,P0055,Product P0055,2,57.28,South
INV00003653,C01025,15-06-2025,P0221,Product P0221,5,150.55,North
INV00005763,C00487,15-06-2025,P0137,Product P0137,3,48.43,North
INV00000409,C02336,15-06-2025,P0112,Product P0112,4,67.44,West
INV00008121,C01215,15-06-2025,P0277,Product P0277,2,172.82,South
INV00007239,C00712,15-06-2025,P0262,Product P0262,5,96.62,North
INV00007602,C00039,15-06-2025,P0054,Product P0054,2,114.47,North
INV00009110,C00626,16-06-2025,P0044,Product P0044,4,13.88,North
INV00008090,C01202,16-06-2025,P0093,Product P0093,5,45.62,East
INV00000842,C01641,16-06-2025,P0116,Product P0116,1,110.16,East
INV00006165,C00625,16-06-2025,P0094,Product P0094,5,30.42,North
INV00003454,C00871,16-06-2025,P0011,Product P0011,3,152.46,North
INV00001289,C00255,16-06-2025,P0081,Product P0081,3,12.08,West
INV00009260,C00663,16-06-2025,P0199,Product P0199,3,10.26,East
INV00009081,C02303,16-06-2025,P0050,Product P0050,4,108.27,North
INV00003793,C00639,16-06-2025,P0250,Product P0250,2,114.72,South
INV00008757,C01815,17-06-2025,P0044,Product P0044,1,102.33,West
INV00000296,C01302,17-06-2025,P0146,Product P0146,1,37.56,East
INV00004963,C02465,17-06-2025,P0079,Product P0079,5,175.47,South
INV00009091,C01312,17-06-2025,P0012,Product P0012,5,45.05,East
INV00001920,C01325,17-06-2025,P0093,Product P0093,5,24.38,West
INV00005899,C01625,17-06-2025,P0135,Product P0135,3,114.53,West
INV00006664,C00688,17-06-2025,P0192,Product P0192,3,110.57,South
INV00009239,C01609,17-06-2025,P0277,Product P0277,3,122.43,East
INV00000928,C00754,17-06-2025,P0222,Product P0222,4,124.75,North
INV00006279,C00097,17-06-2025,P0095,Product P0095,4,97.79,West
INV00001697,C01172,17-06-2025,P0213,Product P0213,4,35.5,North
INV00006268,C00108,17-06-2025,P0248,Product P0248,3,59.22,West
INV00009768,C00851,18-06-2025,P0104,Product P0104,1,175.23,West
INV00000425,C01043,18-06-2025,P0043,Product P0043,5,93.8,North
INV00002833,C00751,18-06-2025,P0029,Product P0029,4,95.65,West
INV00000582,C02084,18-06-2025,P0100,Product P0100,2,42.07,North
INV00004635,C00253,18-06-2025,P0008,Product P0008,4,138.8,South
INV00008564,C00889,18-06-2025,P0298,Product P0298,1,21.78,East
INV00002091,C02219,18-06-2025,P0140,Product P0140,3,20.76,East
INV00001904,C00622,18-06-2025,P0137,Product P0137,5,155.53,North
INV00009609,C01182,18-06-2025,P0078,Product P0078,4,79.21,North
INV00001017,C00960,18-06-2025,P0262,Product P0262,2,5.04,South
INV00003983,C01678,18-06-2025,P0022,Product P0022,4,8.6,East
INV00006859,C01070,18-06-2025,P0174,Product P0174,2,77.61,East
INV00000523,C00481,18-06-2025,P0100,Product P0100,1,79.21,East
INV00009032,C00751,18-06-2025,P0280,Product P0280,4,67.01,North
INV00001623,C02311,19-06-2025,P0234,Product P0234,3,125.36,West
INV00000634,C00949,19-06-2025,P0013,Product P0013,2,159.24,West
INV00008957,C01617,19-06-2025,P0192,Product P0192,5,76.69,South
INV00001939,C02400,19-06-2025,P0182,Product P0182,3,153.86,East
INV00003702,C00577,19-06-2025,P0299,Product P0299,1,126.59,West
INV00003743,C02347,19-06-2025,P0114,Product P0114,2,82.78,North
INV00009167,C01862,19-06-2025,P0155,Product P0155,3,171.77,West
INV00005139,C00201,19-06-2025,P0122,Product P0122,5,107.27,South
INV00003108,C00924,19-06-2025,P0024,Product P0024,1,83.09,South
INV00003926,C01430,19-06-2025,P0173,Product P0173,4,38.8,South
INV00005158,C00306,19-06-2025,P0006,Product P0006,2,138.04,North
INV00006101,C00517,19-06-2025,P0271,Product P0271,1,22.96,West
INV00000817,C00109,20-06-2025,P0227,Product P0227,5,88.89,South
INV00000973,C01194,20-06-2025,P0233,Product P0233,1,127.48,North
INV00001272,C00274,20-06-2025,P0201,Product P0201,1,178.69,South
INV00004372,C00425,20-06-2025,P0121,Product P0121,2,171.37,South
INV00003032,C00682,20-06-2025,P0141,Product P0141,2,175.26,North
INV00008993,C02491,20-06-2025,P0234,Product P0234,2,150.16,East
INV00004739,C00875,20-06-2025,P0273,Product P0273,3,64.15,South
INV00003594,C01423,20-06-2025,P0232,Product P0232,3,45.38,East
INV00006822,C01648,20-06-2025,P0206,Product P0206,5,101.59,North
INV00000193,C01518,21-06-2025,P0005,Product P0005,4,61.74,North
INV00002133,C01299,21-06-2025,P0093,Product P0093,2,170.29,East
INV00008238,C00795,21-06-2025,P0186,Product P0186,4,131.46,East
INV00008112,C02125,21-06-2025,P0279,Product P0279,1,67.27,West
INV00006525,C00745,21-06-2025,P0226,Product P0226,5,142.25,West
INV00000519,C01189,21-06-2025,P0156,Product P0156,4,44.83,South
INV00001704,C00499,21-06-2025,P0260,Product P0260,3,119.36,South
INV00000885,C02034,21-06-2025,P0048,Product P0048,1,123.41,West
INV00000619,C00153,21-06-2025,P0288,Product P0288,1,41.13,East
INV00004290,C00772,21-06-2025,P0256,Product P0256,2,28.47,East
INV00000903,C00548,21-06-2025,P0012,Product P0012,4,152,East
INV00000822,C01665,21-06-2025,P0081,Product P0081,3,60.48,South
INV00008303,C01228,21-06-2025,P0115,Product P0115,3,48.93,East
INV00006211,C00150,21-06-2025,P0150,Product P0150,3,126.24,West
INV00002708,C00760,21-06-2025,P0130,Product P0130,1,43.54,East
INV00005032,C02092,21-06-2025,P0154,Product P0154,4,92.85,East
INV00005132,C00991,21-06-2025,P0266,Product P0266,1,124.28,South
INV00005445,C00630,21-06-2025,P0077,Product P0077,4,40.36,West
INV00001862,C00741,21-06-2025,P0298,Product P0298,2,160.34,West
INV00004910,C01562,21-06-2025,P0287,Product P0287,3,63.52,East
INV00000042,C01896,22-06-2025,P0276,Product P0276,1,148.82,South
INV00004081,C02260,22-06-2025,P0034,Product P0034,2,106.55,East
INV00001467,C01589,22-06-2025,P0230,Product P0230,5,126.33,West
INV00000243,C00237,22-06-2025,P0168,Product P0168,3,20.35,North
INV00006036,C00229,22-06-2025,P0213,Product P0213,3,20.26,North
INV00005780,C00318,22-06-2025,P0198,Product P0198,3,142.31,North
INV00007113,C02349,22-06-2025,P0106,Product P0106,3,11.55,North
INV00009511,C00531,22-06-2025,P0190,Product P0190,3,128.96,West
INV00008138,C02276,22-06-2025,P0203,Product P0203,4,24.92,South
INV00007151,C01496,22-06-2025,P0062,Product P0062,5,151.73,East
INV00003802,C01455,22-06-2025,P0109,Product P0109,1,14.94,North
INV00002181,C01750,22-06-2025,P0206,Product P0206,4,132.01,North
INV00004853,C00266,22-06-2025,P0208,Product P0208,5,73.3,South
INV00007936,C00396,22-06-2025,P0096,Product P0096,4,63.65,West
INV00003988,C00179,22-06-2025,P0156,Product P0156,2,64.78,North
INV00006607,C02177,22-06-2025,P0173,Product P0173,1,108.37,North
INV00004142,C02149,22-06-2025,P0200,Product P0200,4,170.01,West
INV00004376,C01461,23-06-2025,P0098,Product P0098,1,89.44,South
INV00000300,C00055,23-06-2025,P0084,Product P0084,4,176.52,South
INV00003482,C00615,23-06-2025,P0180,Product P0180,3,69.25,West
INV00008141,C01924,23-06-2025,P0195,Product P0195,3,133.09,East
INV00002256,C01716,23-06-2025,P0002,Product P0002,2,86.37,East
INV00007042,C01303,23-06-2025,P0186,Product P0186,4,61.46,West
INV00009757,C00804,23-06-2025,P0158,Product P0158,1,158.99,South
INV00003714,C00560,23-06-2025,P0071,Product P0071,2,98.72,East
INV00009226,C01688,23-06-2025,P0190,Product P0190,2,103.06,South
INV00004367,C00416,23-06-2025,P0113,Product P0113,1,47.52,East
INV00003400,C01805,23-06-2025,P0168,Product P0168,5,81.88,South
INV00002323,C00846,24-06-2025,P0002,Product P0002,1,176.28,East
INV00006765,C01207,24-06-2025,P0081,Product P0081,4,139.97,West
INV00000335,C01151,24-06-2025,P0090,Product P0090,3,45.19,West
INV00004801,C01530,24-06-2025,P0281,Product P0281,4,99.57,South
INV00006118,C00539,24-06-2025,P0213,Product P0213,3,58.57,North
INV00007995,C02117,24-06-2025,P0088,Product P0088,4,143.41,South
INV00001436,C00255,24-06-2025,P0300,Product P0300,4,128.91,South
INV00004210,C01517,24-06-2025,P0082,Product P0082,4,172.91,East
INV00007051,C02479,24-06-2025,P0016,Product P0016,5,147.83,West
INV00008979,C01914,24-06-2025,P0229,Product P0229,4,29.87,West
INV00003934,C01825,24-06-2025,P0162,Product P0162,4,136.53,East
INV00007808,C01326,24-06-2025,P0104,Product P0104,3,159.76,East
INV00007066,C01184,25-06-2025,P0060,Product P0060,2,87.87,North
INV00009980,C00258,25-06-2025,P0101,Product P0101,5,143.93,East
INV00009713,C01299,25-06-2025,P0283,Product P0283,4,75.2,South
INV00003234,C00011,25-06-2025,P0124,Product P0124,2,135.94,West
INV00003780,C01116,25-06-2025,P0189,Product P0189,1,60.51,West
INV00000152,C00704,25-06-2025,P0067,Product P0067,4,176.65,North
INV00005055,C00124,25-06-2025,P0208,Product P0208,3,152.71,East
INV00002865,C00217,25-06-2025,P0095,Product P0095,3,164.79,North
INV00005623,C00503,25-06-2025,P0259,Product P0259,1,111.95,South
INV00006792,C02318,25-06-2025,P0163,Product P0163,5,91.02,South
INV00001176,C00848,25-06-2025,P0089,Product P0089,5,134.86,North
INV00001727,C02375,25-06-2025,P0209,Product P0209,2,165.09,East
INV00002904,C01545,25-06-2025,P0086,Product P0086,5,36.91,West
INV00000122,C01672,26-06-2025,P0051,Product P0051,5,104.33,West
INV00005845,C02185,26-06-2025,P0257,Product P0257,3,75.72,West
INV00002628,C00012,26-06-2025,P0046,Product P0046,1,161.12,West
INV00004957,C00402,26-06-2025,P0107,Product P0107,4,17.06,South
INV00001087,C02005,26-06-2025,P0131,Product P0131,5,59.36,North
INV00008794,C00451,26-06-2025,P0170,Product P0170,4,4.75,North
INV00005603,C00025,26-06-2025,P0193,Product P0193,1,4.62,West
INV00006275,C01407,26-06-2025,P0025,Product P0025,2,73.87,South
INV00003021,C00875,26-06-2025,P0229,Product P0229,5,160.65,West
INV00001470,C00152,26-06-2025,P0047,Product P0047,2,52.91,East
INV00001075,C01167,26-06-2025,P0066,Product P0066,2,121.87,West
INV00008040,C01804,26-06-2025,P0245,Product P0245,5,82.33,South
INV00009289,C00874,27-06-2025,P0269,Product P0269,2,160.72,East
INV00008280,C01990,27-06-2025,P0044,Product P0044,4,45.88,East
INV00006534,C00472,27-06-2025,P0281,Product P0281,4,60.86,East
INV00005480,C01439,27-06-2025,P0133,Product P0133,4,123.08,East
INV00002993,C00483,27-06-2025,P0197,Product P0197,5,122.62,North
INV00004305,C01672,27-06-2025,P0009,Product P0009,1,176.49,North
INV00009219,C00264,27-06-2025,P0061,Product P0061,4,5.35,West
INV00005744,C01145,27-06-2025,P0013,Product P0013,1,30.44,North
INV00007040,C01914,27-06-2025,P0032,Product P0032,3,167.74,West
INV00005598,C01699,27-06-2025,P0114,Product P0114,3,89.3,North
INV00000595,C00802,27-06-2025,P0194,Product P0194,5,117.36,North
INV00003005,C01763,27-06-2025,P0080,Product P0080,5,156.37,West
INV00004621,C01545,27-06-2025,P0070,Product P0070,2,116.02,North
INV00000157,C00316,27-06-2025,P0032,Product P0032,1,60.54,North
INV00001168,C00997,27-06-2025,P0216,Product P0216,3,145.72,East
INV00009909,C01566,27-06-2025,P0093,Product P0093,5,50.47,South
INV00002913,C01180,27-06-2025,P0222,Product P0222,5,49.04,West
INV00004533,C01761,27-06-2025,P0291,Product P0291,1,102.65,South
INV00005001,C00495,27-06-2025,P0023,Product P0023,5,134.51,South
INV00007515,C00706,27-06-2025,P0148,Product P0148,2,90.42,South
INV00007320,C00144,27-06-2025,P0128,Product P0128,1,113.88,South
INV00009800,C01981,27-06-2025,P0277,Product P0277,4,19.47,East
INV00004250,C00947,28-06-2025,P0088,Product P0088,5,23.61,North
INV00001810,C02399,28-06-2025,P0140,Product P0140,2,67.95,East
INV00004841,C01908,28-06-2025,P0046,Product P0046,5,51.67,North
INV00003558,C00866,28-06-2025,P0107,Product P0107,2,44.41,South
INV00006626,C01366,28-06-2025,P0010,Product P0010,1,75.85,East
INV00000480,C00273,28-06-2025,P0170,Product P0170,3,57.34,East
INV00007367,C01820,28-06-2025,P0093,Product P0093,2,78.51,West
INV00008562,C00019,28-06-2025,P0285,Product P0285,3,148.25,North
INV00005325,C02282,28-06-2025,P0272,Product P0272,4,164.03,North
INV00003944,C02424,28-06-2025,P0109,Product P0109,2,105.16,South
INV00009621,C00447,28-06-2025,P0237,Product P0237,5,74.82,East
INV00005799,C01407,28-06-2025,P0259,Product P0259,3,92.85,East
INV00009002,C00048,28-06-2025,P0208,Product P0208,1,99.02,West
INV00005790,C02467,28-06-2025,P0116,Product P0116,4,73.32,East
INV00001198,C02455,28-06-2025,P0173,Product P0173,1,49.14,South
INV00008452,C02182,28-06-2025,P0248,Product P0248,5,32,North
INV00009666,C01706,28-06-2025,P0213,Product P0213,5,12.34,East
INV00002786,C00294,28-06-2025,P0096,Product P0096,4,43.3,East
INV00007533,C02084,29-06-2025,P0033,Product P0033,1,136.81,South
INV00006630,C00730,29-06-2025,P0062,Product P0062,1,25.05,West
INV00008487,C01154,29-06-2025,P0229,Product P0229,5,40.6,North
INV00000061,C02307,29-06-2025,P0034,Product P0034,3,55.86,West
INV00004435,C01462,29-06-2025,P0270,Product P0270,3,155.49,East
INV00001220,C01101,29-06-2025,P0213,Product P0213,4,104.77,West
INV00004094,C01113,29-06-2025,P0115,Product P0115,4,129.64,North
INV00004669,C01841,29-06-2025,P0169,Product P0169,1,132.86,East
INV00005631,C01191,30-06-2025,P0164,Product P0164,3,64.09,West
INV00002388,C02439,30-06-2025,P0146,Product P0146,3,124.86,South
INV00007327,C00616,30-06-2025,P0103,Product P0103,1,156.55,North
INV00009031,C00573,30-06-2025,P0158,Product P0158,1,93.3,South
INV00008291,C01066,30-06-2025,P0296,Product P0296,5,66.92,East
INV00009537,C01844,30-06-2025,P0119,Product P0119,4,92.26,East
INV00005275,C01538,30-06-2025,P0236,Product P0236,4,141.14,North
INV00007754,C00005,30-06-2025,P0264,Product P0264,1,82.82,South
INV00003838,C01499,30-06-2025,P0085,Product P0085,5,95.33,North
INV00009448,C01532,30-06-2025,P0112,Product P0112,4,165.5,South
INV00009163,C01657,30-06-2025,P0067,Product P0067,2,15.31,South
INV00005019,C01952,30-06-2025,P0010,Product P0010,2,129.92,East
INV00000312,C01681,30-06-2025,P0002,Product P0002,2,156.56,East
INV00002513,C02407,30-06-2025,P0297,Product P0297,4,107.97,West
INV00005011,C02113,30-06-2025,P0191,Product P0191,2,81.83,East
INV00001021,C00140,30-06-2025,P0137,Product P0137,1,36.27,East
INV00004981,C02254,30-06-2025,P0057,Product P0057,3,35.69,South
INV00004947,C00925,01-07-2025,P0245,Product P0245,4,122.57,West
INV00001928,C00315,01-07-2025,P0094,Product P0094,4,51.68,North
INV00003555,C01037,01-07-2025,P0017,Product P0017,4,153.5,North
INV00002939,C02257,01-07-2025,P0235,Product P0235,2,73.1,North
INV00000353,C00747,01-07-2025,P0075,Product P0075,3,161.43,West
INV00005520,C01313,01-07-2025,P0170,Product P0170,3,124.72,East
INV00004326,C00982,01-07-2025,P0172,Product P0172,1,5.54,South
INV00003967,C01964,01-07-2025,P0117,Product P0117,1,137.67,North
INV00007933,C01059,01-07-2025,P0282,Product P0282,4,125.99,South
INV00003107,C02152,01-07-2025,P0278,Product P0278,5,24.22,South
INV00003050,C01771,01-07-2025,P0103,Product P0103,5,94.17,West
INV00008759,C00566,01-07-2025,P0039,Product P0039,1,51.14,North
INV00006072,C01766,01-07-2025,P0260,Product P0260,4,15.67,East
INV00008332,C00623,02-07-2025,P0120,Product P0120,2,165.54,East
INV00003319,C00640,02-07-2025,P0076,Product P0076,2,65.98,South
INV00008509,C00040,02-07-2025,P0097,Product P0097,1,90.17,East
INV00004987,C02417,02-07-2025,P0027,Product P0027,5,141.1,North
INV00008486,C01191,02-07-2025,P0009,Product P0009,5,97.4,South
INV00009707,C00799,02-07-2025,P0226,Product P0226,5,51.89,North
INV00006289,C00679,02-07-2025,P0227,Product P0227,5,50.95,East
INV00009387,C01987,02-07-2025,P0203,Product P0203,2,67.09,North
INV00004922,C02183,02-07-2025,P0145,Product P0145,5,157.64,East
INV00001820,C00737,02-07-2025,P0041,Product P0041,5,120.61,South
INV00008592,C01008,03-07-2025,P0118,Product P0118,5,119.73,East
INV00007816,C02204,03-07-2025,P0245,Product P0245,3,95.26,East
INV00003695,C00989,03-07-2025,P0024,Product P0024,2,90,West
INV00002983,C02003,03-07-2025,P0197,Product P0197,4,165.97,East
INV00009638,C01352,03-07-2025,P0120,Product P0120,3,82.84,North
INV00004028,C01103,03-07-2025,P0216,Product P0216,1,39.25,South
INV00006810,C02195,03-07-2025,P0280,Product P0280,1,64.06,West
INV00008436,C00178,03-07-2025,P0298,Product P0298,4,27.48,East
INV00007879,C01996,03-07-2025,P0091,Product P0091,5,178.66,West
INV00001060,C00778,03-07-2025,P0244,Product P0244,3,78.85,South
INV00008180,C00446,03-07-2025,P0128,Product P0128,1,151.47,North
INV00009014,C01030,03-07-2025,P0172,Product P0172,4,38.06,North
INV00001969,C02099,03-07-2025,P0188,Product P0188,2,6.71,North
INV00003408,C01596,03-07-2025,P0037,Product P0037,3,84.2,West
INV00001351,C00151,03-07-2025,P0188,Product P0188,1,8.03,North
INV00001136,C00146,04-07-2025,P0047,Product P0047,5,129.2,North
INV00005213,C01156,04-07-2025,P0207,Product P0207,3,9.11,East
INV00009881,C00997,04-07-2025,P0186,Product P0186,1,70.91,East
INV00009896,C01958,04-07-2025,P0073,Product P0073,3,113.62,East
INV00002313,C01276,04-07-2025,P0165,Product P0165,5,38.76,West
INV00009794,C00553,04-07-2025,P0197,Product P0197,1,149.25,East
INV00001629,C00971,04-07-2025,P0148,Product P0148,4,24.04,North
INV00001667,C01880,04-07-2025,P0101,Product P0101,1,134.27,North
INV00006306,C00885,04-07-2025,P0173,Product P0173,2,41.06,East
INV00000265,C02475,04-07-2025,P0198,Product P0198,3,34.4,South
INV00005988,C01373,04-07-2025,P0260,Product P0260,1,44.43,East
INV00002702,C01987,04-07-2025,P0232,Product P0232,1,173.99,South
INV00003824,C00447,04-07-2025,P0181,Product P0181,5,96.44,West
INV00005436,C02478,05-07-2025,P0250,Product P0250,4,93.08,South
INV00005546,C02219,05-07-2025,P0027,Product P0027,4,91.34,East
INV00005473,C01999,05-07-2025,P0166,Product P0166,4,58.76,East
INV00005557,C00254,05-07-2025,P0200,Product P0200,2,12.28,North
INV00005464,C00747,05-07-2025,P0132,Product P0132,1,77.5,South
INV00003089,C00579,05-07-2025,P0201,Product P0201,4,78.19,South
INV00008837,C00725,05-07-2025,P0192,Product P0192,4,78.45,North
INV00004708,C01371,05-07-2025,P0173,Product P0173,4,147.72,South
INV00004710,C01066,05-07-2025,P0147,Product P0147,2,151.34,West
INV00008272,C00051,05-07-2025,P0209,Product P0209,3,153.73,West
INV00002047,C01133,05-07-2025,P0194,Product P0194,5,21.14,South
INV00003446,C01780,05-07-2025,P0126,Product P0126,3,15.16,East
INV00005278,C02058,05-07-2025,P0172,Product P0172,3,36.77,South
INV00000612,C01157,05-07-2025,P0190,Product P0190,4,75.7,South
INV00004127,C00115,06-07-2025,P0044,Product P0044,2,28.75,South
INV00004023,C01356,06-07-2025,P0276,Product P0276,2,120.52,East
INV00004729,C00281,06-07-2025,P0127,Product P0127,4,8.75,East
INV00009733,C01500,06-07-2025,P0173,Product P0173,3,23.96,South
INV00008301,C02465,06-07-2025,P0038,Product P0038,3,69.9,West
INV00000018,C00321,06-07-2025,P0211,Product P0211,1,156.19,North
INV00009869,C01210,06-07-2025,P0074,Product P0074,4,45.77,South
INV00008453,C01783,06-07-2025,P0272,Product P0272,4,12.56,South
INV00003371,C02467,06-07-2025,P0096,Product P0096,2,122.24,East
INV00000657,C01916,07-07-2025,P0231,Product P0231,3,44.12,North
INV00007161,C00114,07-07-2025,P0137,Product P0137,1,29.91,West
INV00000013,C01840,07-07-2025,P0197,Product P0197,2,147.48,West
INV00000545,C02078,07-07-2025,P0179,Product P0179,5,145.35,North
INV00002173,C02492,07-07-2025,P0157,Product P0157,1,66.51,West
INV00000979,C00878,07-07-2025,P0189,Product P0189,2,17.83,West
INV00006342,C02467,07-07-2025,P0290,Product P0290,5,39.75,East
INV00008358,C01635,07-07-2025,P0233,Product P0233,3,106.69,West
INV00006439,C00188,07-07-2025,P0238,Product P0238,4,49.49,East
INV00005600,C01926,07-07-2025,P0082,Product P0082,4,100.79,West
INV00009711,C00324,07-07-2025,P0160,Product P0160,4,150.17,West
INV00002684,C02028,07-07-2025,P0272,Product P0272,1,161.22,South
INV00003525,C00728,07-07-2025,P0179,Product P0179,3,100.27,North
INV00004832,C00269,07-07-2025,P0251,Product P0251,5,169.04,West
INV00009637,C02500,07-07-2025,P0179,Product P0179,2,70.76,North
INV00008638,C02135,08-07-2025,P0233,Product P0233,4,128.01,South
INV00009701,C00087,08-07-2025,P0226,Product P0226,5,50.27,West
INV00003975,C00238,08-07-2025,P0241,Product P0241,3,110.96,South
INV00007505,C01894,08-07-2025,P0242,Product P0242,3,71.91,East
INV00007895,C01859,08-07-2025,P0272,Product P0272,4,83.45,East
INV00001252,C01029,08-07-2025,P0183,Product P0183,4,127.57,North
INV00009955,C01283,08-07-2025,P0105,Product P0105,4,99.68,North
INV00009144,C02191,08-07-2025,P0197,Product P0197,2,46.79,East
INV00008004,C00893,08-07-2025,P0074,Product P0074,4,25.37,South
INV00003877,C01738,08-07-2025,P0194,Product P0194,3,13.99,East
INV00002156,C01225,08-07-2025,P0108,Product P0108,3,93.8,West
INV00008386,C01381,08-07-2025,P0157,Product P0157,4,12.26,East
INV00004753,C02016,08-07-2025,P0019,Product P0019,1,41.4,East
INV00005652,C01848,08-07-2025,P0063,Product P0063,5,69.38,East
INV00002580,C01420,08-07-2025,P0268,Product P0268,2,76.4,East
INV00004380,C02324,08-07-2025,P0198,Product P0198,1,141.45,South
INV00008176,C01543,08-07-2025,P0246,Product P0246,1,165.95,South
INV00002082,C00230,08-07-2025,P0136,Product P0136,5,67.93,South
INV00000880,C01576,08-07-2025,P0047,Product P0047,3,141.79,West
INV00002294,C01873,08-07-2025,P0232,Product P0232,1,40.28,South
INV00008331,C00082,08-07-2025,P0064,Product P0064,4,27.36,East
INV00007611,C00127,09-07-2025,P0061,Product P0061,3,116.76,East
INV00004249,C02282,09-07-2025,P0066,Product P0066,3,130.08,West
INV00007935,C01660,09-07-2025,P0126,Product P0126,3,91.6,East
INV00004591,C01736,09-07-2025,P0189,Product P0189,3,11.18,West
INV00004951,C00826,09-07-2025,P0135,Product P0135,2,149.61,East
INV00004974,C01932,09-07-2025,P0080,Product P0080,1,137.45,West
INV00009792,C01203,09-07-2025,P0248,Product P0248,5,142.36,East
INV00006551,C01388,09-07-2025,P0199,Product P0199,5,24.3,West
INV00004387,C00651,09-07-2025,P0020,Product P0020,4,120.3,South
INV00000418,C00305,09-07-2025,P0022,Product P0022,2,149.99,East
INV00007267,C01935,09-07-2025,P0278,Product P0278,5,133.57,East
INV00000686,C02003,09-07-2025,P0261,Product P0261,1,53.78,South
INV00009242,C00539,10-07-2025,P0051,Product P0051,4,14.16,East
INV00002237,C00624,10-07-2025,P0160,Product P0160,1,129.37,South
INV00006705,C02237,10-07-2025,P0219,Product P0219,4,37.72,South
INV00006558,C00810,10-07-2025,P0278,Product P0278,2,26.62,South
INV00003210,C00589,10-07-2025,P0220,Product P0220,1,9.92,West
INV00004851,C02322,10-07-2025,P0147,Product P0147,4,116.09,North
INV00006050,C00786,10-07-2025,P0074,Product P0074,1,38.75,East
INV00002917,C01553,10-07-2025,P0243,Product P0243,1,92.58,West
INV00005846,C00403,10-07-2025,P0245,Product P0245,1,124.72,North
INV00007243,C00614,10-07-2025,P0055,Product P0055,4,31.79,East
INV00002152,C00806,10-07-2025,P0158,Product P0158,2,18.73,West
INV00002239,C01191,10-07-2025,P0140,Product P0140,5,58.87,East
INV00002685,C01264,10-07-2025,P0028,Product P0028,1,110.66,South
INV00004262,C00506,10-07-2025,P0136,Product P0136,3,103.92,West
INV00000861,C02421,10-07-2025,P0008,Product P0008,2,70.01,North
INV00000030,C01109,10-07-2025,P0060,Product P0060,5,107.66,North
INV00003655,C01672,11-07-2025,P0194,Product P0194,4,159.31,West
INV00007831,C00446,11-07-2025,P0292,Product P0292,3,143.12,East
INV00006172,C00791,11-07-2025,P0246,Product P0246,4,150.34,North
INV00008791,C01368,11-07-2025,P0061,Product P0061,5,147.74,South
INV00005306,C02035,11-07-2025,P0159,Product P0159,1,108.69,North
INV00004602,C02373,11-07-2025,P0137,Product P0137,1,177.17,South
INV00009353,C00096,11-07-2025,P0049,Product P0049,5,110.67,South
INV00001358,C00336,12-07-2025,P0227,Product P0227,1,64.38,South
INV00000150,C00146,12-07-2025,P0296,Product P0296,1,170.65,South
INV00006929,C01828,12-07-2025,P0068,Product P0068,2,94.18,South
INV00005352,C01253,12-07-2025,P0159,Product P0159,1,90.66,South
INV00001611,C01942,12-07-2025,P0102,Product P0102,3,69.01,North
INV00003127,C02081,12-07-2025,P0159,Product P0159,3,57.38,West
INV00007907,C01878,12-07-2025,P0053,Product P0053,3,106.81,North
INV00000363,C00559,12-07-2025,P0166,Product P0166,2,121.94,North
INV00009252,C01558,12-07-2025,P0211,Product P0211,1,133.58,North
INV00009894,C01488,13-07-2025,P0246,Product P0246,1,161,South
INV00005437,C01011,13-07-2025,P0226,Product P0226,2,155.88,West
INV00008656,C01854,13-07-2025,P0018,Product P0018,1,16.14,North
INV00006150,C02173,13-07-2025,P0296,Product P0296,1,6.14,South
INV00007032,C01889,13-07-2025,P0169,Product P0169,5,67.77,East
INV00000814,C00710,13-07-2025,P0107,Product P0107,4,175.26,West
INV00001575,C00372,13-07-2025,P0292,Product P0292,1,163.73,South
INV00003039,C00707,13-07-2025,P0103,Product P0103,3,157.07,West
INV00009258,C00488,13-07-2025,P0285,Product P0285,4,154.42,North
INV00000931,C01344,14-07-2025,P0096,Product P0096,3,116.06,North
INV00003157,C01927,14-07-2025,P0125,Product P0125,1,134.76,North
INV00007950,C00191,14-07-2025,P0090,Product P0090,1,152.8,West
INV00000888,C00483,14-07-2025,P0222,Product P0222,4,20.1,East
INV00007160,C00185,14-07-2025,P0048,Product P0048,2,122.95,North
INV00003084,C00602,14-07-2025,P0075,Product P0075,1,125.07,East
INV00002627,C02448,14-07-2025,P0267,Product P0267,3,76.92,North
INV00001804,C00649,14-07-2025,P0009,Product P0009,2,131.71,West
INV00006251,C01709,14-07-2025,P0013,Product P0013,5,43.39,North
INV00002121,C01923,14-07-2025,P0223,Product P0223,1,65.54,South
INV00002093,C02013,14-07-2025,P0249,Product P0249,4,130.66,West
INV00000736,C01679,14-07-2025,P0236,Product P0236,3,144.66,West
INV00004628,C00452,14-07-2025,P0186,Product P0186,3,168.5,North
INV00001206,C02259,14-07-2025,P0270,Product P0270,5,97.91,North
INV00007379,C00876,14-07-2025,P0027,Product P0027,1,79.77,North
INV00000422,C01736,14-07-2025,P0136,Product P0136,1,39.61,East
INV00003316,C02117,15-07-2025,P0288,Product P0288,4,126.03,North
INV00008110,C02071,15-07-2025,P0251,Product P0251,2,14.54,North
INV00001149,C01723,15-07-2025,P0255,Product P0255,4,47.98,East
INV00004579,C00688,15-07-2025,P0260,Product P0260,4,15,North
INV00005509,C01419,15-07-2025,P0277,Product P0277,3,152.05,East
INV00000134,C01399,15-07-2025,P0188,Product P0188,2,92.38,East
INV00004917,C00262,15-07-2025,P0256,Product P0256,2,10.85,East
INV00006299,C00741,15-07-2025,P0269,Product P0269,3,130.15,North
INV00002834,C01365,16-07-2025,P0135,Product P0135,4,28.85,East
INV00006828,C00136,16-07-2025,P0089,Product P0089,2,5.9,North
INV00005236,C02153,16-07-2025,P0206,Product P0206,3,112.44,North
INV00003995,C01279,16-07-2025,P0159,Product P0159,5,76.94,North
INV00004248,C00483,16-07-2025,P0261,Product P0261,5,97.48,South
INV00004174,C00889,16-07-2025,P0224,Product P0224,4,58.8,North
INV00001197,C01784,16-07-2025,P0055,Product P0055,1,103.16,West
INV00008599,C00748,16-07-2025,P0153,Product P0153,1,153.66,East
INV00005156,C02148,16-07-2025,P0009,Product P0009,5,150.05,East
INV00004633,C00687,16-07-2025,P0251,Product P0251,1,87.12,East
INV00008606,C02494,16-07-2025,P0074,Product P0074,4,27.53,East
INV00000359,C00228,16-07-2025,P0292,Product P0292,3,121.98,East
INV00005512,C01994,17-07-2025,P0273,Product P0273,4,6.42,South
INV00006185,C00445,17-07-2025,P0032,Product P0032,5,99.25,East
INV00005449,C01072,17-07-2025,P0240,Product P0240,1,153.04,South
INV00009820,C00542,17-07-2025,P0258,Product P0258,4,178.62,East
INV00008156,C01435,17-07-2025,P0207,Product P0207,2,155.7,North
INV00000396,C02187,17-07-2025,P0104,Product P0104,4,167.09,East
INV00007511,C00932,17-07-2025,P0264,Product P0264,1,79.85,West
INV00008102,C02375,17-07-2025,P0027,Product P0027,2,118.47,West
INV00004973,C02091,17-07-2025,P0119,Product P0119,5,163.38,North
INV00003639,C00207,17-07-2025,P0008,Product P0008,5,106.74,North
INV00004765,C01092,17-07-2025,P0189,Product P0189,1,79.03,East
INV00001391,C00766,17-07-2025,P0002,Product P0002,4,152.68,West
INV00004732,C01714,17-07-2025,P0028,Product P0028,5,42.93,South
INV00003539,C01320,17-07-2025,P0081,Product P0081,4,121.35,South
INV00001150,C02131,17-07-2025,P0098,Product P0098,5,24,West
INV00004508,C01469,17-07-2025,P0184,Product P0184,1,110.55,South
INV00004960,C02361,18-07-2025,P0273,Product P0273,3,156.82,West
INV00001743,C01140,18-07-2025,P0168,Product P0168,5,160.14,North
INV00003672,C00238,18-07-2025,P0049,Product P0049,5,121.2,South
INV00007274,C02056,18-07-2025,P0079,Product P0079,1,34.97,West
INV00009297,C01878,18-07-2025,P0072,Product P0072,2,117.36,South
INV00009309,C01659,18-07-2025,P0007,Product P0007,5,161.36,West
INV00002941,C01788,18-07-2025,P0240,Product P0240,2,97.23,West
INV00001460,C01291,18-07-2025,P0090,Product P0090,5,63.8,West
INV00002954,C01092,18-07-2025,P0238,Product P0238,1,81.21,East
INV00003971,C01194,18-07-2025,P0296,Product P0296,3,82.85,West
INV00002228,C02333,18-07-2025,P0286,Product P0286,3,100.26,North
INV00007492,C01793,18-07-2025,P0121,Product P0121,5,5.11,North
INV00005328,C00615,18-07-2025,P0281,Product P0281,4,110.84,East
INV00008235,C00886,18-07-2025,P0043,Product P0043,3,140.18,South
INV00004468,C02375,18-07-2025,P0113,Product P0113,1,174.14,East
INV00007726,C01690,18-07-2025,P0256,Product P0256,3,97.83,South
INV00009850,C01186,19-07-2025,P0029,Product P0029,1,37.06,East
INV00007200,C01096,19-07-2025,P0124,Product P0124,4,147.99,South
INV00007144,C00352,19-07-2025,P0284,Product P0284,1,46.66,East
INV00007364,C00428,19-07-2025,P0183,Product P0183,1,144.46,West
INV00004328,C01063,19-07-2025,P0240,Product P0240,4,4.62,West
INV00004113,C00379,19-07-2025,P0095,Product P0095,2,116.31,West
INV00000563,C01233,19-07-2025,P0099,Product P0099,2,111.96,South
INV00006425,C02427,19-07-2025,P0227,Product P0227,4,61.04,West
INV00008101,C01103,19-07-2025,P0142,Product P0142,4,31.57,North
INV00001871,C00108,19-07-2025,P0069,Product P0069,5,170.36,North
INV00000682,C00344,20-07-2025,P0102,Product P0102,4,76.37,North
INV00001547,C01719,20-07-2025,P0295,Product P0295,5,58.33,South
INV00000889,C00040,20-07-2025,P0085,Product P0085,5,171.9,North
INV00009235,C01191,20-07-2025,P0208,Product P0208,4,64.73,North
INV00003559,C00420,20-07-2025,P0151,Product P0151,1,59.99,West
INV00004601,C02471,20-07-2025,P0064,Product P0064,3,78.75,South
INV00009827,C02275,20-07-2025,P0069,Product P0069,2,37.96,South
INV00000568,C00624,20-07-2025,P0114,Product P0114,5,96.66,South
INV00006588,C01229,20-07-2025,P0003,Product P0003,1,17.39,South
INV00005966,C00249,20-07-2025,P0279,Product P0279,4,113.02,East
INV00004734,C00659,20-07-2025,P0051,Product P0051,5,172.47,West
INV00004191,C01074,20-07-2025,P0011,Product P0011,2,169.02,South
INV00003675,C01616,21-07-2025,P0071,Product P0071,5,173.26,East
INV00009298,C00776,21-07-2025,P0061,Product P0061,5,148.22,West
INV00003597,C00849,21-07-2025,P0035,Product P0035,4,36.47,South
INV00001872,C00518,21-07-2025,P0166,Product P0166,1,123.09,East
INV00008289,C01279,21-07-2025,P0164,Product P0164,3,46.65,East
INV00000330,C01388,21-07-2025,P0195,Product P0195,1,51.12,East
INV00005070,C02396,21-07-2025,P0101,Product P0101,2,11.97,South
INV00003192,C01704,21-07-2025,P0105,Product P0105,2,22.13,East
INV00001496,C01079,21-07-2025,P0287,Product P0287,5,49.36,West
INV00000902,C00106,21-07-2025,P0002,Product P0002,3,60.41,North
INV00005135,C01816,21-07-2025,P0199,Product P0199,4,135.96,East
INV00005532,C02363,21-07-2025,P0002,Product P0002,1,56.48,West
INV00007088,C00564,21-07-2025,P0293,Product P0293,2,23.53,East
INV00001328,C00213,21-07-2025,P0040,Product P0040,4,116.06,South
INV00004058,C01327,22-07-2025,P0184,Product P0184,2,62.78,North
INV00000404,C02430,22-07-2025,P0052,Product P0052,4,125.07,East
INV00002356,C00920,22-07-2025,P0108,Product P0108,4,179.81,East
INV00005853,C00639,22-07-2025,P0086,Product P0086,5,124.23,West
INV00002319,C02127,22-07-2025,P0091,Product P0091,2,72.03,East
INV00004519,C01778,22-07-2025,P0106,Product P0106,4,176.26,North
INV00007125,C00190,22-07-2025,P0287,Product P0287,2,86.21,West
INV00005997,C02136,22-07-2025,P0060,Product P0060,3,164.26,North
INV00000461,C01809,22-07-2025,P0293,Product P0293,3,122.75,South
INV00004181,C01633,22-07-2025,P0117,Product P0117,1,108.76,North
INV00007927,C02476,22-07-2025,P0145,Product P0145,2,20.81,North
INV00002734,C00536,22-07-2025,P0130,Product P0130,1,33.06,South
INV00006266,C00246,22-07-2025,P0241,Product P0241,2,81.51,West
INV00002701,C02204,22-07-2025,P0274,Product P0274,1,140.45,West
INV00002484,C00801,22-07-2025,P0054,Product P0054,1,110.98,North
INV00008749,C02351,22-07-2025,P0163,Product P0163,2,61,East
INV00002564,C01022,22-07-2025,P0081,Product P0081,4,112.72,East
INV00003662,C01171,23-07-2025,P0149,Product P0149,1,21.89,East
INV00006486,C02298,23-07-2025,P0299,Product P0299,5,115.15,West
INV00009357,C01758,23-07-2025,P0139,Product P0139,5,170.95,North
INV00005329,C00458,23-07-2025,P0143,Product P0143,1,144.7,South
INV00009727,C02341,23-07-2025,P0128,Product P0128,5,38.18,South
INV00005341,C00755,23-07-2025,P0160,Product P0160,4,71.72,West
INV00008123,C01851,23-07-2025,P0166,Product P0166,5,21.72,North
INV00007615,C01971,23-07-2025,P0008,Product P0008,3,139.26,South
INV00002020,C01153,23-07-2025,P0258,Product P0258,5,67.36,East
INV00007370,C00462,23-07-2025,P0074,Product P0074,2,160.32,North
INV00001997,C01382,23-07-2025,P0019,Product P0019,1,170.47,East
INV00008193,C00536,23-07-2025,P0246,Product P0246,2,55.53,North
INV00009856,C01213,23-07-2025,P0011,Product P0011,5,150.99,West
INV00008676,C00063,23-07-2025,P0165,Product P0165,5,122.64,South
INV00008503,C00702,23-07-2025,P0004,Product P0004,1,5.52,South
INV00006354,C02168,24-07-2025,P0188,Product P0188,3,113.43,East
INV00002430,C00677,24-07-2025,P0075,Product P0075,1,59.95,East
INV00007628,C00154,24-07-2025,P0289,Product P0289,4,88.11,East
INV00006807,C01245,24-07-2025,P0157,Product P0157,1,24.88,West
INV00004117,C00047,24-07-2025,P0284,Product P0284,5,123.44,East
INV00009046,C01934,24-07-2025,P0010,Product P0010,1,15.36,North
INV00005877,C02286,24-07-2025,P0014,Product P0014,3,161.9,West
INV00007663,C01058,24-07-2025,P0199,Product P0199,5,146.37,West
INV00004949,C00662,24-07-2025,P0114,Product P0114,3,63.38,North
INV00008891,C02262,24-07-2025,P0120,Product P0120,5,95.78,North
INV00004558,C02151,24-07-2025,P0184,Product P0184,3,161.02,South
INV00008797,C00835,25-07-2025,P0004,Product P0004,4,100.56,East
INV00005540,C02478,25-07-2025,P0208,Product P0208,1,9.41,West
INV00000179,C02252,25-07-2025,P0250,Product P0250,1,103.2,South
INV00003358,C02192,25-07-2025,P0011,Product P0011,3,46.7,North
INV00009174,C01265,25-07-2025,P0098,Product P0098,4,23.48,North
INV00009062,C01927,25-07-2025,P0163,Product P0163,2,131.77,North
INV00003491,C00270,25-07-2025,P0108,Product P0108,1,55.26,East
INV00000823,C00342,25-07-2025,P0033,Product P0033,4,95.23,East
INV00001784,C02388,25-07-2025,P0177,Product P0177,2,32.57,East
INV00007011,C00075,25-07-2025,P0103,Product P0103,1,82.41,East
INV00007945,C02478,25-07-2025,P0290,Product P0290,2,124.04,East
INV00007996,C01133,25-07-2025,P0140,Product P0140,3,73.54,South
INV00006117,C02110,25-07-2025,P0268,Product P0268,5,85.52,East
INV00009801,C01781,25-07-2025,P0029,Product P0029,4,57.38,West
INV00000845,C00014,25-07-2025,P0230,Product P0230,1,167.51,West
INV00007457,C01409,26-07-2025,P0033,Product P0033,4,21.65,South
INV00004634,C00437,26-07-2025,P0261,Product P0261,5,33.65,East
INV00003707,C00392,26-07-2025,P0140,Product P0140,4,100.45,West
INV00001574,C02033,26-07-2025,P0264,Product P0264,4,30.85,South
INV00002617,C02481,26-07-2025,P0021,Product P0021,3,165.7,East
INV00006248,C01136,26-07-2025,P0059,Product P0059,5,91.13,South
INV00008296,C01727,26-07-2025,P0136,Product P0136,5,137.77,East
INV00006180,C02298,26-07-2025,P0031,Product P0031,5,147.55,North
INV00008052,C02368,26-07-2025,P0158,Product P0158,2,177.55,East
INV00004342,C01045,26-07-2025,P0152,Product P0152,3,95.95,West
INV00005682,C01968,26-07-2025,P0263,Product P0263,3,136.07,South
INV00007509,C01578,26-07-2025,P0098,Product P0098,3,134.3,North
INV00006092,C02439,26-07-2025,P0063,Product P0063,4,176.14,East
INV00002814,C02411,27-07-2025,P0289,Product P0289,4,79.76,South
INV00001774,C00986,27-07-2025,P0079,Product P0079,3,29.75,South
INV00002888,C00159,27-07-2025,P0244,Product P0244,1,127.52,North
INV00008100,C01794,27-07-2025,P0118,Product P0118,1,68.34,North
INV00004018,C00382,27-07-2025,P0001,Product P0001,4,57.2,West
INV00002266,C00238,27-07-2025,P0218,Product P0218,1,102.54,South
INV00009863,C02161,27-07-2025,P0240,Product P0240,1,149.99,North
INV00004988,C02309,27-07-2025,P0033,Product P0033,5,118.57,South
INV00008033,C01622,27-07-2025,P0067,Product P0067,5,26.75,West
INV00009241,C00709,27-07-2025,P0010,Product P0010,1,153.19,West
INV00005571,C01905,27-07-2025,P0258,Product P0258,3,90.85,West
INV00009922,C00397,27-07-2025,P0138,Product P0138,2,13.49,East
INV00009991,C00796,27-07-2025,P0289,Product P0289,1,175.26,East
INV00005231,C00339,27-07-2025,P0263,Product P0263,5,24.69,West
INV00000500,C01065,28-07-2025,P0247,Product P0247,5,31.94,West
INV00005758,C01323,28-07-2025,P0292,Product P0292,4,101.53,South
INV00003338,C00127,28-07-2025,P0058,Product P0058,3,126.28,East
INV00002722,C01671,28-07-2025,P0105,Product P0105,5,11.34,East
INV00000457,C00371,28-07-2025,P0108,Product P0108,3,140.92,West
INV00006330,C01503,28-07-2025,P0115,Product P0115,2,71.22,South
INV00008304,C01345,28-07-2025,P0106,Product P0106,3,23.02,West
INV00007441,C00414,28-07-2025,P0139,Product P0139,4,11.99,West
INV00000043,C01752,28-07-2025,P0112,Product P0112,5,22.1,East
INV00004275,C00084,28-07-2025,P0147,Product P0147,3,36.87,North
INV00005101,C01376,28-07-2025,P0095,Product P0095,2,18.06,East
INV00000096,C00721,29-07-2025,P0250,Product P0250,3,172.5,West
INV00002576,C00824,29-07-2025,P0291,Product P0291,5,97.46,West
INV00000471,C01846,29-07-2025,P0179,Product P0179,4,43.65,West
INV00004235,C00648,29-07-2025,P0133,Product P0133,2,172.03,North
INV00005536,C01689,29-07-2025,P0114,Product P0114,2,82.51,North
INV00004218,C00854,29-07-2025,P0102,Product P0102,2,126.8,North
INV00007564,C02091,29-07-2025,P0048,Product P0048,5,27.22,North
INV00005081,C00791,29-07-2025,P0139,Product P0139,1,130.29,South
INV00005279,C00945,29-07-2025,P0147,Product P0147,1,24.06,East
INV00006449,C00471,29-07-2025,P0061,Product P0061,5,141.57,South
INV00003595,C00622,29-07-2025,P0293,Product P0293,1,15.51,South
INV00002372,C02058,29-07-2025,P0219,Product P0219,2,82.05,North
INV00007881,C00900,30-07-2025,P0199,Product P0199,4,85.34,South
INV00000433,C02065,30-07-2025,P0073,Product P0073,1,167.59,South
INV00000172,C00226,30-07-2025,P0125,Product P0125,5,122.31,South
INV00003237,C00909,30-07-2025,P0283,Product P0283,5,118.79,West
INV00003916,C00196,30-07-2025,P0166,Product P0166,1,28.21,North
INV00006763,C00347,30-07-2025,P0039,Product P0039,2,48.5,South
INV00005974,C00152,30-07-2025,P0284,Product P0284,5,70.45,East
INV00008669,C00068,31-07-2025,P0113,Product P0113,5,111.18,East
INV00000271,C00737,31-07-2025,P0292,Product P0292,2,60.4,West
INV00000899,C00176,31-07-2025,P0200,Product P0200,5,13.68,North
INV00009906,C00595,31-07-2025,P0245,Product P0245,3,149.11,West
INV00003486,C00068,31-07-2025,P0019,Product P0019,5,65.81,South
INV00001498,C01952,31-07-2025,P0291,Product P0291,3,143.78,West
INV00004378,C00659,31-07-2025,P0049,Product P0049,1,170.58,East
INV00004745,C01741,31-07-2025,P0262,Product P0262,4,44.56,South
INV00000280,C00207,31-07-2025,P0253,Product P0253,1,175.87,East
INV00001275,C01907,31-07-2025,P0033,Product P0033,1,52.42,West
INV00003950,C00438,31-07-2025,P0169,Product P0169,1,142.71,West
INV00007343,C02114,31-07-2025,P0012,Product P0012,2,16.73,North
INV00004726,C01195,31-07-2025,P0270,Product P0270,1,104.95,East
INV00007606,C00781,31-07-2025,P0039,Product P0039,1,103.02,North
INV00002867,C00789,31-07-2025,P0179,Product P0179,1,55.45,South
INV00006996,C01896,31-07-2025,P0275,Product P0275,3,71.33,East
INV00007915,C00332,01-08-2025,P0232,Product P0232,2,133.04,West
INV00001811,C00612,01-08-2025,P0081,Product P0081,2,167.67,East
INV00008532,C01280,01-08-2025,P0215,Product P0215,4,161.99,East
INV00006841,C00709,01-08-2025,P0070,Product P0070,4,132.05,West
INV00000429,C00063,01-08-2025,P0096,Product P0096,1,10.82,North
INV00000951,C00234,01-08-2025,P0018,Product P0018,5,104.48,South
INV00009494,C01108,01-08-2025,P0200,Product P0200,2,71.67,North
INV00000196,C00220,01-08-2025,P0194,Product P0194,5,136.4,East
INV00002651,C02202,01-08-2025,P0113,Product P0113,1,13.87,South
INV00004054,C02026,01-08-2025,P0180,Product P0180,5,125.44,West
INV00001427,C01679,01-08-2025,P0290,Product P0290,5,61.73,East
INV00000673,C01591,01-08-2025,P0100,Product P0100,3,115.63,North
INV00008409,C00072,01-08-2025,P0009,Product P0009,1,112.72,West
INV00003987,C00776,02-08-2025,P0076,Product P0076,4,17.01,East
INV00004840,C02329,02-08-2025,P0029,Product P0029,1,61.33,North
INV00008108,C01122,02-08-2025,P0237,Product P0237,5,20.32,South
INV00000356,C02481,02-08-2025,P0002,Product P0002,4,74.85,West
INV00003561,C00171,02-08-2025,P0084,Product P0084,4,76.6,South
INV00007403,C00220,02-08-2025,P0068,Product P0068,2,121.34,West
INV00001760,C01453,03-08-2025,P0085,Product P0085,4,153.9,North
INV00008594,C01113,03-08-2025,P0031,Product P0031,1,98.41,South
INV00009480,C01596,03-08-2025,P0198,Product P0198,4,58.23,North
INV00006974,C01691,03-08-2025,P0283,Product P0283,2,39.41,North
INV00009182,C00589,03-08-2025,P0218,Product P0218,5,105.76,North
INV00002328,C00421,03-08-2025,P0172,Product P0172,5,93.39,East
INV00001472,C01746,03-08-2025,P0286,Product P0286,3,141.79,West
INV00004337,C01893,03-08-2025,P0148,Product P0148,4,143.83,North
INV00000188,C00953,03-08-2025,P0110,Product P0110,4,148.31,East
INV00001839,C00556,03-08-2025,P0073,Product P0073,1,65.11,South
INV00003713,C02018,03-08-2025,P0239,Product P0239,4,11.65,East
INV00009431,C00160,03-08-2025,P0196,Product P0196,4,91.64,East
INV00009916,C00608,03-08-2025,P0041,Product P0041,2,103.45,South
INV00004537,C00203,03-08-2025,P0110,Product P0110,2,141.8,East
INV00008576,C00541,03-08-2025,P0169,Product P0169,1,151.2,West
INV00008732,C00296,04-08-2025,P0079,Product P0079,4,40.73,West
INV00005338,C01438,04-08-2025,P0190,Product P0190,3,31.7,West
INV00008500,C02001,04-08-2025,P0249,Product P0249,3,124.75,South
INV00009230,C00808,04-08-2025,P0016,Product P0016,5,128.6,East
INV00006938,C00776,04-08-2025,P0157,Product P0157,1,30.93,West
INV00005686,C01096,04-08-2025,P0021,Product P0021,5,63.36,North
INV00007404,C00611,04-08-2025,P0165,Product P0165,2,115.75,South
INV00002662,C01938,04-08-2025,P0132,Product P0132,4,39.69,South
INV00000366,C01298,05-08-2025,P0001,Product P0001,2,161.98,East
INV00000649,C02402,05-08-2025,P0104,Product P0104,2,110.59,East
INV00002793,C01806,05-08-2025,P0139,Product P0139,5,57.08,North
INV00005249,C02252,05-08-2025,P0297,Product P0297,2,15.52,South
INV00003588,C01723,05-08-2025,P0175,Product P0175,1,11.84,North
INV00002746,C01013,05-08-2025,P0292,Product P0292,1,115.92,South
INV00002718,C01726,05-08-2025,P0153,Product P0153,2,103.27,East
INV00000400,C00776,05-08-2025,P0163,Product P0163,5,51.49,East
INV00000934,C01624,05-08-2025,P0239,Product P0239,2,172.2,South
INV00004592,C00099,05-08-2025,P0296,Product P0296,4,179.86,South
INV00007710,C01510,05-08-2025,P0165,Product P0165,1,51.2,North
INV00002653,C02471,05-08-2025,P0255,Product P0255,1,19.98,East
INV00008501,C00687,05-08-2025,P0069,Product P0069,1,68.68,East
INV00001326,C00469,05-08-2025,P0159,Product P0159,5,91.7,South
INV00004899,C01893,05-08-2025,P0103,Product P0103,5,15.02,East
INV00005045,C02021,05-08-2025,P0011,Product P0011,3,68.04,North
INV00001946,C00298,05-08-2025,P0161,Product P0161,5,152.92,West
INV00000919,C00637,05-08-2025,P0041,Product P0041,4,31.37,West
INV00002456,C01191,06-08-2025,P0094,Product P0094,4,166.21,West
INV00006955,C01073,06-08-2025,P0137,Product P0137,2,24.18,West
INV00000674,C00238,06-08-2025,P0209,Product P0209,4,98.48,West
INV00006962,C01106,06-08-2025,P0006,Product P0006,2,170.89,East
INV00006744,C00091,06-08-2025,P0165,Product P0165,3,143.7,East
INV00001141,C02203,06-08-2025,P0019,Product P0019,3,101.18,North
INV00007452,C01999,06-08-2025,P0278,Product P0278,5,66.48,East
INV00001193,C00426,06-08-2025,P0204,Product P0204,5,178.08,South
INV00009843,C01646,06-08-2025,P0193,Product P0193,5,98.02,East
INV00000515,C02398,06-08-2025,P0106,Product P0106,2,33.1,North
INV00007873,C01122,06-08-2025,P0283,Product P0283,3,163.16,West
INV00000996,C01566,06-08-2025,P0092,Product P0092,4,105.95,North
INV00003351,C00398,07-08-2025,P0014,Product P0014,3,75.81,South
INV00006351,C00853,07-08-2025,P0291,Product P0291,1,20.47,West
INV00005318,C00265,07-08-2025,P0043,Product P0043,5,108.86,South
INV00002896,C01344,07-08-2025,P0141,Product P0141,2,170.23,East
INV00005335,C01519,07-08-2025,P0142,Product P0142,3,23.62,South
INV00009958,C02030,07-08-2025,P0032,Product P0032,5,66.33,North
INV00008268,C01276,07-08-2025,P0177,Product P0177,3,99.28,North
INV00003720,C00658,07-08-2025,P0034,Product P0034,3,32.56,South
INV00009172,C01923,08-08-2025,P0257,Product P0257,2,71.6,West
INV00008863,C02012,08-08-2025,P0215,Product P0215,4,154.85,North
INV00006766,C02306,08-08-2025,P0033,Product P0033,2,75.53,East
INV00007080,C00759,08-08-2025,P0078,Product P0078,5,147.61,West
INV00000114,C01148,08-08-2025,P0165,Product P0165,1,164.7,East
INV00003290,C00464,08-08-2025,P0189,Product P0189,3,156.29,West
INV00003344,C01548,08-08-2025,P0097,Product P0097,4,109.71,East
INV00009457,C00149,08-08-2025,P0106,Product P0106,4,148.96,South
INV00002522,C00111,08-08-2025,P0266,Product P0266,3,92.12,South
INV00003501,C00153,08-08-2025,P0056,Product P0056,1,68.05,North
INV00004204,C00327,08-08-2025,P0077,Product P0077,3,114.98,South
INV00000696,C00634,08-08-2025,P0225,Product P0225,3,137.11,North
INV00005267,C01359,08-08-2025,P0188,Product P0188,5,17.88,South
INV00006240,C00683,08-08-2025,P0218,Product P0218,4,173.76,South
INV00009074,C01666,08-08-2025,P0258,Product P0258,2,138.22,East
INV00001594,C00048,08-08-2025,P0156,Product P0156,1,43.87,East
INV00003074,C01956,09-08-2025,P0037,Product P0037,3,72.53,North
INV00006530,C00847,09-08-2025,P0200,Product P0200,1,107.27,West
INV00001543,C00223,09-08-2025,P0048,Product P0048,3,64.59,East
INV00005264,C01242,09-08-2025,P0211,Product P0211,4,153.58,North
INV00006726,C01463,09-08-2025,P0146,Product P0146,2,6.45,East
INV00001283,C00984,09-08-2025,P0038,Product P0038,3,58.76,West
INV00004077,C02450,09-08-2025,P0079,Product P0079,4,81.25,North
INV00006875,C01109,09-08-2025,P0120,Product P0120,5,38.63,North
INV00005803,C01094,09-08-2025,P0211,Product P0211,1,167.6,North
INV00008365,C02204,09-08-2025,P0184,Product P0184,3,133.3,South
INV00009255,C02175,09-08-2025,P0005,Product P0005,5,97.36,North
INV00008763,C01942,09-08-2025,P0108,Product P0108,5,106.87,South
INV00003716,C00718,09-08-2025,P0099,Product P0099,3,160.98,South
INV00009040,C00614,10-08-2025,P0042,Product P0042,4,46.84,East
INV00007075,C01782,10-08-2025,P0075,Product P0075,1,131.1,South
INV00001666,C00991,10-08-2025,P0100,Product P0100,2,24.7,South
INV00005730,C01038,10-08-2025,P0224,Product P0224,4,88.31,South
INV00002265,C00265,10-08-2025,P0094,Product P0094,3,134.26,East
INV00002352,C01876,10-08-2025,P0298,Product P0298,3,100.86,North
INV00005476,C01325,10-08-2025,P0133,Product P0133,5,135.09,East
INV00000068,C00927,10-08-2025,P0158,Product P0158,1,147.04,North
INV00002413,C02328,10-08-2025,P0117,Product P0117,1,5.52,West
INV00005941,C00639,10-08-2025,P0116,Product P0116,4,145.84,East
INV00005059,C00638,11-08-2025,P0271,Product P0271,4,121.64,North
INV00000257,C01695,11-08-2025,P0235,Product P0235,4,129.34,North
INV00004941,C01818,11-08-2025,P0102,Product P0102,1,179.4,North
INV00002606,C01889,11-08-2025,P0157,Product P0157,5,93.68,North
INV00007024,C01769,11-08-2025,P0159,Product P0159,2,172.4,West
INV00007698,C00591,11-08-2025,P0240,Product P0240,5,13.43,East
INV00007855,C01869,11-08-2025,P0218,Product P0218,3,77.41,South
INV00008835,C02347,11-08-2025,P0133,Product P0133,2,100.33,North
INV00004359,C01674,11-08-2025,P0177,Product P0177,3,141.86,East
INV00009777,C02108,11-08-2025,P0231,Product P0231,3,35.91,East
INV00008127,C01123,11-08-2025,P0055,Product P0055,3,60.92,West
INV00001191,C01039,12-08-2025,P0073,Product P0073,1,52.86,South
INV00000639,C01982,12-08-2025,P0230,Product P0230,1,80.06,North
INV00004826,C01043,12-08-2025,P0029,Product P0029,5,106.79,North
INV00007012,C01418,12-08-2025,P0084,Product P0084,4,88.32,South
INV00007625,C02197,12-08-2025,P0104,Product P0104,5,48.93,West
INV00001263,C01112,12-08-2025,P0218,Product P0218,5,172.83,South
INV00007278,C02012,12-08-2025,P0162,Product P0162,5,149.73,East
INV00005673,C02384,12-08-2025,P0077,Product P0077,3,178.93,West
INV00003471,C00559,12-08-2025,P0184,Product P0184,5,82.06,South
INV00009408,C00934,12-08-2025,P0084,Product P0084,1,19.89,East
INV00006943,C01259,12-08-2025,P0069,Product P0069,5,77.2,North
INV00004061,C00363,13-08-2025,P0244,Product P0244,3,82.66,West
INV00009282,C00502,13-08-2025,P0218,Product P0218,4,58.3,South
INV00004816,C00744,13-08-2025,P0173,Product P0173,2,38.57,West
INV00005533,C01264,13-08-2025,P0252,Product P0252,1,72.77,West
INV00003273,C01632,13-08-2025,P0147,Product P0147,1,29.73,South
INV00009051,C00077,13-08-2025,P0280,Product P0280,3,50.07,West
INV00009316,C00269,13-08-2025,P0015,Product P0015,2,166.06,North
INV00008572,C00391,13-08-2025,P0031,Product P0031,1,152.69,East
INV00007926,C01737,13-08-2025,P0212,Product P0212,5,68.66,East
INV00009860,C00717,13-08-2025,P0153,Product P0153,3,45.24,North
INV00004875,C00477,13-08-2025,P0143,Product P0143,4,22.38,West
INV00002288,C02054,14-08-2025,P0193,Product P0193,1,123.51,East
INV00008661,C02354,14-08-2025,P0015,Product P0015,3,175.68,West
INV00005736,C01393,14-08-2025,P0056,Product P0056,4,119.6,East
INV00002639,C00378,14-08-2025,P0193,Product P0193,5,172.88,East
INV00001107,C00611,14-08-2025,P0186,Product P0186,1,31.17,South
INV00005317,C01344,14-08-2025,P0051,Product P0051,3,160.53,North
INV00007490,C00226,14-08-2025,P0171,Product P0171,3,139.41,North
INV00002804,C00158,14-08-2025,P0063,Product P0063,3,134.05,South
INV00008482,C01958,14-08-2025,P0089,Product P0089,1,159.31,West
INV00006671,C00469,14-08-2025,P0086,Product P0086,3,67.01,East
INV00004804,C01981,14-08-2025,P0077,Product P0077,4,124.33,East
INV00000063,C00917,15-08-2025,P0256,Product P0256,2,100.11,North
INV00003749,C02299,15-08-2025,P0043,Product P0043,4,23.35,West
INV00007406,C01436,15-08-2025,P0064,Product P0064,1,137.56,West
INV00002648,C01967,15-08-2025,P0033,Product P0033,5,62.86,East
INV00000602,C01948,15-08-2025,P0167,Product P0167,2,42.42,North
INV00003238,C02486,15-08-2025,P0074,Product P0074,2,117.04,West
INV00002877,C01661,15-08-2025,P0262,Product P0262,2,17.04,South
INV00000162,C01661,15-08-2025,P0053,Product P0053,3,48.34,West
INV00003284,C00245,15-08-2025,P0246,Product P0246,1,71.21,North
INV00009557,C01884,15-08-2025,P0246,Product P0246,2,25.68,West
INV00004616,C01078,16-08-2025,P0237,Product P0237,5,52.84,East
INV00003835,C00353,16-08-2025,P0014,Product P0014,4,38.96,West
INV00004835,C02442,16-08-2025,P0035,Product P0035,5,145.8,West
INV00004822,C01705,16-08-2025,P0230,Product P0230,4,34.45,South
INV00004541,C01496,16-08-2025,P0080,Product P0080,4,10.56,West
INV00009355,C01023,16-08-2025,P0075,Product P0075,3,175.29,West
INV00005737,C00750,16-08-2025,P0253,Product P0253,3,124.19,South
INV00007281,C01614,16-08-2025,P0040,Product P0040,1,138.72,South
INV00009460,C01026,16-08-2025,P0282,Product P0282,3,128.61,East
INV00007345,C01849,16-08-2025,P0182,Product P0182,3,46.84,North
INV00002223,C00067,17-08-2025,P0155,Product P0155,4,46.7,East
INV00002400,C01837,17-08-2025,P0297,Product P0297,1,23.12,West
INV00000105,C01993,17-08-2025,P0147,Product P0147,2,79.56,South
INV00006145,C00173,17-08-2025,P0293,Product P0293,4,144.9,East
INV00001674,C01897,17-08-2025,P0263,Product P0263,2,69.22,East
INV00001485,C01037,17-08-2025,P0260,Product P0260,3,174.77,North
INV00007115,C01341,17-08-2025,P0263,Product P0263,1,122.65,North
INV00007942,C02385,17-08-2025,P0260,Product P0260,5,9.94,West
INV00009454,C02011,18-08-2025,P0073,Product P0073,3,35.1,North
INV00008925,C00896,18-08-2025,P0034,Product P0034,5,68.23,East
INV00009808,C02196,18-08-2025,P0151,Product P0151,2,41.49,East
INV00008712,C01729,18-08-2025,P0094,Product P0094,4,65.99,West
INV00001887,C01627,18-08-2025,P0113,Product P0113,3,124.97,South
INV00001199,C02007,18-08-2025,P0151,Product P0151,2,37.04,West
INV00009883,C00956,18-08-2025,P0242,Product P0242,1,140.7,East
INV00003288,C00502,18-08-2025,P0102,Product P0102,4,149.11,East
INV00000008,C01744,18-08-2025,P0050,Product P0050,1,171.85,West
INV00005482,C00233,18-08-2025,P0153,Product P0153,5,61.52,South
INV00006257,C01561,18-08-2025,P0064,Product P0064,1,14.32,East
INV00005444,C02019,18-08-2025,P0260,Product P0260,1,100.37,West
INV00002501,C01749,18-08-2025,P0053,Product P0053,3,84.39,South
INV00007373,C01487,19-08-2025,P0122,Product P0122,5,87.79,South
INV00006523,C00397,19-08-2025,P0014,Product P0014,4,84.82,West
INV00007990,C00595,19-08-2025,P0129,Product P0129,2,64.36,South
INV00005407,C01827,19-08-2025,P0278,Product P0278,3,106.93,North
INV00007788,C01308,19-08-2025,P0074,Product P0074,3,71.4,East
INV00009293,C01730,19-08-2025,P0153,Product P0153,1,43.37,East
INV00006562,C01662,19-08-2025,P0142,Product P0142,2,148.97,West
INV00008220,C01297,19-08-2025,P0115,Product P0115,4,58.34,West
INV00002299,C00555,19-08-2025,P0246,Product P0246,3,52.88,South
INV00004900,C01463,19-08-2025,P0147,Product P0147,3,55.4,West
INV00004136,C02428,20-08-2025,P0285,Product P0285,5,143.57,South
INV00000130,C01587,20-08-2025,P0277,Product P0277,3,78.35,East
INV00000408,C00360,20-08-2025,P0138,Product P0138,3,34.38,West
INV00002632,C01702,20-08-2025,P0152,Product P0152,2,149.42,South
INV00002603,C01952,20-08-2025,P0281,Product P0281,3,35.64,East
INV00009497,C00988,20-08-2025,P0125,Product P0125,3,46.29,North
INV00006398,C00386,20-08-2025,P0135,Product P0135,1,59.39,North
INV00008315,C00093,20-08-2025,P0049,Product P0049,4,154.44,West
INV00008762,C01305,20-08-2025,P0140,Product P0140,3,62.25,West
INV00006144,C02411,20-08-2025,P0161,Product P0161,1,75.8,North
INV00002907,C01563,20-08-2025,P0132,Product P0132,2,114.82,West
INV00001908,C00404,20-08-2025,P0014,Product P0014,4,161.32,North
INV00000469,C00454,20-08-2025,P0229,Product P0229,5,26.93,North
INV00004078,C01504,20-08-2025,P0267,Product P0267,4,133.2,West
INV00003777,C01332,20-08-2025,P0239,Product P0239,2,30.01,South
INV00006735,C00823,20-08-2025,P0093,Product P0093,2,156.83,North
INV00005619,C02259,20-08-2025,P0292,Product P0292,5,158.25,West
INV00009534,C01648,21-08-2025,P0076,Product P0076,1,168.34,West
INV00003310,C02360,21-08-2025,P0157,Product P0157,2,47.71,West
INV00009275,C00166,21-08-2025,P0202,Product P0202,3,92.95,South
INV00005005,C01932,21-08-2025,P0172,Product P0172,1,109.4,North
INV00001933,C02086,21-08-2025,P0023,Product P0023,3,64.2,West
INV00005044,C01409,21-08-2025,P0106,Product P0106,3,23.37,North
INV00005574,C01718,22-08-2025,P0208,Product P0208,4,142.76,South
INV00003461,C01041,22-08-2025,P0200,Product P0200,3,52.18,South
INV00006099,C01974,22-08-2025,P0149,Product P0149,2,161.41,South
INV00002769,C01197,22-08-2025,P0184,Product P0184,2,52.67,North
INV00003782,C00570,22-08-2025,P0187,Product P0187,3,172.23,North
INV00001914,C01944,22-08-2025,P0164,Product P0164,5,139.35,North
INV00001884,C02117,22-08-2025,P0179,Product P0179,5,54.67,West
INV00001261,C00666,22-08-2025,P0072,Product P0072,4,18.55,South
INV00003763,C01440,22-08-2025,P0264,Product P0264,5,134.17,East
INV00006674,C01312,23-08-2025,P0249,Product P0249,1,29.2,East
INV00002534,C00426,23-08-2025,P0023,Product P0023,3,46.8,North
INV00007463,C00530,23-08-2025,P0007,Product P0007,2,95.56,South
INV00004892,C01429,23-08-2025,P0197,Product P0197,1,136.69,West
INV00003706,C01251,23-08-2025,P0213,Product P0213,2,79.75,West
INV00000038,C02070,23-08-2025,P0181,Product P0181,2,14.26,West
INV00005828,C01684,23-08-2025,P0263,Product P0263,5,148.48,West
INV00008122,C02418,23-08-2025,P0258,Product P0258,1,66.97,East
INV00003098,C00785,23-08-2025,P0217,Product P0217,2,98.84,South
INV00001317,C01775,23-08-2025,P0048,Product P0048,4,127.88,West
INV00005685,C01360,24-08-2025,P0215,Product P0215,3,16.72,South
INV00007339,C00269,24-08-2025,P0074,Product P0074,1,43.94,West
INV00009273,C02133,24-08-2025,P0300,Product P0300,5,30.57,West
INV00001050,C00300,24-08-2025,P0085,Product P0085,5,140.09,South
INV00004956,C00483,24-08-2025,P0083,Product P0083,3,171.69,East
INV00006355,C01846,24-08-2025,P0072,Product P0072,5,11.02,West
INV00003274,C01009,24-08-2025,P0037,Product P0037,4,71.71,East
INV00001625,C01384,24-08-2025,P0194,Product P0194,4,5.68,North
INV00008130,C00297,24-08-2025,P0059,Product P0059,3,55.2,East
INV00000341,C01588,24-08-2025,P0193,Product P0193,3,41.21,West
INV00006657,C02219,24-08-2025,P0197,Product P0197,5,26.31,North
INV00001638,C01555,24-08-2025,P0106,Product P0106,2,146.43,West
INV00001181,C01520,24-08-2025,P0124,Product P0124,4,166.45,East
INV00009851,C00476,25-08-2025,P0047,Product P0047,1,151.32,North
INV00009852,C00854,25-08-2025,P0292,Product P0292,4,91.31,South
INV00001633,C00228,25-08-2025,P0075,Product P0075,4,7.99,West
INV00004319,C02130,25-08-2025,P0038,Product P0038,1,110.67,West
INV00005913,C01722,25-08-2025,P0113,Product P0113,1,86.08,East
INV00006203,C00554,25-08-2025,P0221,Product P0221,4,143,West
INV00000904,C02211,25-08-2025,P0173,Product P0173,5,170.99,South
INV00000641,C01678,25-08-2025,P0149,Product P0149,5,10.79,East
INV00003738,C01322,25-08-2025,P0195,Product P0195,1,125.81,East
INV00007518,C02320,25-08-2025,P0118,Product P0118,1,86.83,West
INV00002175,C00583,25-08-2025,P0033,Product P0033,3,69.97,North
INV00008984,C02127,25-08-2025,P0285,Product P0285,4,168.46,West
INV00007245,C01821,25-08-2025,P0039,Product P0039,5,147.23,East
INV00006064,C00162,25-08-2025,P0110,Product P0110,2,104.51,North
INV00001082,C02473,25-08-2025,P0289,Product P0289,5,127.45,East
INV00008990,C00679,25-08-2025,P0025,Product P0025,2,136.4,East
INV00005678,C00930,26-08-2025,P0223,Product P0223,3,117.55,West
INV00006566,C00690,26-08-2025,P0119,Product P0119,5,112.24,West
INV00008286,C00084,26-08-2025,P0069,Product P0069,4,35.04,South
INV00008753,C01065,26-08-2025,P0167,Product P0167,5,165,West
INV00000299,C00712,26-08-2025,P0231,Product P0231,4,18.29,North
INV00007737,C00414,26-08-2025,P0142,Product P0142,4,50.83,West
INV00006870,C00190,26-08-2025,P0229,Product P0229,5,92.02,East
INV00005402,C01722,26-08-2025,P0049,Product P0049,3,110.92,West
INV00003840,C02383,26-08-2025,P0179,Product P0179,3,97.24,East
INV00003795,C02230,26-08-2025,P0176,Product P0176,4,53.34,South
INV00004768,C00022,26-08-2025,P0019,Product P0019,2,62.17,West
INV00004283,C00425,26-08-2025,P0101,Product P0101,3,136.68,South
INV00001094,C00982,26-08-2025,P0292,Product P0292,3,10.19,South
INV00003709,C01231,26-08-2025,P0099,Product P0099,1,160.78,North
INV00008145,C01506,26-08-2025,P0204,Product P0204,4,149.74,West
INV00007451,C01946,26-08-2025,P0133,Product P0133,2,44.11,South
INV00006903,C02032,26-08-2025,P0178,Product P0178,3,136.83,West
INV00003333,C00621,27-08-2025,P0238,Product P0238,5,65.72,West
INV00007536,C00843,27-08-2025,P0296,Product P0296,2,81.57,East
INV00009760,C00909,27-08-2025,P0107,Product P0107,4,124.59,South
INV00008698,C01299,27-08-2025,P0210,Product P0210,5,134.04,West
INV00009380,C01822,27-08-2025,P0046,Product P0046,5,76.51,North
INV00007718,C01766,27-08-2025,P0076,Product P0076,3,85.79,West
INV00003546,C01578,27-08-2025,P0140,Product P0140,2,117.06,East
INV00006666,C00066,27-08-2025,P0025,Product P0025,3,37.87,South
INV00002700,C00296,27-08-2025,P0207,Product P0207,5,88.23,West
INV00007350,C01977,27-08-2025,P0039,Product P0039,3,127.54,South
INV00005618,C00460,27-08-2025,P0284,Product P0284,5,168.81,North
INV00008883,C00688,27-08-2025,P0054,Product P0054,5,27.76,East
INV00007991,C00606,27-08-2025,P0247,Product P0247,4,96.74,North
INV00003095,C02275,27-08-2025,P0016,Product P0016,4,76.17,South
INV00006767,C01663,27-08-2025,P0252,Product P0252,4,66.94,East
INV00005677,C01308,27-08-2025,P0102,Product P0102,4,164.93,West
INV00004696,C02089,27-08-2025,P0144,Product P0144,1,53.63,East
INV00006775,C02348,27-08-2025,P0094,Product P0094,5,80.03,North
INV00002571,C02006,27-08-2025,P0059,Product P0059,4,87,West
INV00001836,C00345,27-08-2025,P0234,Product P0234,4,89.7,North
INV00007244,C00694,28-08-2025,P0181,Product P0181,3,43.48,North
INV00007311,C02182,28-08-2025,P0091,Product P0091,3,124.17,East
INV00007116,C02315,28-08-2025,P0222,Product P0222,5,44.97,West
INV00006358,C00011,28-08-2025,P0162,Product P0162,2,126.56,South
INV00009679,C02056,28-08-2025,P0154,Product P0154,1,32.95,North
INV00000452,C02313,28-08-2025,P0133,Product P0133,4,120.36,North
INV00001339,C01939,28-08-2025,P0208,Product P0208,4,92.4,East
INV00006573,C00077,28-08-2025,P0044,Product P0044,1,138.95,East
INV00000735,C00521,28-08-2025,P0117,Product P0117,2,151.46,North
INV00002344,C01845,28-08-2025,P0128,Product P0128,4,106.87,West
INV00001960,C00469,28-08-2025,P0200,Product P0200,3,34.91,West
INV00007086,C02215,28-08-2025,P0095,Product P0095,1,85.71,South
INV00000805,C01846,28-08-2025,P0188,Product P0188,4,133.76,East
INV00004809,C00975,28-08-2025,P0067,Product P0067,4,26.27,North
INV00005159,C00345,28-08-2025,P0245,Product P0245,1,62.07,East
INV00005998,C02449,28-08-2025,P0070,Product P0070,5,141.55,South
INV00001194,C01758,28-08-2025,P0275,Product P0275,2,141.55,North
INV00001737,C01258,28-08-2025,P0038,Product P0038,2,127.49,East
INV00009080,C00916,29-08-2025,P0027,Product P0027,4,95.79,East
INV00008966,C01977,29-08-2025,P0300,Product P0300,5,126.02,West
INV00008882,C00103,29-08-2025,P0169,Product P0169,2,24.91,East
INV00000001,C00224,29-08-2025,P0102,Product P0102,1,65.5,West
INV00006157,C00219,29-08-2025,P0156,Product P0156,5,50.7,South
INV00000591,C02002,29-08-2025,P0297,Product P0297,3,98.03,West
INV00006698,C01935,29-08-2025,P0007,Product P0007,4,44.96,East
INV00006598,C01199,29-08-2025,P0001,Product P0001,3,76.64,West
INV00007691,C02224,29-08-2025,P0006,Product P0006,2,128.75,North
INV00002355,C00773,29-08-2025,P0178,Product P0178,5,112.2,East
INV00006820,C00253,29-08-2025,P0205,Product P0205,1,178.32,South
INV00006468,C00250,29-08-2025,P0183,Product P0183,4,153.23,West
INV00004052,C00986,29-08-2025,P0157,Product P0157,4,32.67,South
INV00006947,C01171,29-08-2025,P0238,Product P0238,5,176.63,East
INV00006995,C01871,30-08-2025,P0044,Product P0044,3,174.67,North
INV00004392,C02040,30-08-2025,P0287,Product P0287,1,27.5,West
INV00005088,C00625,30-08-2025,P0293,Product P0293,3,33.31,East
INV00009654,C00448,30-08-2025,P0273,Product P0273,5,86.81,North
INV00009104,C01709,30-08-2025,P0035,Product P0035,1,76.17,North
INV00009082,C00122,30-08-2025,P0296,Product P0296,4,162.66,West
INV00007750,C02498,30-08-2025,P0007,Product P0007,3,41.5,West
INV00005547,C00386,30-08-2025,P0204,Product P0204,2,110.61,East
INV00000036,C00160,30-08-2025,P0147,Product P0147,4,6.03,East
INV00005048,C01566,30-08-2025,P0051,Product P0051,2,29.7,West
INV00009402,C02444,30-08-2025,P0020,Product P0020,5,8.2,South
INV00001458,C01138,30-08-2025,P0272,Product P0272,4,161.31,East
INV00005133,C01192,31-08-2025,P0282,Product P0282,1,150.46,South
INV00000747,C01331,31-08-2025,P0178,Product P0178,1,97.91,West
INV00004240,C00601,31-08-2025,P0196,Product P0196,2,113.86,South
INV00004407,C00647,31-08-2025,P0162,Product P0162,3,149.05,West
INV00001103,C02298,31-08-2025,P0292,Product P0292,1,58.46,South
INV00009562,C00772,31-08-2025,P0055,Product P0055,3,45.96,West
INV00001165,C01293,31-08-2025,P0179,Product P0179,3,19.53,East
INV00008023,C02490,31-08-2025,P0255,Product P0255,2,128.47,South
INV00007510,C01162,31-08-2025,P0042,Product P0042,2,138.6,North
INV00003153,C00492,31-08-2025,P0060,Product P0060,4,13.61,West
INV00001771,C00846,31-08-2025,P0115,Product P0115,5,179.67,East
INV00007501,C02145,31-08-2025,P0156,Product P0156,5,98.13,West
INV00005655,C00613,31-08-2025,P0133,Product P0133,5,94.02,East
INV00004123,C02464,31-08-2025,P0261,Product P0261,1,177.14,West
INV00001881,C00963,31-08-2025,P0069,Product P0069,1,42.34,North
INV00008865,C02002,31-08-2025,P0229,Product P0229,3,177.12,East
INV00001870,C01931,31-08-2025,P0081,Product P0081,2,117.47,East
INV00006160,C00669,31-08-2025,P0297,Product P0297,5,47.07,North
INV00000372,C01655,31-08-2025,P0260,Product P0260,1,13.96,North
INV00007660,C01561,31-08-2025,P0286,Product P0286,1,145.54,East
INV00004083,C01925,31-08-2025,P0006,Product P0006,4,132.82,North
INV00003955,C01483,31-08-2025,P0262,Product P0262,5,123.26,North
INV00006296,C01780,31-08-2025,P0062,Product P0062,1,123.48,North
INV00006625,C01328,31-08-2025,P0098,Product P0098,3,166.25,East
INV00008451,C01416,01-09-2025,P0294,Product P0294,4,127.05,West
INV00007226,C01538,01-09-2025,P0193,Product P0193,4,53.11,North
INV00003972,C02317,01-09-2025,P0189,Product P0189,2,29.93,West
INV00004580,C00731,01-09-2025,P0057,Product P0057,2,55.67,East
INV00003717,C00875,01-09-2025,P0180,Product P0180,2,92.44,North
INV00005147,C01190,01-09-2025,P0065,Product P0065,1,115.86,West
INV00004730,C01664,01-09-2025,P0056,Product P0056,5,133.65,South
INV00000852,C02004,01-09-2025,P0194,Product P0194,3,50.13,South
INV00007692,C01271,02-09-2025,P0180,Product P0180,1,124.11,West
INV00007049,C01999,02-09-2025,P0109,Product P0109,5,135.15,North
INV00007310,C00795,02-09-2025,P0104,Product P0104,2,118.91,East
INV00009181,C02130,02-09-2025,P0226,Product P0226,4,177.32,East
INV00005440,C01392,02-09-2025,P0132,Product P0132,2,8.47,West
INV00000806,C01954,02-09-2025,P0116,Product P0116,3,146.18,South
INV00009366,C01901,02-09-2025,P0288,Product P0288,5,24.74,West
INV00000947,C02434,02-09-2025,P0236,Product P0236,4,6.54,South
INV00009331,C00261,02-09-2025,P0258,Product P0258,4,18.61,West
INV00003576,C01716,02-09-2025,P0216,Product P0216,2,94.13,East
INV00002291,C00987,02-09-2025,P0207,Product P0207,3,114.63,South
INV00009168,C02454,02-09-2025,P0248,Product P0248,4,131.28,South
INV00000238,C01081,03-09-2025,P0017,Product P0017,3,113.81,North
INV00009134,C01888,03-09-2025,P0074,Product P0074,4,11.77,East
INV00005527,C01469,03-09-2025,P0204,Product P0204,5,152.78,East
INV00008014,C01239,03-09-2025,P0036,Product P0036,5,131.33,South
INV00005244,C02399,03-09-2025,P0223,Product P0223,4,115.18,West
INV00003693,C00489,03-09-2025,P0181,Product P0181,5,121.71,North
INV00006752,C01061,03-09-2025,P0173,Product P0173,5,91.48,North
INV00007180,C00732,03-09-2025,P0192,Product P0192,3,107.24,West
INV00008137,C02042,03-09-2025,P0215,Product P0215,2,130.96,South
INV00001153,C01078,03-09-2025,P0033,Product P0033,3,70.79,South
INV00008896,C01224,04-09-2025,P0158,Product P0158,4,93.93,East
INV00005121,C02040,04-09-2025,P0265,Product P0265,3,154.66,West
INV00002414,C01504,04-09-2025,P0119,Product P0119,3,47.41,South
INV00004107,C00258,04-09-2025,P0297,Product P0297,1,120.59,North
INV00006080,C01589,04-09-2025,P0252,Product P0252,5,92.96,South
INV00004390,C01495,04-09-2025,P0239,Product P0239,2,59.08,North
INV00007304,C00526,04-09-2025,P0285,Product P0285,2,88.67,West
INV00003583,C00517,04-09-2025,P0237,Product P0237,5,45.08,North
INV00001228,C02462,04-09-2025,P0196,Product P0196,1,161.48,North
INV00000246,C00212,04-09-2025,P0130,Product P0130,1,173.51,West
INV00006871,C00378,04-09-2025,P0196,Product P0196,1,144.76,East
INV00000620,C00350,04-09-2025,P0085,Product P0085,1,58,North
INV00006458,C01621,04-09-2025,P0285,Product P0285,1,176.91,West
INV00004584,C01771,04-09-2025,P0081,Product P0081,4,52.73,West
INV00006609,C00213,04-09-2025,P0229,Product P0229,1,87.1,South
INV00001180,C00063,04-09-2025,P0185,Product P0185,3,168.34,East
INV00001411,C00152,04-09-2025,P0027,Product P0027,1,31.5,South
INV00009594,C00469,04-09-2025,P0006,Product P0006,3,162.6,East
INV00001381,C02452,04-09-2025,P0076,Product P0076,4,179.79,South
INV00004858,C01580,05-09-2025,P0180,Product P0180,5,136.15,South
INV00009603,C00395,05-09-2025,P0163,Product P0163,1,103.16,North
INV00008809,C01934,05-09-2025,P0233,Product P0233,2,18.52,North
INV00007351,C01961,05-09-2025,P0142,Product P0142,5,31.12,West
INV00007349,C02312,05-09-2025,P0111,Product P0111,2,157.23,West
INV00008059,C01620,05-09-2025,P0190,Product P0190,1,26.91,North
INV00003146,C01381,05-09-2025,P0194,Product P0194,2,53.48,West
INV00004946,C01809,05-09-2025,P0107,Product P0107,2,119.11,West
INV00006322,C02456,05-09-2025,P0118,Product P0118,1,79.7,West
INV00005978,C00401,05-09-2025,P0200,Product P0200,4,111.23,North
INV00005478,C01767,05-09-2025,P0028,Product P0028,2,119.29,North
INV00007265,C01293,05-09-2025,P0114,Product P0114,2,120.99,North
INV00008573,C02261,05-09-2025,P0182,Product P0182,3,138.59,West
INV00006801,C02129,05-09-2025,P0130,Product P0130,1,101.59,South
INV00006629,C01092,05-09-2025,P0297,Product P0297,3,97.61,North
INV00006917,C00077,05-09-2025,P0163,Product P0163,5,91.52,South
INV00000205,C01144,05-09-2025,P0203,Product P0203,3,42.69,East
INV00000985,C01468,06-09-2025,P0266,Product P0266,2,50.51,North
INV00006754,C00026,06-09-2025,P0217,Product P0217,2,10.83,East
INV00006544,C01487,06-09-2025,P0048,Product P0048,4,18.8,West
INV00001566,C01137,06-09-2025,P0140,Product P0140,2,123.58,North
INV00008666,C00170,06-09-2025,P0114,Product P0114,1,99.04,East
INV00000773,C00013,06-09-2025,P0199,Product P0199,1,122.97,North
INV00006482,C02246,06-09-2025,P0018,Product P0018,1,140.87,South
INV00007152,C00968,06-09-2025,P0158,Product P0158,5,152.12,East
INV00003232,C00533,06-09-2025,P0038,Product P0038,1,63.87,West
INV00001300,C00075,06-09-2025,P0055,Product P0055,2,75.77,North
INV00008227,C01525,06-09-2025,P0238,Product P0238,3,50.16,West
INV00004348,C00380,06-09-2025,P0195,Product P0195,3,14,South
INV00005837,C02194,06-09-2025,P0245,Product P0245,5,144.04,East
INV00008900,C00051,06-09-2025,P0105,Product P0105,4,25.77,West
INV00004417,C01178,07-09-2025,P0270,Product P0270,3,88.08,West
INV00008559,C01469,07-09-2025,P0295,Product P0295,4,15.15,South
INV00003813,C01688,07-09-2025,P0081,Product P0081,2,163.01,North
INV00002510,C00305,07-09-2025,P0274,Product P0274,3,20.52,North
INV00001234,C01875,07-09-2025,P0133,Product P0133,2,79.19,West
INV00008322,C01310,07-09-2025,P0098,Product P0098,3,49.1,North
INV00001002,C01842,07-09-2025,P0052,Product P0052,2,68.67,West
INV00007562,C00213,07-09-2025,P0179,Product P0179,2,89.6,North
INV00005471,C01484,07-09-2025,P0160,Product P0160,5,133.66,North
INV00001398,C01634,07-09-2025,P0257,Product P0257,5,106.76,West
INV00009374,C00714,07-09-2025,P0258,Product P0258,2,26.5,West
INV00000865,C02116,07-09-2025,P0244,Product P0244,4,119.21,South
INV00000584,C00130,07-09-2025,P0135,Product P0135,4,23.51,North
INV00000076,C01190,07-09-2025,P0058,Product P0058,4,114.28,East
INV00009751,C00730,07-09-2025,P0107,Product P0107,1,48.32,West
INV00008717,C01750,08-09-2025,P0171,Product P0171,1,34.49,West
INV00009885,C00613,08-09-2025,P0177,Product P0177,1,158.85,East
INV00000334,C02075,08-09-2025,P0110,Product P0110,5,103.78,South
INV00007173,C02481,08-09-2025,P0145,Product P0145,3,163.59,South
INV00003381,C02081,08-09-2025,P0177,Product P0177,4,28.89,East
INV00000218,C00241,08-09-2025,P0153,Product P0153,5,140.25,East
INV00005947,C00654,08-09-2025,P0215,Product P0215,3,95.29,East
INV00003703,C00625,08-09-2025,P0251,Product P0251,2,170.38,South
INV00001258,C01389,08-09-2025,P0018,Product P0018,5,19.83,North
INV00004563,C00052,08-09-2025,P0016,Product P0016,5,5.69,West
INV00003451,C01186,08-09-2025,P0009,Product P0009,4,28.57,South
INV00001825,C01932,08-09-2025,P0166,Product P0166,2,5.48,East
INV00005172,C01114,08-09-2025,P0114,Product P0114,2,173.43,West
INV00008364,C00319,08-09-2025,P0030,Product P0030,5,166.44,North
INV00005502,C00564,08-09-2025,P0258,Product P0258,5,17.81,North
INV00008366,C01749,08-09-2025,P0121,Product P0121,3,149.99,South
INV00008983,C02169,09-09-2025,P0129,Product P0129,1,85.86,West
INV00006549,C01422,09-09-2025,P0269,Product P0269,2,73.65,North
INV00000677,C01452,09-09-2025,P0081,Product P0081,1,146.69,West
INV00003323,C01967,09-09-2025,P0215,Product P0215,1,147.95,North
INV00000473,C01081,09-09-2025,P0219,Product P0219,4,119.54,North
INV00002823,C00318,09-09-2025,P0119,Product P0119,1,75.71,West
INV00007329,C00980,09-09-2025,P0257,Product P0257,5,123.9,East
INV00007637,C00364,09-09-2025,P0065,Product P0065,5,63.78,West
INV00006605,C01116,09-09-2025,P0282,Product P0282,5,81.61,South
INV00004503,C02494,09-09-2025,P0154,Product P0154,5,106.72,East
INV00001215,C00186,09-09-2025,P0143,Product P0143,5,128.57,East
INV00007233,C01103,09-09-2025,P0228,Product P0228,5,155.24,South
INV00000411,C00436,09-09-2025,P0193,Product P0193,1,170.55,South
INV00005447,C01669,09-09-2025,P0170,Product P0170,5,33.14,North
INV00003547,C01024,10-09-2025,P0274,Product P0274,5,26.51,West
INV00006466,C01296,10-09-2025,P0278,Product P0278,4,39.39,West
INV00005348,C01180,10-09-2025,P0121,Product P0121,4,176.87,West
INV00009931,C00858,10-09-2025,P0170,Product P0170,1,177.94,South
INV00005650,C02452,10-09-2025,P0297,Product P0297,4,8.53,South
INV00003433,C00519,10-09-2025,P0188,Product P0188,5,99.89,East
INV00003137,C01452,10-09-2025,P0187,Product P0187,1,57.73,South
INV00008654,C00148,10-09-2025,P0157,Product P0157,2,113.65,North
INV00003063,C00957,10-09-2025,P0128,Product P0128,4,156.43,North
INV00001791,C01461,10-09-2025,P0210,Product P0210,4,117.62,East
INV00005832,C00388,10-09-2025,P0295,Product P0295,5,23.38,North
INV00008560,C01751,10-09-2025,P0278,Product P0278,3,60.26,West
INV00006106,C01622,11-09-2025,P0273,Product P0273,1,9.77,South
INV00006858,C02311,11-09-2025,P0290,Product P0290,1,33.33,South
INV00008237,C02407,11-09-2025,P0299,Product P0299,5,149.12,North
INV00001414,C01980,11-09-2025,P0272,Product P0272,5,171.09,West
INV00000355,C02424,11-09-2025,P0182,Product P0182,3,21.38,South
INV00001143,C02329,11-09-2025,P0244,Product P0244,3,39.48,North
INV00008968,C00604,11-09-2025,P0192,Product P0192,2,103.96,South
INV00001029,C01414,11-09-2025,P0108,Product P0108,3,114.33,North
INV00005808,C02493,12-09-2025,P0199,Product P0199,5,174.05,West
INV00004762,C02120,12-09-2025,P0107,Product P0107,4,103.38,North
INV00005355,C01960,12-09-2025,P0169,Product P0169,1,15.84,South
INV00006247,C01978,12-09-2025,P0266,Product P0266,5,176.09,East
INV00008514,C00077,12-09-2025,P0162,Product P0162,1,17.34,South
INV00005862,C01486,12-09-2025,P0089,Product P0089,3,142.75,South
INV00004901,C00864,12-09-2025,P0161,Product P0161,3,60.63,East
INV00006846,C01648,12-09-2025,P0197,Product P0197,5,136.96,North
INV00007712,C00550,12-09-2025,P0056,Product P0056,3,175.46,East
INV00000264,C02313,12-09-2025,P0053,Product P0053,1,50.28,West
INV00002063,C00374,12-09-2025,P0015,Product P0015,3,146.41,South
INV00009907,C02195,12-09-2025,P0249,Product P0249,1,51.05,East
INV00008939,C02239,12-09-2025,P0179,Product P0179,5,135.58,South
INV00009314,C02206,12-09-2025,P0128,Product P0128,5,96.19,North
INV00009677,C02047,12-09-2025,P0023,Product P0023,5,16.31,West
INV00002148,C02340,12-09-2025,P0055,Product P0055,2,69.74,East
INV00000788,C01716,12-09-2025,P0140,Product P0140,3,62.79,North
INV00007468,C01448,12-09-2025,P0145,Product P0145,4,10.84,North
INV00000292,C00668,12-09-2025,P0251,Product P0251,5,20.62,West
INV00007981,C02204,13-09-2025,P0048,Product P0048,1,165.23,North
INV00009234,C00341,13-09-2025,P0004,Product P0004,2,118.59,East
INV00006331,C00162,13-09-2025,P0122,Product P0122,1,134.82,South
INV00009036,C00747,13-09-2025,P0109,Product P0109,1,41.33,West
INV00003182,C00488,13-09-2025,P0077,Product P0077,3,57.43,North
INV00005452,C01853,13-09-2025,P0118,Product P0118,1,87.67,North
INV00009755,C01437,13-09-2025,P0203,Product P0203,4,20.17,West
INV00002410,C00067,13-09-2025,P0045,Product P0045,1,132.5,West
INV00000920,C01592,13-09-2025,P0020,Product P0020,4,162.25,North
INV00005149,C00926,13-09-2025,P0004,Product P0004,4,12.98,East
INV00002703,C00554,13-09-2025,P0187,Product P0187,3,39.71,East
INV00005905,C00470,13-09-2025,P0086,Product P0086,3,45.89,East
INV00005625,C00520,13-09-2025,P0207,Product P0207,3,98.5,West
INV00009306,C00316,13-09-2025,P0049,Product P0049,3,54.3,East
INV00004799,C00978,13-09-2025,P0060,Product P0060,4,109.8,South
INV00009996,C01178,13-09-2025,P0050,Product P0050,1,6.21,East
INV00006937,C01208,13-09-2025,P0207,Product P0207,3,11,East
INV00004911,C02367,13-09-2025,P0086,Product P0086,5,12.9,North
INV00009710,C00217,14-09-2025,P0032,Product P0032,5,19.88,West
INV00002696,C00925,14-09-2025,P0219,Product P0219,1,165.59,West
INV00008208,C00765,14-09-2025,P0215,Product P0215,5,151.72,North
INV00009825,C00099,14-09-2025,P0281,Product P0281,1,167,North
INV00003861,C01360,14-09-2025,P0211,Product P0211,3,129.42,North
INV00007124,C01260,14-09-2025,P0074,Product P0074,1,20,West
INV00003928,C00384,14-09-2025,P0119,Product P0119,2,110.46,East
INV00003649,C02497,14-09-2025,P0231,Product P0231,1,29.43,South
INV00003643,C02325,14-09-2025,P0295,Product P0295,1,128.08,West
INV00004035,C01065,14-09-2025,P0158,Product P0158,1,177.71,East
INV00007222,C01641,14-09-2025,P0047,Product P0047,5,115.6,West
INV00003393,C01992,14-09-2025,P0218,Product P0218,5,42.27,East
INV00004281,C01198,14-09-2025,P0181,Product P0181,3,84.86,North
INV00000350,C00412,14-09-2025,P0053,Product P0053,2,53.66,West
INV00008684,C00312,14-09-2025,P0002,Product P0002,2,70.69,North
INV00008024,C00431,14-09-2025,P0206,Product P0206,3,116.79,East
INV00001521,C02160,14-09-2025,P0205,Product P0205,4,153.99,East
INV00006407,C01854,14-09-2025,P0211,Product P0211,4,94.22,South
INV00004891,C02096,15-09-2025,P0222,Product P0222,5,100.11,East
INV00002002,C00156,15-09-2025,P0137,Product P0137,5,26.61,South
INV00005195,C00926,15-09-2025,P0157,Product P0157,5,97.24,North
INV00006757,C01316,15-09-2025,P0128,Product P0128,1,162.32,South
INV00007889,C02079,15-09-2025,P0263,Product P0263,1,147.19,North
INV00008094,C00604,15-09-2025,P0080,Product P0080,5,73.79,West
INV00003046,C02208,15-09-2025,P0014,Product P0014,5,25.72,East
INV00006225,C00940,15-09-2025,P0273,Product P0273,5,148.01,North
INV00000260,C01470,15-09-2025,P0293,Product P0293,2,34.28,South
INV00006975,C00764,15-09-2025,P0231,Product P0231,5,147.73,North
INV00000532,C00414,15-09-2025,P0015,Product P0015,3,170.18,North
INV00009908,C02452,15-09-2025,P0146,Product P0146,2,99.49,West
INV00003425,C01526,15-09-2025,P0265,Product P0265,5,121.64,South
INV00003541,C01838,15-09-2025,P0012,Product P0012,4,130.72,North
INV00004120,C00130,15-09-2025,P0122,Product P0122,3,56.26,West
INV00001246,C02464,16-09-2025,P0193,Product P0193,5,63.63,South
INV00008830,C00643,16-09-2025,P0259,Product P0259,1,12.69,North
INV00000064,C02419,16-09-2025,P0256,Product P0256,4,35.47,North
INV00005191,C01833,16-09-2025,P0284,Product P0284,4,64.15,East
INV00008002,C01791,16-09-2025,P0263,Product P0263,3,10.52,South
INV00009444,C01358,16-09-2025,P0297,Product P0297,2,98.14,East
INV00002859,C01812,16-09-2025,P0279,Product P0279,4,19.12,North
INV00007325,C01193,16-09-2025,P0278,Product P0278,5,114.18,North
INV00009873,C01952,16-09-2025,P0040,Product P0040,1,134.31,East
INV00004548,C02107,16-09-2025,P0072,Product P0072,1,94.86,East
INV00002916,C01095,16-09-2025,P0218,Product P0218,1,77.76,West
INV00009884,C00134,16-09-2025,P0069,Product P0069,5,150.57,North
INV00005339,C00974,16-09-2025,P0192,Product P0192,2,107.41,West
INV00007397,C01209,17-09-2025,P0161,Product P0161,3,130.93,East
INV00001645,C00331,17-09-2025,P0144,Product P0144,1,116.98,West
INV00006678,C00731,17-09-2025,P0121,Product P0121,4,22.34,East
INV00000987,C01542,17-09-2025,P0252,Product P0252,4,131.49,East
INV00009324,C02292,17-09-2025,P0228,Product P0228,3,32.44,East
INV00008838,C00006,17-09-2025,P0159,Product P0159,3,142.13,North
INV00003949,C02425,17-09-2025,P0089,Product P0089,1,99.07,West
INV00002335,C01383,17-09-2025,P0221,Product P0221,1,9.22,West
INV00005308,C01862,17-09-2025,P0013,Product P0013,4,47.4,West
INV00002441,C00906,17-09-2025,P0122,Product P0122,3,14.12,East
INV00007952,C00506,17-09-2025,P0024,Product P0024,5,149.03,South
INV00002500,C02325,17-09-2025,P0114,Product P0114,3,47.19,South
INV00002621,C02118,17-09-2025,P0258,Product P0258,5,16.91,South
INV00005030,C00582,17-09-2025,P0215,Product P0215,3,53.66,West
INV00009151,C02106,18-09-2025,P0027,Product P0027,1,64.54,South
INV00004510,C02416,18-09-2025,P0162,Product P0162,1,119.1,South
INV00003123,C01179,18-09-2025,P0142,Product P0142,5,93.75,North
INV00006319,C01165,18-09-2025,P0079,Product P0079,4,116.81,South
INV00006700,C00982,18-09-2025,P0016,Product P0016,4,78.52,North
INV00005902,C00384,18-09-2025,P0197,Product P0197,2,92.62,East
INV00005702,C00951,18-09-2025,P0165,Product P0165,4,175.12,East
INV00006655,C00232,18-09-2025,P0004,Product P0004,3,31.38,West
INV00003984,C01686,18-09-2025,P0078,Product P0078,2,4.5,East
INV00007843,C02162,18-09-2025,P0200,Product P0200,3,122.77,East
INV00007427,C01446,18-09-2025,P0028,Product P0028,3,136.43,North
INV00008821,C01232,18-09-2025,P0200,Product P0200,1,108.24,East
INV00006461,C00421,19-09-2025,P0045,Product P0045,4,18.11,South
INV00000575,C00018,19-09-2025,P0183,Product P0183,1,93.74,South
INV00004515,C02280,19-09-2025,P0119,Product P0119,5,46.33,North
INV00004554,C01391,19-09-2025,P0118,Product P0118,5,34.2,East
INV00000087,C00244,19-09-2025,P0167,Product P0167,2,30.25,North
INV00006030,C00697,19-09-2025,P0001,Product P0001,2,135.05,East
INV00005255,C00864,19-09-2025,P0162,Product P0162,4,5.82,North
INV00009288,C00098,19-09-2025,P0031,Product P0031,4,117.96,South
INV00003399,C00020,19-09-2025,P0172,Product P0172,2,163.05,East
INV00005456,C00342,19-09-2025,P0080,Product P0080,4,126.22,South
INV00002994,C02141,19-09-2025,P0133,Product P0133,1,54.28,West
INV00006405,C02032,19-09-2025,P0255,Product P0255,3,7.53,West
INV00007084,C01361,19-09-2025,P0003,Product P0003,5,58.13,West
INV00009056,C01704,19-09-2025,P0025,Product P0025,5,47.09,West
INV00003605,C02312,19-09-2025,P0089,Product P0089,5,90.65,South
INV00009547,C00042,19-09-2025,P0110,Product P0110,1,29.6,West
INV00004265,C01499,19-09-2025,P0282,Product P0282,3,21.96,South
INV00009569,C00995,19-09-2025,P0036,Product P0036,3,39.76,North
INV00003449,C01514,20-09-2025,P0098,Product P0098,3,79.74,East
INV00008659,C00577,20-09-2025,P0263,Product P0263,5,87.64,East
INV00009854,C00541,20-09-2025,P0200,Product P0200,3,67.65,North
INV00007225,C01295,20-09-2025,P0212,Product P0212,2,55,North
INV00007605,C00192,20-09-2025,P0222,Product P0222,2,48.82,West
INV00007076,C01481,20-09-2025,P0285,Product P0285,5,87.02,North
INV00004909,C01997,20-09-2025,P0221,Product P0221,4,173.01,North
INV00008352,C01389,20-09-2025,P0300,Product P0300,3,28.59,West
INV00000871,C01141,20-09-2025,P0080,Product P0080,3,45.25,West
INV00004849,C00384,20-09-2025,P0047,Product P0047,5,130.35,North
INV00002947,C01473,20-09-2025,P0205,Product P0205,1,64.4,East
INV00006321,C01941,20-09-2025,P0205,Product P0205,1,141.4,East
INV00007146,C00768,20-09-2025,P0241,Product P0241,5,48.74,South
INV00002679,C01450,20-09-2025,P0176,Product P0176,5,115.76,South
INV00006640,C00779,21-09-2025,P0129,Product P0129,1,97.7,West
INV00006555,C01041,21-09-2025,P0257,Product P0257,5,31.28,East
INV00007570,C01313,21-09-2025,P0218,Product P0218,5,68.25,East
INV00008418,C01123,21-09-2025,P0074,Product P0074,1,99.4,East
INV00005280,C00496,21-09-2025,P0112,Product P0112,3,151.33,South
INV00006235,C01907,21-09-2025,P0240,Product P0240,1,86.71,South
INV00001200,C01551,21-09-2025,P0143,Product P0143,5,56.62,South
INV00001126,C02109,21-09-2025,P0031,Product P0031,5,143.67,North
INV00009136,C00093,21-09-2025,P0244,Product P0244,1,79.22,East
INV00009616,C01487,21-09-2025,P0017,Product P0017,1,88.02,West
INV00004798,C00310,21-09-2025,P0300,Product P0300,1,36.77,South
INV00008047,C01061,21-09-2025,P0131,Product P0131,5,39.24,North
INV00001096,C00201,21-09-2025,P0187,Product P0187,2,58.2,East
INV00009129,C00247,22-09-2025,P0247,Product P0247,3,43.32,South
INV00003295,C00481,22-09-2025,P0090,Product P0090,2,176.09,South
INV00001649,C02442,22-09-2025,P0137,Product P0137,4,151.12,East
INV00009466,C00859,22-09-2025,P0298,Product P0298,1,99.45,South
INV00002558,C02166,22-09-2025,P0225,Product P0225,3,160.28,South
INV00001916,C01295,22-09-2025,P0023,Product P0023,3,80.27,South
INV00001008,C01260,22-09-2025,P0188,Product P0188,4,47.49,North
INV00009351,C01696,22-09-2025,P0167,Product P0167,2,144.54,East
INV00000052,C00487,22-09-2025,P0183,Product P0183,1,153.06,West
INV00002217,C01127,22-09-2025,P0013,Product P0013,4,60.41,East
INV00003773,C01319,22-09-2025,P0267,Product P0267,4,46.12,West
INV00005000,C01247,22-09-2025,P0008,Product P0008,2,29.29,North
INV00007153,C00352,22-09-2025,P0204,Product P0204,5,56.95,East
INV00006891,C00372,22-09-2025,P0233,Product P0233,2,28.37,South
INV00001959,C01652,23-09-2025,P0005,Product P0005,5,139.25,West
INV00005534,C01114,23-09-2025,P0219,Product P0219,1,61.11,East
INV00005107,C01896,23-09-2025,P0190,Product P0190,3,87.95,North
INV00009923,C01754,23-09-2025,P0234,Product P0234,3,108.43,South
INV00006110,C01537,23-09-2025,P0281,Product P0281,2,57.05,North
INV00003509,C00146,23-09-2025,P0145,Product P0145,3,74.92,West
INV00009409,C00646,23-09-2025,P0151,Product P0151,4,151.5,West
INV00006451,C01971,23-09-2025,P0124,Product P0124,1,27.46,East
INV00007232,C01737,24-09-2025,P0191,Product P0191,1,75.22,North
INV00008834,C01337,24-09-2025,P0121,Product P0121,5,12.3,North
INV00007209,C01101,24-09-2025,P0139,Product P0139,1,9.82,North
INV00006070,C02464,24-09-2025,P0001,Product P0001,1,116,South
INV00002420,C01047,24-09-2025,P0254,Product P0254,1,99.95,North
INV00006141,C00792,24-09-2025,P0009,Product P0009,1,82.15,North
INV00001880,C00251,24-09-2025,P0251,Product P0251,5,112.55,North
INV00003536,C00186,24-09-2025,P0143,Product P0143,4,16.35,South
INV00000883,C01122,24-09-2025,P0113,Product P0113,3,55.09,North
INV00008324,C00701,24-09-2025,P0260,Product P0260,4,107.19,South
INV00000053,C00910,24-09-2025,P0237,Product P0237,1,95.27,East
INV00001074,C01313,24-09-2025,P0090,Product P0090,4,60.7,East
INV00000851,C02451,24-09-2025,P0040,Product P0040,3,65.83,North
INV00006487,C01967,25-09-2025,P0086,Product P0086,1,130.95,South
INV00002451,C02100,25-09-2025,P0196,Product P0196,2,62.08,West
INV00008153,C01094,25-09-2025,P0106,Product P0106,5,76.09,North
INV00003163,C00401,25-09-2025,P0285,Product P0285,5,178.03,West
INV00009717,C01534,25-09-2025,P0105,Product P0105,4,148.24,West
INV00000475,C01586,25-09-2025,P0119,Product P0119,1,96.55,West
INV00001421,C02375,25-09-2025,P0163,Product P0163,1,177.66,North
INV00001313,C01950,25-09-2025,P0212,Product P0212,5,162.29,South
INV00003407,C00889,25-09-2025,P0018,Product P0018,5,70.08,West
INV00000405,C01249,25-09-2025,P0251,Product P0251,2,102.31,East
INV00003929,C01657,25-09-2025,P0201,Product P0201,3,136.26,South
INV00003610,C01687,25-09-2025,P0266,Product P0266,4,169.17,West
INV00000395,C01800,25-09-2025,P0081,Product P0081,3,42.25,South
INV00004029,C01726,25-09-2025,P0225,Product P0225,3,6.83,South
INV00003951,C00943,25-09-2025,P0247,Product P0247,5,160.91,East
INV00005154,C01742,26-09-2025,P0271,Product P0271,3,152.9,East
INV00001816,C00277,26-09-2025,P0188,Product P0188,1,118.54,North
INV00006292,C01599,26-09-2025,P0176,Product P0176,1,87.37,West
INV00009102,C00177,26-09-2025,P0276,Product P0276,2,62.19,North
INV00007435,C01027,26-09-2025,P0176,Product P0176,5,80.15,West
INV00006527,C00037,26-09-2025,P0126,Product P0126,3,80.36,South
INV00000007,C00215,26-09-2025,P0192,Product P0192,3,59.37,North
INV00000180,C01253,26-09-2025,P0088,Product P0088,3,43.87,South
INV00004721,C01431,26-09-2025,P0172,Product P0172,2,84.52,East
INV00004458,C00097,26-09-2025,P0058,Product P0058,5,167.51,West
INV00007780,C00637,26-09-2025,P0011,Product P0011,1,122.76,West
INV00004230,C00036,26-09-2025,P0242,Product P0242,4,22.81,East
INV00000079,C01412,27-09-2025,P0286,Product P0286,2,114.38,West
INV00009714,C01158,27-09-2025,P0198,Product P0198,4,154.94,West
INV00003619,C01088,27-09-2025,P0257,Product P0257,4,96.71,West
INV00009018,C01891,27-09-2025,P0217,Product P0217,4,44.81,North
INV00009333,C01604,27-09-2025,P0081,Product P0081,2,163.77,East
INV00006984,C00007,27-09-2025,P0280,Product P0280,4,143.54,East
INV00008843,C01610,27-09-2025,P0144,Product P0144,4,95.2,North
INV00003771,C01061,28-09-2025,P0220,Product P0220,5,87.94,South
INV00004517,C00880,28-09-2025,P0270,Product P0270,4,5.79,South
INV00008807,C01493,28-09-2025,P0196,Product P0196,2,144.72,South
INV00003939,C01807,28-09-2025,P0244,Product P0244,1,50.29,North
INV00008136,C01739,28-09-2025,P0179,Product P0179,4,66.09,North
INV00004157,C01767,28-09-2025,P0120,Product P0120,1,122.29,North
INV00003631,C01160,29-09-2025,P0120,Product P0120,5,44.47,North
INV00002258,C01632,29-09-2025,P0161,Product P0161,1,61.64,South
INV00003564,C01992,29-09-2025,P0116,Product P0116,3,5.61,North
INV00003711,C00900,29-09-2025,P0008,Product P0008,3,91.14,North
INV00003079,C00516,29-09-2025,P0278,Product P0278,4,43.52,West
INV00001600,C01771,29-09-2025,P0119,Product P0119,5,128.23,West
INV00007828,C00966,29-09-2025,P0122,Product P0122,1,18.11,East
INV00004590,C00748,29-09-2025,P0194,Product P0194,4,83.31,South
INV00007854,C01342,29-09-2025,P0225,Product P0225,2,62.85,North
INV00002379,C02470,29-09-2025,P0235,Product P0235,3,133.79,West
INV00000495,C00725,29-09-2025,P0126,Product P0126,5,56.84,North
INV00002403,C01865,29-09-2025,P0127,Product P0127,2,90.68,East
INV00003464,C00128,30-09-2025,P0163,Product P0163,2,86.32,East
INV00006193,C00663,30-09-2025,P0134,Product P0134,1,61.01,South
INV00000348,C02341,30-09-2025,P0015,Product P0015,1,79.15,West
INV00002827,C00905,30-09-2025,P0147,Product P0147,1,45.31,South
INV00004242,C00685,30-09-2025,P0120,Product P0120,2,151.95,West
INV00009759,C02223,30-09-2025,P0084,Product P0084,4,57.79,North
INV00005821,C01532,30-09-2025,P0284,Product P0284,2,93.49,West
INV00003569,C01889,30-09-2025,P0174,Product P0174,3,146.84,North
INV00005383,C00972,30-09-2025,P0025,Product P0025,5,28.18,West
INV00005343,C01418,30-09-2025,P0077,Product P0077,3,160.7,South
INV00004336,C01065,30-09-2025,P0060,Product P0060,5,31.68,West
INV00009563,C01631,30-09-2025,P0227,Product P0227,5,109.92,East
INV00004049,C00840,30-09-2025,P0179,Product P0179,4,62.17,West
INV00008519,C02318,30-09-2025,P0182,Product P0182,4,80.85,East
INV00001393,C02460,01-10-2025,P0053,Product P0053,3,89.07,West
INV00000995,C01325,01-10-2025,P0094,Product P0094,2,89.06,East
INV00005724,C01314,01-10-2025,P0012,Product P0012,5,9.22,East
INV00006420,C00239,01-10-2025,P0289,Product P0289,5,171.8,South
INV00007365,C02477,01-10-2025,P0186,Product P0186,1,125.51,South
INV00003963,C01642,01-10-2025,P0013,Product P0013,2,139.49,East
INV00004460,C01635,01-10-2025,P0297,Product P0297,4,57.33,North
INV00004509,C00665,01-10-2025,P0201,Product P0201,2,40.17,East
INV00006049,C00438,02-10-2025,P0132,Product P0132,3,31.45,West
INV00002287,C02266,02-10-2025,P0140,Product P0140,1,103.02,South
INV00000749,C00783,02-10-2025,P0021,Product P0021,2,94.74,North
INV00004761,C02418,02-10-2025,P0164,Product P0164,1,139.72,North
INV00007091,C01634,02-10-2025,P0159,Product P0159,4,118.97,West
INV00005331,C01408,02-10-2025,P0182,Product P0182,4,20.53,South
INV00009482,C00524,02-10-2025,P0154,Product P0154,4,66.61,East
INV00006986,C02140,02-10-2025,P0122,Product P0122,5,32.39,North
INV00007334,C00529,02-10-2025,P0138,Product P0138,3,99.21,South
INV00001531,C00225,02-10-2025,P0206,Product P0206,1,105.17,West
INV00004939,C00740,02-10-2025,P0083,Product P0083,4,66.46,West
INV00006919,C00198,02-10-2025,P0211,Product P0211,1,51.3,South
INV00004820,C02330,03-10-2025,P0064,Product P0064,3,170.19,West
INV00000142,C00537,03-10-2025,P0089,Product P0089,3,170.32,South
INV00001801,C00143,03-10-2025,P0062,Product P0062,5,83.84,West
INV00002715,C01267,03-10-2025,P0127,Product P0127,3,113.56,South
INV00003897,C01332,03-10-2025,P0293,Product P0293,3,133.99,South
INV00001643,C01118,03-10-2025,P0091,Product P0091,5,91.48,North
INV00003901,C01296,03-10-2025,P0296,Product P0296,4,128.1,West
INV00000176,C01155,03-10-2025,P0125,Product P0125,5,161.27,East
INV00008978,C00721,03-10-2025,P0287,Product P0287,2,28.55,East
INV00008377,C00418,04-10-2025,P0116,Product P0116,5,157.28,South
INV00007294,C00876,04-10-2025,P0206,Product P0206,4,68.77,North
INV00000594,C02449,04-10-2025,P0298,Product P0298,4,89.23,South
INV00005134,C00104,04-10-2025,P0011,Product P0011,3,49.5,East
INV00008515,C01402,04-10-2025,P0061,Product P0061,5,25.45,South
INV00007019,C01161,04-10-2025,P0155,Product P0155,2,143.74,West
INV00007646,C01346,04-10-2025,P0193,Product P0193,2,178.78,West
INV00007535,C00557,04-10-2025,P0276,Product P0276,1,145.8,North
INV00008836,C00035,04-10-2025,P0222,Product P0222,4,85.95,South
INV00000281,C00690,04-10-2025,P0214,Product P0214,5,146.4,East
INV00002012,C00983,04-10-2025,P0150,Product P0150,1,33.45,North
INV00006610,C01797,04-10-2025,P0226,Product P0226,4,88.57,South
INV00009651,C00739,04-10-2025,P0141,Product P0141,2,178.96,West
INV00009915,C01302,04-10-2025,P0064,Product P0064,4,59.55,North
INV00005390,C02188,04-10-2025,P0075,Product P0075,3,96.85,North
INV00005498,C01243,05-10-2025,P0087,Product P0087,3,133.65,West
INV00004844,C00495,05-10-2025,P0060,Product P0060,2,97.45,West
INV00008506,C00467,05-10-2025,P0212,Product P0212,4,140.49,South
INV00001562,C00636,05-10-2025,P0299,Product P0299,3,67.29,South
INV00009729,C02149,05-10-2025,P0213,Product P0213,3,108.2,North
INV00005021,C02202,05-10-2025,P0039,Product P0039,5,158.99,East
INV00008282,C00977,05-10-2025,P0131,Product P0131,3,77.5,South
INV00002858,C01950,05-10-2025,P0141,Product P0141,1,116.94,South
INV00009108,C01690,05-10-2025,P0031,Product P0031,5,67.05,North
INV00002893,C00911,05-10-2025,P0075,Product P0075,3,173.52,East
INV00001182,C02319,05-10-2025,P0129,Product P0129,1,134.28,North
INV00006997,C00851,05-10-2025,P0015,Product P0015,3,63.57,West
INV00002244,C00280,05-10-2025,P0110,Product P0110,3,119.53,North
INV00008946,C01620,05-10-2025,P0006,Product P0006,1,23.12,West
INV00002728,C00101,05-10-2025,P0039,Product P0039,2,173.28,South
INV00001624,C00042,05-10-2025,P0023,Product P0023,3,120.96,West
INV00003586,C00542,06-10-2025,P0215,Product P0215,4,56.56,South
INV00007859,C00238,06-10-2025,P0212,Product P0212,2,137.26,North
INV00004056,C00945,06-10-2025,P0076,Product P0076,3,98.72,South
INV00008382,C00202,06-10-2025,P0140,Product P0140,1,150.14,West
INV00002542,C02428,06-10-2025,P0139,Product P0139,2,35.83,South
INV00000085,C01575,06-10-2025,P0053,Product P0053,2,60.29,East
INV00004523,C01347,06-10-2025,P0147,Product P0147,4,9.26,West
INV00001687,C01071,06-10-2025,P0193,Product P0193,4,171.98,East
INV00009935,C00050,06-10-2025,P0197,Product P0197,1,165.49,South
INV00006642,C00032,06-10-2025,P0011,Product P0011,1,54.19,East
INV00002081,C02069,06-10-2025,P0122,Product P0122,3,144.62,South
INV00002232,C00175,06-10-2025,P0229,Product P0229,3,159.48,South
INV00002962,C01055,06-10-2025,P0228,Product P0228,4,167.51,West
INV00007390,C01880,06-10-2025,P0238,Product P0238,1,150.02,North
INV00006310,C00466,07-10-2025,P0188,Product P0188,5,61.59,West
INV00006313,C00116,07-10-2025,P0076,Product P0076,3,156.13,South
INV00003621,C02491,07-10-2025,P0229,Product P0229,3,37.32,West
INV00000725,C01965,07-10-2025,P0255,Product P0255,5,170.67,West
INV00000476,C01962,07-10-2025,P0033,Product P0033,1,97.95,North
INV00005500,C00083,07-10-2025,P0244,Product P0244,2,50.19,South
INV00007448,C01079,07-10-2025,P0226,Product P0226,4,154.51,North
INV00007193,C01419,07-10-2025,P0295,Product P0295,5,6.01,West
INV00009153,C00770,07-10-2025,P0181,Product P0181,2,174.34,West
INV00002061,C02236,07-10-2025,P0127,Product P0127,2,176.96,West
INV00003343,C00248,08-10-2025,P0074,Product P0074,1,38.1,South
INV00008043,C02451,08-10-2025,P0079,Product P0079,1,47.85,North
INV00005408,C02031,08-10-2025,P0193,Product P0193,4,128.79,West
INV00006219,C00059,08-10-2025,P0109,Product P0109,4,138.24,West
INV00007168,C01807,08-10-2025,P0001,Product P0001,4,169.28,South
INV00001879,C01817,08-10-2025,P0290,Product P0290,1,58.42,South
INV00006631,C01214,08-10-2025,P0153,Product P0153,1,24.66,East
INV00004764,C00594,08-10-2025,P0114,Product P0114,3,155.12,North
INV00008172,C02309,08-10-2025,P0028,Product P0028,2,105.63,North
INV00003431,C00624,08-10-2025,P0115,Product P0115,5,115.91,North
INV00006335,C00167,08-10-2025,P0166,Product P0166,3,159,East
INV00004409,C00652,08-10-2025,P0263,Product P0263,2,114.45,South
INV00002770,C02397,09-10-2025,P0052,Product P0052,2,101.08,North
INV00007839,C01933,09-10-2025,P0271,Product P0271,1,5.66,South
INV00002163,C01008,09-10-2025,P0052,Product P0052,5,79.51,North
INV00004434,C00286,09-10-2025,P0208,Product P0208,3,10.93,South
INV00002090,C00050,09-10-2025,P0159,Product P0159,4,124.17,East
INV00003465,C00900,09-10-2025,P0229,Product P0229,2,141.62,South
INV00006603,C01188,09-10-2025,P0045,Product P0045,3,156.47,West
INV00009522,C01255,09-10-2025,P0265,Product P0265,2,63.54,West
INV00007506,C01127,09-10-2025,P0237,Product P0237,5,137.13,West
INV00006812,C02032,09-10-2025,P0248,Product P0248,3,14.23,East
INV00007008,C01613,09-10-2025,P0180,Product P0180,2,169.66,East
INV00007425,C02395,09-10-2025,P0117,Product P0117,2,142.36,North
INV00001807,C00022,09-10-2025,P0235,Product P0235,2,114.16,South
INV00007498,C00774,09-10-2025,P0234,Product P0234,1,123.16,North
INV00006158,C01523,09-10-2025,P0294,Product P0294,4,166.49,South
INV00005629,C01111,10-10-2025,P0243,Product P0243,5,135.46,South
INV00004999,C01697,10-10-2025,P0141,Product P0141,3,122.23,West
INV00001506,C00607,10-10-2025,P0228,Product P0228,4,143.83,West
INV00005791,C01833,10-10-2025,P0236,Product P0236,5,123.74,West
INV00008525,C01088,10-10-2025,P0220,Product P0220,3,176.46,North
INV00003789,C02441,10-10-2025,P0067,Product P0067,5,176.64,South
INV00000766,C01951,10-10-2025,P0236,Product P0236,1,55.43,North
INV00009266,C00815,10-10-2025,P0070,Product P0070,5,69.57,East
INV00004457,C01478,10-10-2025,P0256,Product P0256,2,71.22,East
INV00008701,C01393,10-10-2025,P0020,Product P0020,2,60.39,East
INV00006067,C00957,10-10-2025,P0241,Product P0241,5,7.06,West
INV00009836,C01670,10-10-2025,P0124,Product P0124,2,121.8,East
INV00009413,C02034,10-10-2025,P0128,Product P0128,5,139.42,West
INV00002900,C00505,10-10-2025,P0229,Product P0229,3,79.92,North
INV00008819,C01891,10-10-2025,P0269,Product P0269,2,99.48,South
INV00008848,C00572,10-10-2025,P0061,Product P0061,5,10.94,East
INV00001668,C01695,11-10-2025,P0197,Product P0197,4,118.27,West
INV00004529,C01110,11-10-2025,P0228,Product P0228,2,113.71,West
INV00006782,C00346,11-10-2025,P0201,Product P0201,4,82.71,West
INV00002624,C02310,11-10-2025,P0254,Product P0254,3,123.41,South
INV00003258,C00489,11-10-2025,P0061,Product P0061,2,97.43,North
INV00000912,C00459,11-10-2025,P0160,Product P0160,4,115.72,East
INV00005578,C02338,11-10-2025,P0163,Product P0163,4,124.22,South
INV00004180,C01167,11-10-2025,P0099,Product P0099,4,43.69,East
INV00003191,C00008,11-10-2025,P0232,Product P0232,5,168.1,West
INV00008076,C02118,11-10-2025,P0169,Product P0169,2,177.3,East
INV00007747,C02042,11-10-2025,P0012,Product P0012,4,82.89,South
INV00009010,C00327,11-10-2025,P0174,Product P0174,4,145.29,South
INV00006059,C01602,11-10-2025,P0260,Product P0260,5,130.81,North
INV00006679,C02257,11-10-2025,P0123,Product P0123,2,19.91,South
INV00007845,C00438,12-10-2025,P0083,Product P0083,3,122.66,North
INV00002744,C02369,12-10-2025,P0016,Product P0016,3,159.87,West
INV00001138,C00917,12-10-2025,P0059,Product P0059,2,42.3,North
INV00000839,C00037,12-10-2025,P0014,Product P0014,2,170.93,South
INV00003678,C01924,12-10-2025,P0296,Product P0296,4,32.02,North
INV00002203,C00098,12-10-2025,P0224,Product P0224,3,119.29,South
INV00009341,C01713,12-10-2025,P0165,Product P0165,1,166.62,North
INV00001911,C00186,12-10-2025,P0064,Product P0064,5,85.67,East
INV00004065,C01892,12-10-2025,P0081,Product P0081,3,70.52,South
INV00003578,C02142,12-10-2025,P0228,Product P0228,4,19.58,East
INV00002347,C00819,12-10-2025,P0236,Product P0236,5,119.64,West
INV00005472,C01151,12-10-2025,P0120,Product P0120,5,174.47,West
INV00006374,C01818,12-10-2025,P0113,Product P0113,1,35.75,North
INV00009960,C02286,12-10-2025,P0038,Product P0038,4,9.2,South
INV00005022,C01157,12-10-2025,P0181,Product P0181,1,154.51,North
INV00001223,C02404,12-10-2025,P0136,Product P0136,5,94.81,South
INV00000741,C02043,12-10-2025,P0179,Product P0179,4,101.83,North
INV00006964,C01764,12-10-2025,P0053,Product P0053,1,7.54,East
INV00007417,C02039,12-10-2025,P0182,Product P0182,5,157.26,South
INV00002315,C00567,13-10-2025,P0154,Product P0154,2,93.49,West
INV00003173,C01080,13-10-2025,P0170,Product P0170,4,167.62,East
INV00009842,C00975,13-10-2025,P0062,Product P0062,3,50.55,West
INV00003751,C01455,13-10-2025,P0126,Product P0126,3,63.64,South
INV00000269,C01532,13-10-2025,P0108,Product P0108,2,9.24,East
INV00008859,C00717,13-10-2025,P0110,Product P0110,2,130.32,North
INV00009814,C02199,13-10-2025,P0165,Product P0165,4,50.89,South
INV00000896,C01529,13-10-2025,P0106,Product P0106,1,149.9,West
INV00004606,C01180,13-10-2025,P0264,Product P0264,5,103.99,East
INV00002162,C00611,13-10-2025,P0058,Product P0058,4,115.9,North
INV00005659,C01306,13-10-2025,P0174,Product P0174,3,21.09,South
INV00001030,C00836,13-10-2025,P0034,Product P0034,5,91.73,North
INV00002435,C01127,13-10-2025,P0105,Product P0105,5,53.75,South
INV00001104,C00377,14-10-2025,P0020,Product P0020,2,68.74,South
INV00008528,C02043,14-10-2025,P0256,Product P0256,1,71.44,East
INV00007288,C00442,14-10-2025,P0096,Product P0096,1,13.27,East
INV00004997,C01867,14-10-2025,P0163,Product P0163,5,97.16,East
INV00003278,C00615,14-10-2025,P0239,Product P0239,5,130.57,West
INV00003277,C00179,14-10-2025,P0098,Product P0098,2,61.09,East
INV00004155,C00567,14-10-2025,P0136,Product P0136,2,177.82,East
INV00007826,C02164,14-10-2025,P0187,Product P0187,5,130.42,East
INV00006383,C01520,15-10-2025,P0295,Product P0295,2,49.62,North
INV00002304,C02198,15-10-2025,P0217,Product P0217,1,84.82,South
INV00003570,C00616,15-10-2025,P0197,Product P0197,4,90.05,West
INV00000202,C02272,15-10-2025,P0169,Product P0169,5,69.57,West
INV00002378,C00344,15-10-2025,P0187,Product P0187,2,143.83,East
INV00000365,C00290,15-10-2025,P0177,Product P0177,5,124.33,South
INV00000173,C01929,15-10-2025,P0156,Product P0156,3,71.49,South
INV00009891,C01387,15-10-2025,P0060,Product P0060,1,35.8,North
INV00000031,C01127,15-10-2025,P0020,Product P0020,5,159.83,West
INV00003740,C02083,15-10-2025,P0170,Product P0170,2,15.22,North
INV00002505,C00128,15-10-2025,P0140,Product P0140,2,64.4,East
INV00007081,C00854,15-10-2025,P0022,Product P0022,1,131.26,South
INV00005980,C01527,15-10-2025,P0258,Product P0258,2,143.73,South
INV00001773,C00907,15-10-2025,P0117,Product P0117,1,176.95,North
INV00005125,C00289,16-10-2025,P0038,Product P0038,5,137.2,West
INV00002614,C01494,16-10-2025,P0208,Product P0208,2,110.72,North
INV00003297,C00530,16-10-2025,P0282,Product P0282,2,51.52,North
INV00001783,C00060,16-10-2025,P0255,Product P0255,1,4.99,South
INV00007369,C00227,16-10-2025,P0135,Product P0135,1,109.37,West
INV00004556,C00541,16-10-2025,P0198,Product P0198,4,45.44,South
INV00002401,C00017,16-10-2025,P0016,Product P0016,5,153.12,South
INV00007473,C00551,16-10-2025,P0227,Product P0227,4,75.34,West
INV00005169,C00883,16-10-2025,P0123,Product P0123,3,103.41,East
INV00009188,C00507,16-10-2025,P0192,Product P0192,5,118.61,North
INV00008426,C01124,16-10-2025,P0041,Product P0041,1,47.93,West
INV00008224,C02070,16-10-2025,P0110,Product P0110,3,139.89,West
INV00004158,C00754,16-10-2025,P0035,Product P0035,1,143.61,West
INV00001893,C02198,17-10-2025,P0051,Product P0051,4,67.22,North
INV00000685,C00424,17-10-2025,P0185,Product P0185,4,26.56,North
INV00008158,C00391,17-10-2025,P0010,Product P0010,3,88.28,South
INV00001644,C01487,17-10-2025,P0254,Product P0254,1,122.06,South
INV00005364,C02135,17-10-2025,P0201,Product P0201,2,36.97,East
INV00004202,C01868,17-10-2025,P0102,Product P0102,1,97.7,West
INV00000141,C02457,17-10-2025,P0114,Product P0114,4,102.87,South
INV00004399,C00175,17-10-2025,P0236,Product P0236,4,154.04,West
INV00006404,C02307,17-10-2025,P0295,Product P0295,1,93.22,North
INV00002465,C01160,17-10-2025,P0289,Product P0289,3,114.25,West
INV00005878,C00612,17-10-2025,P0065,Product P0065,4,167.35,East
INV00005698,C01919,17-10-2025,P0065,Product P0065,1,76.69,West
INV00003593,C02463,17-10-2025,P0153,Product P0153,2,79.98,East
INV00006777,C01307,17-10-2025,P0170,Product P0170,5,4.6,North
INV00000293,C02385,17-10-2025,P0024,Product P0024,4,131.75,South
INV00006308,C00310,17-10-2025,P0266,Product P0266,4,55.66,North
INV00001708,C02282,17-10-2025,P0076,Product P0076,4,86.2,East
INV00001009,C01834,17-10-2025,P0103,Product P0103,5,97.37,East
INV00007632,C00976,17-10-2025,P0094,Product P0094,5,147.37,East
INV00004245,C00881,17-10-2025,P0088,Product P0088,2,109.64,West
INV00008504,C00375,17-10-2025,P0103,Product P0103,2,72.05,East
INV00006337,C01352,18-10-2025,P0270,Product P0270,1,94.19,North
INV00006856,C02197,18-10-2025,P0071,Product P0071,3,150.14,North
INV00007480,C01104,18-10-2025,P0192,Product P0192,4,90.91,South
INV00009584,C00043,18-10-2025,P0037,Product P0037,4,131.47,West
INV00000544,C00437,18-10-2025,P0263,Product P0263,5,99.44,North
INV00004129,C01370,18-10-2025,P0116,Product P0116,1,50.62,West
INV00004572,C00234,18-10-2025,P0275,Product P0275,2,138.97,South
INV00008685,C01707,18-10-2025,P0176,Product P0176,3,120.22,North
INV00002350,C01261,18-10-2025,P0128,Product P0128,3,4.73,West
INV00001219,C02024,18-10-2025,P0089,Product P0089,5,116.7,West
INV00008389,C02255,18-10-2025,P0212,Product P0212,3,78.83,East
INV00006811,C02041,18-10-2025,P0293,Product P0293,1,144.26,North
INV00003774,C00319,18-10-2025,P0128,Product P0128,5,100.12,East
INV00000392,C00449,18-10-2025,P0293,Product P0293,5,49.4,East
INV00003574,C00826,18-10-2025,P0136,Product P0136,4,123.77,West
INV00006294,C01838,18-10-2025,P0077,Product P0077,5,14.43,South
INV00001909,C00092,18-10-2025,P0159,Product P0159,1,83.77,West
INV00006242,C00406,19-10-2025,P0113,Product P0113,1,107.33,North
INV00006007,C00702,19-10-2025,P0121,Product P0121,2,55.23,West
INV00004209,C00566,19-10-2025,P0240,Product P0240,1,58.3,East
INV00006596,C01243,19-10-2025,P0084,Product P0084,2,65.2,West
INV00004004,C01116,19-10-2025,P0271,Product P0271,2,53.87,North
INV00002220,C00482,19-10-2025,P0181,Product P0181,2,80.61,East
INV00003142,C01019,19-10-2025,P0210,Product P0210,5,91.6,South
INV00002259,C00004,19-10-2025,P0012,Product P0012,5,64.61,East
INV00002278,C00129,19-10-2025,P0055,Product P0055,3,69.74,North
INV00001510,C01709,19-10-2025,P0026,Product P0026,4,24.74,West
INV00001692,C02225,19-10-2025,P0267,Product P0267,5,144.18,North
INV00003405,C00981,19-10-2025,P0145,Product P0145,4,41.05,West
INV00007419,C02205,20-10-2025,P0053,Product P0053,3,11.51,West
INV00003020,C01864,20-10-2025,P0173,Product P0173,2,99.62,East
INV00009347,C02142,20-10-2025,P0167,Product P0167,2,113.44,East
INV00004607,C00601,20-10-2025,P0279,Product P0279,4,171.66,South
INV00001661,C01550,20-10-2025,P0118,Product P0118,1,19.87,South
INV00003830,C00376,20-10-2025,P0225,Product P0225,5,80.55,North
INV00007155,C01056,20-10-2025,P0191,Product P0191,1,61.3,East
INV00004581,C00486,20-10-2025,P0057,Product P0057,2,42.43,North
INV00003231,C02103,20-10-2025,P0217,Product P0217,3,18.44,East
INV00001365,C01388,20-10-2025,P0259,Product P0259,3,60.29,East
INV00003428,C02209,20-10-2025,P0190,Product P0190,2,169.02,West
INV00007504,C01279,20-10-2025,P0125,Product P0125,3,133.15,West
INV00001302,C01004,20-10-2025,P0266,Product P0266,4,127.9,North
INV00001115,C00486,20-10-2025,P0168,Product P0168,3,8.6,North
INV00008174,C01349,21-10-2025,P0080,Product P0080,1,94.15,West
INV00006196,C00976,21-10-2025,P0159,Product P0159,1,84.95,West
INV00005914,C00393,21-10-2025,P0108,Product P0108,2,143.58,North
INV00009615,C01825,21-10-2025,P0062,Product P0062,2,176.64,South
INV00007608,C00446,21-10-2025,P0064,Product P0064,3,165.51,West
INV00008149,C00243,21-10-2025,P0059,Product P0059,4,119.95,North
INV00003190,C02086,21-10-2025,P0300,Product P0300,3,150.28,West
INV00006239,C02495,21-10-2025,P0101,Product P0101,5,77.83,East
INV00007214,C00358,21-10-2025,P0067,Product P0067,1,143.16,North
INV00002670,C02409,21-10-2025,P0224,Product P0224,1,121.13,North
INV00005507,C00271,21-10-2025,P0177,Product P0177,3,32.62,North
INV00007585,C00024,21-10-2025,P0053,Product P0053,4,7.94,North
INV00001524,C00377,21-10-2025,P0274,Product P0274,4,15.29,West
INV00006168,C01953,22-10-2025,P0174,Product P0174,4,152.79,North
INV00004904,C01801,22-10-2025,P0095,Product P0095,5,41.16,South
INV00005124,C01696,22-10-2025,P0088,Product P0088,2,124.63,West
INV00008217,C01475,22-10-2025,P0094,Product P0094,1,57.23,North
INV00005369,C01663,22-10-2025,P0238,Product P0238,1,174.03,West
INV00000786,C01471,22-10-2025,P0294,Product P0294,3,6.74,East
INV00006496,C02005,22-10-2025,P0022,Product P0022,2,46.37,East
INV00003869,C00555,22-10-2025,P0206,Product P0206,5,23.33,North
INV00006985,C02393,22-10-2025,P0270,Product P0270,3,18.22,South
INV00005804,C02329,22-10-2025,P0188,Product P0188,4,135.69,South
INV00008430,C01419,22-10-2025,P0002,Product P0002,2,22.19,North
INV00009546,C00012,22-10-2025,P0217,Product P0217,3,124.42,West
INV00000321,C00802,22-10-2025,P0294,Product P0294,1,131.74,West
INV00005664,C01129,23-10-2025,P0206,Product P0206,3,47.1,East
INV00005296,C01997,23-10-2025,P0116,Product P0116,2,48.62,North
INV00003328,C00528,23-10-2025,P0255,Product P0255,2,102.11,West
INV00003037,C02007,23-10-2025,P0227,Product P0227,3,99.85,East
INV00001951,C02289,23-10-2025,P0205,Product P0205,3,157.84,West
INV00003844,C00751,23-10-2025,P0238,Product P0238,4,26.05,North
INV00009496,C01543,23-10-2025,P0269,Product P0269,3,135.33,East
INV00000837,C02021,23-10-2025,P0137,Product P0137,5,27.44,East
INV00007753,C00518,23-10-2025,P0294,Product P0294,3,61.65,South
INV00001796,C00506,23-10-2025,P0253,Product P0253,4,104.93,West
INV00002805,C00431,23-10-2025,P0033,Product P0033,4,34.52,East
INV00007961,C00930,23-10-2025,P0234,Product P0234,5,96.24,North
INV00008580,C01512,23-10-2025,P0024,Product P0024,2,92.6,North
INV00003581,C02204,23-10-2025,P0105,Product P0105,3,43.93,West
INV00002730,C01155,24-10-2025,P0261,Product P0261,4,84.9,North
INV00004167,C01156,24-10-2025,P0265,Product P0265,1,152.32,North
INV00002209,C00587,24-10-2025,P0218,Product P0218,5,157.87,West
INV00006736,C01619,24-10-2025,P0228,Product P0228,2,112.84,East
INV00004650,C00657,24-10-2025,P0220,Product P0220,2,5.12,West
INV00001123,C00673,24-10-2025,P0078,Product P0078,5,9.63,West
INV00008232,C00670,24-10-2025,P0254,Product P0254,1,125.89,West
INV00008687,C00210,24-10-2025,P0106,Product P0106,1,173.19,East
INV00001299,C01327,24-10-2025,P0085,Product P0085,1,43.8,North
INV00007620,C01996,24-10-2025,P0265,Product P0265,5,109.81,East
INV00003978,C02469,24-10-2025,P0002,Product P0002,5,156.68,North
INV00006166,C01649,24-10-2025,P0024,Product P0024,2,79.06,West
INV00006341,C00744,25-10-2025,P0251,Product P0251,4,153.66,East
INV00006502,C02429,25-10-2025,P0119,Product P0119,4,76.64,West
INV00001260,C02006,25-10-2025,P0092,Product P0092,4,146.07,East
INV00007795,C00096,25-10-2025,P0169,Product P0169,3,46.46,West
INV00003723,C01877,25-10-2025,P0250,Product P0250,5,149.25,South
INV00007176,C01211,25-10-2025,P0132,Product P0132,4,17.59,West
INV00003868,C02027,25-10-2025,P0210,Product P0210,4,124.4,South
INV00008244,C01996,25-10-2025,P0289,Product P0289,2,131.84,South
INV00004578,C00500,25-10-2025,P0173,Product P0173,5,114.84,West
INV00001139,C01860,26-10-2025,P0171,Product P0171,2,34.79,East
INV00005496,C00467,26-10-2025,P0194,Product P0194,2,151.04,South
INV00005508,C00202,26-10-2025,P0255,Product P0255,1,90.31,North
INV00002897,C01651,26-10-2025,P0003,Product P0003,3,171.21,East
INV00003181,C00559,26-10-2025,P0203,Product P0203,4,75.47,East
INV00005522,C01632,26-10-2025,P0106,Product P0106,5,32.9,West
INV00001464,C00128,26-10-2025,P0266,Product P0266,1,14.91,West
INV00002605,C01896,26-10-2025,P0254,Product P0254,3,16.78,East
INV00007210,C02339,26-10-2025,P0199,Product P0199,1,141.03,South
INV00003626,C01858,27-10-2025,P0102,Product P0102,5,62.68,North
INV00004013,C01724,27-10-2025,P0251,Product P0251,3,107.59,West
INV00008623,C02199,27-10-2025,P0202,Product P0202,4,53.09,East
INV00008779,C00368,27-10-2025,P0294,Product P0294,5,38.97,West
INV00007916,C02368,27-10-2025,P0196,Product P0196,2,16.13,East
INV00006281,C00041,27-10-2025,P0050,Product P0050,2,103.59,West
INV00004398,C00647,27-10-2025,P0212,Product P0212,3,20.12,West
INV00009629,C01650,27-10-2025,P0102,Product P0102,1,111.89,South
INV00000278,C01957,27-10-2025,P0069,Product P0069,2,143.89,West
INV00001798,C00465,27-10-2025,P0159,Product P0159,1,81.03,North
INV00003120,C02168,27-10-2025,P0069,Product P0069,3,127.8,East
INV00009037,C01544,28-10-2025,P0095,Product P0095,4,9.91,East
INV00009983,C00857,28-10-2025,P0148,Product P0148,1,114.51,West
INV00002250,C01059,28-10-2025,P0020,Product P0020,5,147.26,East
INV00006122,C01495,28-10-2025,P0194,Product P0194,2,51.69,West
INV00006132,C01116,28-10-2025,P0047,Product P0047,1,80.09,North
INV00006798,C01730,28-10-2025,P0295,Product P0295,4,129.18,North
INV00004538,C01809,28-10-2025,P0274,Product P0274,1,55.33,North
INV00008715,C01291,28-10-2025,P0020,Product P0020,3,54.11,East
INV00007346,C00741,28-10-2025,P0296,Product P0296,2,154.24,South
INV00004122,C02364,28-10-2025,P0052,Product P0052,1,41.32,West
INV00006201,C02347,28-10-2025,P0237,Product P0237,5,23.85,West
INV00005096,C00433,28-10-2025,P0017,Product P0017,1,13.32,West
INV00008726,C01649,28-10-2025,P0190,Product P0190,5,39.84,North
INV00006734,C01736,28-10-2025,P0036,Product P0036,3,22.49,East
INV00000963,C02101,29-10-2025,P0027,Product P0027,2,113.79,West
INV00008561,C02419,29-10-2025,P0168,Product P0168,5,55.88,East
INV00000303,C00025,29-10-2025,P0044,Product P0044,4,146.6,East
INV00009415,C01253,29-10-2025,P0177,Product P0177,3,143.49,West
INV00007318,C02199,29-10-2025,P0170,Product P0170,4,124.61,North
INV00004462,C00848,29-10-2025,P0091,Product P0091,3,147.59,West
INV00000688,C01485,29-10-2025,P0175,Product P0175,5,57.48,West
INV00009301,C00503,29-10-2025,P0015,Product P0015,2,121.56,North
INV00004126,C01261,29-10-2025,P0083,Product P0083,4,151.27,South
INV00002634,C01407,29-10-2025,P0160,Product P0160,2,162.51,West
INV00001944,C00076,29-10-2025,P0015,Product P0015,5,176.09,South
INV00000012,C02440,29-10-2025,P0132,Product P0132,1,57.95,North
INV00002284,C01969,29-10-2025,P0048,Product P0048,2,5.49,North
INV00001790,C01884,29-10-2025,P0009,Product P0009,4,47.13,South
INV00005290,C00728,30-10-2025,P0209,Product P0209,3,74.47,North
INV00000406,C01252,30-10-2025,P0052,Product P0052,3,161.48,South
INV00008347,C00634,30-10-2025,P0080,Product P0080,3,27.7,South
INV00007551,C00889,30-10-2025,P0020,Product P0020,4,137.61,East
INV00006733,C01466,30-10-2025,P0260,Product P0260,5,159.88,North
INV00003267,C01847,30-10-2025,P0195,Product P0195,4,70.67,North
INV00002973,C01495,30-10-2025,P0273,Product P0273,1,50.66,West
INV00005371,C01960,30-10-2025,P0209,Product P0209,1,119.96,East
INV00001971,C02072,30-10-2025,P0204,Product P0204,5,138.02,West
INV00003324,C01599,30-10-2025,P0266,Product P0266,3,80.85,West
INV00005672,C01608,30-10-2025,P0102,Product P0102,1,7.28,North
INV00006056,C02150,30-10-2025,P0219,Product P0219,3,67.31,South
INV00007871,C00174,31-10-2025,P0141,Product P0141,3,170.95,East
INV00002200,C00420,31-10-2025,P0042,Product P0042,3,163.62,North
INV00003985,C02145,31-10-2025,P0229,Product P0229,3,147.93,East
INV00006847,C00275,31-10-2025,P0197,Product P0197,1,8.79,South
INV00003590,C02275,31-10-2025,P0190,Product P0190,4,5.38,West
INV00003456,C02163,31-10-2025,P0083,Product P0083,4,167.75,South
INV00009069,C01255,31-10-2025,P0025,Product P0025,5,5.61,East
INV00009035,C02162,31-10-2025,P0122,Product P0122,2,93.87,South
INV00009797,C01557,31-10-2025,P0125,Product P0125,5,44.75,East
INV00003221,C01749,31-10-2025,P0150,Product P0150,4,122.41,East
INV00008703,C02500,31-10-2025,P0129,Product P0129,1,105.44,South
INV00006895,C01749,31-10-2025,P0187,Product P0187,5,175.19,North
INV00001966,C01855,01-11-2025,P0249,Product P0249,1,133.17,South
INV00005094,C02425,01-11-2025,P0160,Product P0160,5,7.33,South
INV00005353,C00304,01-11-2025,P0081,Product P0081,3,65.3,East
INV00007850,C00519,01-11-2025,P0133,Product P0133,4,102.45,South
INV00005917,C00813,01-11-2025,P0126,Product P0126,5,152.06,South
INV00000324,C02291,01-11-2025,P0282,Product P0282,3,17.89,North
INV00004163,C01408,01-11-2025,P0077,Product P0077,2,54.1,East
INV00001973,C01705,01-11-2025,P0172,Product P0172,2,161.09,West
INV00009474,C01705,01-11-2025,P0008,Product P0008,4,102.57,East
INV00007014,C01242,01-11-2025,P0171,Product P0171,1,42.39,South
INV00005648,C02390,01-11-2025,P0076,Product P0076,4,137.6,East
INV00009875,C02194,01-11-2025,P0004,Product P0004,5,177.86,East
INV00006381,C00728,01-11-2025,P0057,Product P0057,4,131.83,North
INV00007772,C00099,01-11-2025,P0046,Product P0046,3,19.85,North
INV00002425,C00872,02-11-2025,P0104,Product P0104,4,160.52,South
INV00001422,C02487,02-11-2025,P0232,Product P0232,5,130.92,West
INV00009360,C02187,02-11-2025,P0122,Product P0122,4,25.2,North
INV00001058,C01931,02-11-2025,P0287,Product P0287,1,134.36,North
INV00009318,C01436,02-11-2025,P0280,Product P0280,2,15.81,North
INV00008935,C00904,02-11-2025,P0250,Product P0250,4,74.64,East
INV00000103,C02013,02-11-2025,P0268,Product P0268,4,135.04,North
INV00002996,C01578,02-11-2025,P0142,Product P0142,5,18.88,East
INV00004704,C02135,02-11-2025,P0048,Product P0048,3,15.67,East
INV00009086,C02475,02-11-2025,P0133,Product P0133,4,114.77,South
INV00006274,C02108,02-11-2025,P0167,Product P0167,1,60.13,South
INV00004758,C00335,02-11-2025,P0128,Product P0128,4,49.06,North
INV00005779,C01768,02-11-2025,P0142,Product P0142,3,64.9,East
INV00006961,C00709,02-11-2025,P0032,Product P0032,2,47.02,West
INV00005388,C02468,02-11-2025,P0068,Product P0068,2,9.89,East
INV00004135,C02468,03-11-2025,P0157,Product P0157,4,48.21,East
INV00008635,C02035,03-11-2025,P0243,Product P0243,2,51.18,West
INV00002709,C01827,03-11-2025,P0235,Product P0235,1,152.23,North
INV00006380,C00721,03-11-2025,P0241,Product P0241,4,163.43,East
INV00000137,C01508,03-11-2025,P0117,Product P0117,1,14.36,West
INV00009428,C02253,03-11-2025,P0240,Product P0240,1,78.46,East
INV00003798,C00163,03-11-2025,P0181,Product P0181,2,66.52,South
INV00005910,C01295,03-11-2025,P0252,Product P0252,5,125.16,South
INV00008535,C01245,03-11-2025,P0221,Product P0221,2,159.39,South
INV00001731,C01947,03-11-2025,P0174,Product P0174,4,22.74,South
INV00000521,C00895,03-11-2025,P0298,Product P0298,3,19.95,North
INV00004819,C01336,04-11-2025,P0157,Product P0157,4,140.73,North
INV00006936,C00754,04-11-2025,P0151,Product P0151,4,145.89,East
INV00007183,C00152,04-11-2025,P0175,Product P0175,3,133.07,East
INV00008065,C01931,04-11-2025,P0139,Product P0139,2,39.29,West
INV00008107,C01228,04-11-2025,P0155,Product P0155,3,8.69,North
INV00009070,C01258,04-11-2025,P0276,Product P0276,5,133.89,West
INV00008007,C01033,04-11-2025,P0149,Product P0149,5,145.88,West
INV00002655,C02128,04-11-2025,P0225,Product P0225,3,39.93,East
INV00002488,C00139,04-11-2025,P0238,Product P0238,4,48.74,East
INV00004069,C01846,04-11-2025,P0160,Product P0160,2,160.41,West
INV00008250,C02492,05-11-2025,P0258,Product P0258,4,152.14,West
INV00003866,C01942,05-11-2025,P0173,Product P0173,1,26.75,East
INV00006253,C00689,05-11-2025,P0124,Product P0124,5,153.1,South
INV00005092,C00939,05-11-2025,P0092,Product P0092,4,135.7,East
INV00003948,C00923,05-11-2025,P0286,Product P0286,2,41.96,South
INV00005420,C01608,05-11-2025,P0200,Product P0200,2,167.94,North
INV00007276,C00542,05-11-2025,P0118,Product P0118,2,165.33,East
INV00000445,C01271,05-11-2025,P0263,Product P0263,4,163.59,East
INV00009796,C01266,05-11-2025,P0240,Product P0240,1,114.5,South
INV00001637,C00414,05-11-2025,P0101,Product P0101,1,176.62,West
INV00006706,C00097,05-11-2025,P0243,Product P0243,4,46.82,North
INV00001940,C00520,05-11-2025,P0240,Product P0240,3,19.35,East
INV00004573,C01238,05-11-2025,P0105,Product P0105,2,154.9,North
INV00007971,C00546,05-11-2025,P0293,Product P0293,4,9.58,West
INV00003507,C02093,05-11-2025,P0180,Product P0180,5,136.46,North
INV00002841,C01095,05-11-2025,P0036,Product P0036,5,17.61,West
INV00008827,C00567,05-11-2025,P0184,Product P0184,5,115.33,East
INV00005013,C01498,06-11-2025,P0109,Product P0109,4,68.16,West
INV00000600,C01607,06-11-2025,P0028,Product P0028,5,121.48,West
INV00009821,C01998,06-11-2025,P0111,Product P0111,4,131.01,North
INV00006328,C01788,06-11-2025,P0067,Product P0067,1,141.96,West
INV00004895,C01206,06-11-2025,P0111,Product P0111,3,129.29,South
INV00008037,C02409,06-11-2025,P0187,Product P0187,3,173.74,West
INV00002246,C02082,06-11-2025,P0207,Product P0207,4,60.34,East
INV00002644,C01165,06-11-2025,P0114,Product P0114,2,160.3,West
INV00007059,C02419,06-11-2025,P0219,Product P0219,5,129.38,South
INV00002419,C00721,06-11-2025,P0044,Product P0044,5,12.76,North
INV00005274,C01162,07-11-2025,P0150,Product P0150,1,39.94,East
INV00008846,C01534,07-11-2025,P0171,Product P0171,3,109.7,East
INV00008434,C01698,07-11-2025,P0295,Product P0295,5,99.42,South
INV00005387,C00588,07-11-2025,P0287,Product P0287,1,172.2,West
INV00006485,C01784,07-11-2025,P0054,Product P0054,5,109.12,West
INV00004413,C00834,07-11-2025,P0184,Product P0184,1,80.96,East
INV00004414,C01796,07-11-2025,P0164,Product P0164,3,95.45,North
INV00006212,C01691,07-11-2025,P0008,Product P0008,4,41.8,East
INV00004080,C01910,07-11-2025,P0278,Product P0278,3,70.07,West
INV00000794,C02064,07-11-2025,P0094,Product P0094,1,37.7,North
INV00009449,C01933,07-11-2025,P0093,Product P0093,1,146.16,East
INV00006093,C00440,07-11-2025,P0205,Product P0205,3,98.53,East
INV00002760,C01073,07-11-2025,P0139,Product P0139,2,10,West
INV00000040,C01580,07-11-2025,P0132,Product P0132,4,144.93,North
INV00001512,C00571,08-11-2025,P0183,Product P0183,3,33.67,South
INV00004969,C00093,08-11-2025,P0114,Product P0114,4,125.38,North
INV00006710,C01239,08-11-2025,P0158,Product P0158,5,147.07,North
INV00009626,C01270,08-11-2025,P0189,Product P0189,5,27.17,South
INV00004277,C00171,08-11-2025,P0081,Product P0081,1,8.52,South
INV00009147,C01760,08-11-2025,P0079,Product P0079,1,59.97,East
INV00005885,C00328,08-11-2025,P0022,Product P0022,2,120.77,East
INV00008995,C00060,08-11-2025,P0184,Product P0184,1,167.43,North
INV00000295,C01363,08-11-2025,P0233,Product P0233,1,162.52,West
INV00001507,C02286,09-11-2025,P0100,Product P0100,3,54.09,East
INV00007000,C02136,09-11-2025,P0002,Product P0002,4,78.21,East
INV00009161,C01701,09-11-2025,P0070,Product P0070,5,52.31,South
INV00009026,C02194,09-11-2025,P0076,Product P0076,4,76.14,North
INV00001699,C00900,09-11-2025,P0289,Product P0289,3,142.36,South
INV00009949,C02297,09-11-2025,P0199,Product P0199,5,170.11,North
INV00008756,C00489,09-11-2025,P0053,Product P0053,4,156.08,West
INV00009193,C02173,09-11-2025,P0069,Product P0069,4,64.76,South
INV00002154,C01362,10-11-2025,P0188,Product P0188,1,68.96,South
INV00008626,C00647,10-11-2025,P0077,Product P0077,5,160.28,South
INV00000664,C00507,10-11-2025,P0223,Product P0223,5,117.15,West
INV00001425,C00640,10-11-2025,P0097,Product P0097,3,129.36,South
INV00007751,C01605,10-11-2025,P0244,Product P0244,1,151.33,South
INV00008188,C00467,10-11-2025,P0067,Product P0067,4,141.53,West
INV00007013,C01857,10-11-2025,P0087,Product P0087,1,115.58,North
INV00004642,C00082,10-11-2025,P0015,Product P0015,3,82.85,South
INV00001271,C00923,10-11-2025,P0126,Product P0126,3,176.2,East
INV00005983,C02321,10-11-2025,P0245,Product P0245,4,156.3,East
INV00004748,C00628,10-11-2025,P0247,Product P0247,1,69.77,North
INV00000306,C00351,10-11-2025,P0143,Product P0143,1,122.49,West
INV00005136,C00250,10-11-2025,P0191,Product P0191,2,43.86,South
INV00003353,C00265,10-11-2025,P0103,Product P0103,2,104.1,South
INV00005521,C01093,10-11-2025,P0252,Product P0252,3,167.43,North
INV00005566,C01595,10-11-2025,P0152,Product P0152,3,28.72,South
INV00004377,C00792,10-11-2025,P0091,Product P0091,1,72.76,South
INV00001142,C00847,10-11-2025,P0045,Product P0045,3,68.69,North
INV00009804,C00722,11-11-2025,P0061,Product P0061,3,68.22,West
INV00006022,C00733,11-11-2025,P0290,Product P0290,3,179.94,East
INV00008686,C01422,11-11-2025,P0251,Product P0251,3,43.2,East
INV00008693,C02481,11-11-2025,P0001,Product P0001,4,101.56,West
INV00007429,C02222,11-11-2025,P0116,Product P0116,1,110.53,South
INV00004979,C02309,11-11-2025,P0039,Product P0039,5,129.11,North
INV00003362,C01862,11-11-2025,P0199,Product P0199,3,110.76,South
INV00002989,C02259,11-11-2025,P0098,Product P0098,3,124.86,West
INV00009094,C02451,11-11-2025,P0203,Product P0203,3,95.77,South
INV00009173,C00179,11-11-2025,P0004,Product P0004,2,102.78,North
INV00001886,C00449,11-11-2025,P0045,Product P0045,3,50.33,West
INV00002487,C00611,11-11-2025,P0051,Product P0051,2,99.98,East
INV00007553,C01250,11-11-2025,P0152,Product P0152,2,95.14,South
INV00001413,C00627,12-11-2025,P0243,Product P0243,3,120.92,West
INV00001415,C01463,12-11-2025,P0135,Product P0135,4,97.41,South
INV00008499,C01508,12-11-2025,P0052,Product P0052,1,80.63,East
INV00007047,C01490,12-11-2025,P0148,Product P0148,3,63.18,North
INV00008046,C00788,12-11-2025,P0273,Product P0273,4,163.6,West
INV00008489,C01322,12-11-2025,P0289,Product P0289,4,106.29,North
INV00002096,C01946,12-11-2025,P0029,Product P0029,3,135.02,West
INV00001686,C01301,12-11-2025,P0082,Product P0082,2,144.16,South
INV00002334,C02058,12-11-2025,P0181,Product P0181,1,151.94,West
INV00007195,C01857,12-11-2025,P0250,Product P0250,3,4.58,West
INV00007291,C01680,12-11-2025,P0291,Product P0291,1,23.81,North
INV00005569,C00786,12-11-2025,P0077,Product P0077,5,119.09,West
INV00008745,C01016,12-11-2025,P0030,Product P0030,5,96.9,South
INV00006427,C02439,13-11-2025,P0250,Product P0250,4,19.72,West
INV00000820,C02498,13-11-2025,P0246,Product P0246,2,132.23,East
INV00000435,C01085,13-11-2025,P0183,Product P0183,3,42.92,East
INV00006163,C00563,13-11-2025,P0208,Product P0208,3,82.75,West
INV00008772,C02289,13-11-2025,P0155,Product P0155,4,37.01,West
INV00007082,C02222,13-11-2025,P0055,Product P0055,1,26.14,West
INV00002950,C01299,13-11-2025,P0035,Product P0035,1,159.02,North
INV00008840,C01277,13-11-2025,P0293,Product P0293,2,4.75,North
INV00008597,C02494,13-11-2025,P0040,Product P0040,4,97.86,West
INV00006787,C01624,13-11-2025,P0022,Product P0022,5,41.78,East
INV00004306,C01926,13-11-2025,P0300,Product P0300,5,59.2,West
INV00001842,C00243,13-11-2025,P0140,Product P0140,3,75.2,South
INV00008115,C00777,13-11-2025,P0062,Product P0062,2,29.14,North
INV00005462,C00007,13-11-2025,P0197,Product P0197,5,104.28,West
INV00007612,C00394,13-11-2025,P0165,Product P0165,1,20.35,East
INV00006082,C00950,13-11-2025,P0052,Product P0052,5,131.73,East
INV00005683,C00952,14-11-2025,P0121,Product P0121,1,94.99,West
INV00009992,C00559,14-11-2025,P0135,Product P0135,5,133.01,East
INV00008042,C00555,14-11-2025,P0091,Product P0091,4,90.57,East
INV00008119,C01062,14-11-2025,P0132,Product P0132,5,68.17,North
INV00006548,C01775,14-11-2025,P0218,Product P0218,2,104.25,South
INV00006580,C01084,14-11-2025,P0075,Product P0075,5,19.54,North
INV00009639,C02258,14-11-2025,P0029,Product P0029,2,156.4,West
INV00002676,C01486,14-11-2025,P0102,Product P0102,3,60.22,South
INV00008802,C01996,14-11-2025,P0200,Product P0200,1,8.59,North
INV00006570,C00477,14-11-2025,P0032,Product P0032,5,157.93,West
INV00002273,C00743,14-11-2025,P0082,Product P0082,4,81.25,South
INV00002345,C01469,14-11-2025,P0169,Product P0169,5,4.71,West
INV00009566,C02291,14-11-2025,P0199,Product P0199,3,12.68,West
INV00004439,C00861,14-11-2025,P0057,Product P0057,5,42.91,West
INV00005287,C00718,14-11-2025,P0183,Product P0183,4,150.79,North
INV00002405,C00960,14-11-2025,P0093,Product P0093,5,55.06,North
INV00004518,C00147,14-11-2025,P0214,Product P0214,2,31.7,North
INV00004598,C00013,14-11-2025,P0273,Product P0273,2,48.17,West
INV00008571,C02335,14-11-2025,P0057,Product P0057,5,177.42,West
INV00009007,C01969,15-11-2025,P0066,Product P0066,5,28.49,North
INV00004914,C01516,15-11-2025,P0220,Product P0220,2,148.21,North
INV00007045,C02105,15-11-2025,P0221,Product P0221,1,153.52,West
INV00001901,C01338,15-11-2025,P0273,Product P0273,1,27.91,South
INV00009088,C01234,15-11-2025,P0158,Product P0158,5,139.27,West
INV00002146,C01110,15-11-2025,P0004,Product P0004,5,168.73,South
INV00003347,C01507,15-11-2025,P0145,Product P0145,3,119.58,North
INV00005323,C01725,15-11-2025,P0051,Product P0051,3,141.38,North
INV00009799,C01785,15-11-2025,P0099,Product P0099,2,39.22,North
INV00002322,C00088,15-11-2025,P0207,Product P0207,1,129.91,East
INV00009813,C00851,15-11-2025,P0007,Product P0007,4,169.58,South
INV00005303,C00444,15-11-2025,P0253,Product P0253,4,92.01,East
INV00003636,C01182,15-11-2025,P0058,Product P0058,2,143.03,West
INV00002466,C00489,15-11-2025,P0246,Product P0246,1,100.2,East
INV00004108,C02107,15-11-2025,P0129,Product P0129,3,97.72,South
INV00009783,C02480,16-11-2025,P0226,Product P0226,3,91.24,West
INV00009023,C01946,16-11-2025,P0072,Product P0072,1,93.94,East
INV00005577,C01446,16-11-2025,P0205,Product P0205,4,57.72,East
INV00008433,C00207,16-11-2025,P0268,Product P0268,3,166.09,East
INV00009245,C01883,16-11-2025,P0118,Product P0118,1,82.96,West
INV00002193,C00717,16-11-2025,P0129,Product P0129,2,50.91,East
INV00002295,C01787,16-11-2025,P0220,Product P0220,4,6.31,East
INV00000524,C02062,16-11-2025,P0176,Product P0176,5,26.82,East
INV00009942,C01567,16-11-2025,P0217,Product P0217,4,97.05,North
INV00009344,C00767,16-11-2025,P0290,Product P0290,1,176,East
INV00003805,C00056,16-11-2025,P0216,Product P0216,2,78.43,North
INV00000581,C00234,16-11-2025,P0222,Product P0222,1,17.93,East
INV00000882,C02128,16-11-2025,P0039,Product P0039,2,79.49,South
INV00008871,C00015,16-11-2025,P0058,Product P0058,5,96.18,North
INV00009554,C01077,16-11-2025,P0036,Product P0036,4,30.46,North
INV00001573,C01836,16-11-2025,P0244,Product P0244,4,128.05,North
INV00001268,C00932,16-11-2025,P0022,Product P0022,4,35.18,East
INV00008927,C00528,16-11-2025,P0056,Product P0056,3,141.37,South
INV00005719,C00017,16-11-2025,P0014,Product P0014,1,178.64,North
INV00003348,C00321,16-11-2025,P0131,Product P0131,4,133.53,South
INV00003385,C01996,16-11-2025,P0058,Product P0058,1,110.08,South
INV00008604,C01785,17-11-2025,P0111,Product P0111,4,55.73,South
INV00005775,C01232,17-11-2025,P0109,Product P0109,3,139.22,South
INV00009790,C01730,17-11-2025,P0164,Product P0164,3,137.56,East
INV00006900,C02055,17-11-2025,P0238,Product P0238,1,144.98,East
INV00006481,C01644,17-11-2025,P0267,Product P0267,4,124.78,East
INV00001151,C00925,17-11-2025,P0002,Product P0002,3,44.8,North
INV00005987,C02285,17-11-2025,P0101,Product P0101,1,136.02,East
INV00002359,C01564,17-11-2025,P0298,Product P0298,5,113.77,North
INV00006924,C01974,18-11-2025,P0197,Product P0197,3,166.46,South
INV00003479,C01024,18-11-2025,P0119,Product P0119,1,130.79,West
INV00002498,C02221,18-11-2025,P0185,Product P0185,2,141.9,East
INV00005282,C01792,18-11-2025,P0010,Product P0010,3,98.58,East
INV00008239,C01304,18-11-2025,P0245,Product P0245,2,161.86,West
INV00002326,C02058,18-11-2025,P0103,Product P0103,2,100.5,East
INV00001556,C00407,18-11-2025,P0165,Product P0165,3,19.62,East
INV00008464,C00082,18-11-2025,P0238,Product P0238,2,131.85,North
INV00000009,C00504,18-11-2025,P0282,Product P0282,4,80.31,East
INV00008087,C01681,18-11-2025,P0212,Product P0212,3,167.05,North
INV00003298,C02270,18-11-2025,P0275,Product P0275,2,64.28,East
INV00003478,C01329,19-11-2025,P0238,Product P0238,2,104.17,North
INV00009462,C00792,19-11-2025,P0090,Product P0090,4,12.67,West
INV00004928,C01481,19-11-2025,P0272,Product P0272,1,102.29,West
INV00006926,C00017,19-11-2025,P0198,Product P0198,3,7.84,North
INV00009187,C00087,19-11-2025,P0089,Product P0089,2,170.81,South
INV00000901,C00011,19-11-2025,P0020,Product P0020,3,28.64,East
INV00008420,C00507,19-11-2025,P0224,Product P0224,2,132.39,East
INV00000646,C00821,19-11-2025,P0260,Product P0260,2,29.75,East
INV00009889,C02335,20-11-2025,P0121,Product P0121,2,44.25,West
INV00000208,C02423,20-11-2025,P0185,Product P0185,5,155.36,West
INV00004258,C00225,20-11-2025,P0256,Product P0256,1,95.09,West
INV00006818,C01265,20-11-2025,P0265,Product P0265,1,145.04,North
INV00004213,C01040,20-11-2025,P0287,Product P0287,1,176.28,South
INV00004623,C02067,20-11-2025,P0168,Product P0168,5,148.75,West
INV00003862,C01611,20-11-2025,P0073,Product P0073,4,29.09,East
INV00007070,C01763,20-11-2025,P0222,Product P0222,3,42.9,East
INV00007261,C00508,20-11-2025,P0071,Product P0071,5,94.43,East
INV00008053,C01089,20-11-2025,P0065,Product P0065,2,139.79,South
INV00007003,C02425,20-11-2025,P0257,Product P0257,4,61.01,South
INV00001066,C00970,20-11-2025,P0156,Product P0156,2,170.91,North
INV00007680,C00708,20-11-2025,P0209,Product P0209,3,124.33,North
INV00009465,C00311,20-11-2025,P0240,Product P0240,5,20.71,East
INV00006597,C02155,20-11-2025,P0282,Product P0282,5,120.1,East
INV00007589,C00252,20-11-2025,P0174,Product P0174,2,67.67,North
INV00001127,C02136,20-11-2025,P0081,Product P0081,4,159.58,East
INV00001401,C02137,20-11-2025,P0104,Product P0104,1,161.79,West
INV00008508,C01327,21-11-2025,P0234,Product P0234,1,57.94,South
INV00005015,C01648,21-11-2025,P0203,Product P0203,5,8.29,East
INV00005129,C01693,21-11-2025,P0027,Product P0027,4,11.65,South
INV00001554,C01548,21-11-2025,P0213,Product P0213,5,174.63,South
INV00002296,C02004,21-11-2025,P0098,Product P0098,1,170.22,East
INV00003806,C02122,21-11-2025,P0209,Product P0209,3,99.7,West
INV00007440,C01189,21-11-2025,P0012,Product P0012,1,77.23,East
INV00008813,C01377,21-11-2025,P0227,Product P0227,4,6.95,West
INV00008297,C01965,21-11-2025,P0018,Product P0018,4,73.15,North
INV00007571,C01721,21-11-2025,P0041,Product P0041,3,90.36,South
INV00002698,C01045,21-11-2025,P0149,Product P0149,3,144.02,South
INV00009686,C00688,21-11-2025,P0056,Product P0056,2,99.05,North
INV00009660,C02273,21-11-2025,P0155,Product P0155,5,38.73,East
INV00001324,C02217,22-11-2025,P0005,Product P0005,4,111.54,North
INV00003770,C00834,22-11-2025,P0282,Product P0282,2,157.24,South
INV00006305,C00752,22-11-2025,P0206,Product P0206,3,108.43,West
INV00001230,C00721,22-11-2025,P0189,Product P0189,3,164.26,West
INV00008841,C00720,22-11-2025,P0020,Product P0020,1,138.22,West
INV00004219,C01317,22-11-2025,P0132,Product P0132,1,176.22,West
INV00008129,C00522,22-11-2025,P0095,Product P0095,3,51.48,North
INV00001248,C01163,22-11-2025,P0185,Product P0185,3,17.11,East
INV00003687,C00264,22-11-2025,P0043,Product P0043,4,19.05,South
INV00003980,C00377,22-11-2025,P0018,Product P0018,4,128.34,North
INV00006348,C02462,22-11-2025,P0162,Product P0162,3,167.15,West
INV00000503,C02407,22-11-2025,P0197,Product P0197,1,77.62,South
INV00007813,C00243,22-11-2025,P0274,Product P0274,5,116.34,North
INV00006060,C00945,23-11-2025,P0178,Product P0178,2,20.96,West
INV00005694,C00582,23-11-2025,P0153,Product P0153,3,155.85,North
INV00008903,C01425,23-11-2025,P0099,Product P0099,1,43.48,East
INV00000863,C00301,23-11-2025,P0004,Product P0004,5,76.13,East
INV00007170,C02288,23-11-2025,P0255,Product P0255,3,67.2,South
INV00009778,C00985,23-11-2025,P0012,Product P0012,5,170.19,East
INV00003904,C00031,23-11-2025,P0291,Product P0291,3,153.81,South
INV00007363,C00004,23-11-2025,P0115,Product P0115,2,47.68,East
INV00008730,C01862,23-11-2025,P0229,Product P0229,2,16.65,West
INV00009201,C01136,23-11-2025,P0055,Product P0055,5,165.72,North
INV00004450,C02246,23-11-2025,P0198,Product P0198,1,178.66,West
INV00006624,C02343,24-11-2025,P0095,Product P0095,4,168.56,South
INV00003081,C01099,24-11-2025,P0082,Product P0082,5,161.11,North
INV00004350,C00880,24-11-2025,P0108,Product P0108,5,146.78,North
INV00009734,C00734,24-11-2025,P0001,Product P0001,3,104.06,South
INV00007994,C00239,24-11-2025,P0251,Product P0251,2,5.82,West
INV00003448,C01409,24-11-2025,P0039,Product P0039,2,16.52,South
INV00002014,C02305,24-11-2025,P0197,Product P0197,5,113.94,East
INV00003809,C01298,24-11-2025,P0022,Product P0022,5,152.12,South
INV00000541,C01773,25-11-2025,P0143,Product P0143,4,69.12,North
INV00003327,C00402,25-11-2025,P0248,Product P0248,5,75.75,West
INV00000905,C01148,25-11-2025,P0155,Product P0155,2,148.77,South
INV00009591,C00583,25-11-2025,P0064,Product P0064,4,91.88,East
INV00008270,C01274,25-11-2025,P0008,Product P0008,4,171.33,South
INV00007538,C01656,25-11-2025,P0170,Product P0170,2,52.25,East
INV00006977,C01978,25-11-2025,P0089,Product P0089,1,33.78,East
INV00007722,C01175,25-11-2025,P0065,Product P0065,3,128.98,North
INV00001527,C00798,25-11-2025,P0103,Product P0103,5,39.18,North
INV00001318,C01476,25-11-2025,P0040,Product P0040,3,108.53,North
INV00009950,C01456,25-11-2025,P0193,Product P0193,1,23.02,East
INV00007623,C02102,25-11-2025,P0116,Product P0116,4,28.55,South
INV00004992,C01306,25-11-2025,P0224,Product P0224,5,13.45,West
INV00004978,C00278,25-11-2025,P0049,Product P0049,5,61.24,East
INV00005517,C01315,25-11-2025,P0087,Product P0087,3,31.1,West
INV00000765,C00902,25-11-2025,P0271,Product P0271,5,72.33,West
INV00008582,C00211,25-11-2025,P0122,Product P0122,5,48.8,South
INV00004774,C02468,25-11-2025,P0165,Product P0165,1,114.73,East
INV00003839,C02400,25-11-2025,P0211,Product P0211,3,13.8,North
INV00002462,C00538,25-11-2025,P0273,Product P0273,1,48.39,North
INV00007797,C02180,26-11-2025,P0287,Product P0287,5,176.32,West
INV00006621,C00291,26-11-2025,P0248,Product P0248,4,140.78,North
INV00009618,C01091,26-11-2025,P0133,Product P0133,3,116.96,South
INV00001478,C00986,26-11-2025,P0275,Product P0275,4,88.53,West
INV00001312,C00871,26-11-2025,P0061,Product P0061,2,137.91,North
INV00000694,C02366,26-11-2025,P0218,Product P0218,3,142.74,West
INV00003860,C01098,26-11-2025,P0293,Product P0293,5,145.56,East
INV00004976,C02007,26-11-2025,P0006,Product P0006,3,67.78,North
INV00003450,C01240,27-11-2025,P0128,Product P0128,1,64.87,East
INV00005647,C02197,27-11-2025,P0130,Product P0130,4,146.55,West
INV00002733,C02329,27-11-2025,P0188,Product P0188,3,141.08,South
INV00008796,C01892,27-11-2025,P0260,Product P0260,1,118.73,East
INV00004006,C02383,27-11-2025,P0180,Product P0180,1,139.72,West
INV00008761,C02398,27-11-2025,P0256,Product P0256,5,101.53,North
INV00002585,C00877,27-11-2025,P0257,Product P0257,5,34.16,West
INV00001782,C00849,27-11-2025,P0290,Product P0290,2,155.38,South
INV00003379,C02145,27-11-2025,P0138,Product P0138,3,167.39,South
INV00001921,C00984,27-11-2025,P0259,Product P0259,2,33.4,South
INV00008202,C00738,27-11-2025,P0095,Product P0095,1,122.57,South
INV00003035,C00250,27-11-2025,P0272,Product P0272,3,79.12,North
INV00000237,C01659,27-11-2025,P0285,Product P0285,2,123.03,East
INV00006762,C00717,27-11-2025,P0150,Product P0150,2,168.97,North
INV00002346,C00644,27-11-2025,P0118,Product P0118,5,53.01,West
INV00009003,C01683,27-11-2025,P0219,Product P0219,3,37.43,North
INV00004346,C01257,27-11-2025,P0221,Product P0221,2,80.83,East
INV00008709,C01232,27-11-2025,P0073,Product P0073,1,153.5,North
INV00007472,C02438,27-11-2025,P0083,Product P0083,5,54.06,South
INV00006236,C01684,27-11-2025,P0101,Product P0101,5,95.79,South
INV00003881,C02162,27-11-2025,P0079,Product P0079,2,63.99,South
INV00001417,C01588,27-11-2025,P0233,Product P0233,3,88.62,South
INV00006633,C00482,28-11-2025,P0108,Product P0108,4,141.52,North
INV00009784,C00702,28-11-2025,P0152,Product P0152,2,63.23,West
INV00009835,C00298,28-11-2025,P0088,Product P0088,1,21.02,West
INV00005188,C00312,28-11-2025,P0244,Product P0244,2,88.46,South
INV00003041,C00988,28-11-2025,P0020,Product P0020,1,21.02,North
INV00002367,C00844,28-11-2025,P0186,Product P0186,2,162.91,West
INV00001706,C02148,28-11-2025,P0008,Product P0008,4,79.29,West
INV00006854,C00216,28-11-2025,P0238,Product P0238,5,79.33,East
INV00008755,C01826,28-11-2025,P0007,Product P0007,1,120.89,West
INV00005418,C00426,28-11-2025,P0112,Product P0112,2,163.64,North
INV00008287,C00132,28-11-2025,P0016,Product P0016,1,12.15,North
INV00002689,C01596,28-11-2025,P0124,Product P0124,2,145.15,West
INV00008295,C00248,28-11-2025,P0082,Product P0082,2,19.21,East
INV00009212,C00805,28-11-2025,P0284,Product P0284,5,158.24,North
INV00004691,C00004,29-11-2025,P0219,Product P0219,3,116.74,North
INV00008833,C02388,29-11-2025,P0242,Product P0242,4,46.92,North
INV00006388,C01750,29-11-2025,P0278,Product P0278,2,130.98,East
INV00008795,C01105,29-11-2025,P0263,Product P0263,4,65.62,South
INV00004400,C01658,29-11-2025,P0208,Product P0208,4,79.11,North
INV00004626,C00962,29-11-2025,P0121,Product P0121,1,13.37,North
INV00009250,C00274,29-11-2025,P0236,Product P0236,5,45.33,South
INV00008293,C00150,29-11-2025,P0139,Product P0139,1,143.68,South
INV00006911,C01586,29-11-2025,P0151,Product P0151,5,117.33,North
INV00009785,C01182,29-11-2025,P0002,Product P0002,4,113.77,South
INV00004935,C00950,29-11-2025,P0003,Product P0003,2,130.92,North
INV00004945,C00090,29-11-2025,P0110,Product P0110,4,13.02,East
INV00001720,C01293,29-11-2025,P0076,Product P0076,3,69.92,West
INV00006867,C01121,29-11-2025,P0135,Product P0135,3,151.9,North
INV00001018,C01236,29-11-2025,P0236,Product P0236,1,125.64,South
INV00006921,C00644,29-11-2025,P0011,Product P0011,2,49.03,East
INV00001350,C01489,29-11-2025,P0155,Product P0155,5,69.49,North
INV00001140,C01349,30-11-2025,P0264,Product P0264,5,170.13,West
INV00001212,C01956,30-11-2025,P0167,Product P0167,1,92.7,North
INV00002920,C00946,30-11-2025,P0214,Product P0214,1,65.86,North
INV00009066,C01635,30-11-2025,P0289,Product P0289,3,135.75,North
INV00002970,C01595,30-11-2025,P0293,Product P0293,2,13.45,North
INV00003029,C00562,30-11-2025,P0062,Product P0062,5,102.47,East
INV00000095,C02246,30-11-2025,P0243,Product P0243,2,105.16,East
INV00007159,C00388,30-11-2025,P0003,Product P0003,3,25.29,West
INV00003833,C02021,30-11-2025,P0277,Product P0277,3,145.74,North
INV00008729,C02487,30-11-2025,P0010,Product P0010,3,50.65,West
INV00005916,C00030,30-11-2025,P0077,Product P0077,3,66.11,West
INV00005363,C01458,30-11-2025,P0198,Product P0198,5,163.54,South
INV00008945,C00048,30-11-2025,P0048,Product P0048,3,102.98,East
INV00008479,C01566,30-11-2025,P0198,Product P0198,5,55.44,South
INV00006234,C00399,30-11-2025,P0175,Product P0175,3,76.26,West
INV00005084,C01093,30-11-2025,P0116,Product P0116,3,45.04,East
INV00008583,C00648,30-11-2025,P0032,Product P0032,3,63.45,South
INV00005871,C01968,30-11-2025,P0016,Product P0016,1,63.55,South
INV00004403,C01000,30-11-2025,P0105,Product P0105,2,139.18,East
INV00000286,C02345,01-12-2025,P0096,Product P0096,2,33.49,East
INV00001942,C00633,01-12-2025,P0116,Product P0116,3,108.05,North
INV00000716,C01999,01-12-2025,P0126,Product P0126,4,57.5,North
INV00004724,C00130,01-12-2025,P0232,Product P0232,3,72.09,South
INV00008565,C00321,01-12-2025,P0135,Product P0135,4,157.18,West
INV00005422,C02430,01-12-2025,P0131,Product P0131,4,93.73,West
INV00008355,C01392,01-12-2025,P0014,Product P0014,4,149.55,East
INV00009650,C01029,01-12-2025,P0116,Product P0116,3,176.26,South
INV00003976,C01733,02-12-2025,P0017,Product P0017,1,38.47,East
INV00007594,C01623,02-12-2025,P0144,Product P0144,1,117.54,West
INV00009604,C00522,02-12-2025,P0183,Product P0183,4,87.43,North
INV00003370,C00295,02-12-2025,P0067,Product P0067,5,65.51,North
INV00001609,C00591,02-12-2025,P0185,Product P0185,3,9.03,East
INV00001183,C01727,02-12-2025,P0184,Product P0184,1,86.8,East
INV00005405,C00062,02-12-2025,P0298,Product P0298,2,57.25,East
INV00000855,C00720,02-12-2025,P0089,Product P0089,4,174.35,East
INV00005425,C00752,02-12-2025,P0219,Product P0219,5,147.11,North
INV00007150,C00806,02-12-2025,P0286,Product P0286,3,131.88,West
INV00008902,C02106,02-12-2025,P0283,Product P0283,4,39.25,North
INV00007038,C01359,03-12-2025,P0166,Product P0166,3,161.42,North
INV00006140,C01122,03-12-2025,P0295,Product P0295,4,174.66,East
INV00002953,C02342,03-12-2025,P0272,Product P0272,4,20.1,West
INV00005283,C02066,03-12-2025,P0217,Product P0217,3,126.06,West
INV00002616,C01673,03-12-2025,P0255,Product P0255,5,121.46,North
INV00005268,C01576,03-12-2025,P0174,Product P0174,3,140.58,West
INV00005429,C00075,03-12-2025,P0064,Product P0064,4,112.84,West
INV00005986,C00774,03-12-2025,P0029,Product P0029,2,117.4,North
INV00005611,C00694,03-12-2025,P0225,Product P0225,1,113.99,South
INV00007786,C01290,03-12-2025,P0226,Product P0226,5,116.38,East
INV00000887,C00133,03-12-2025,P0001,Product P0001,2,167.99,South
INV00008789,C00123,03-12-2025,P0053,Product P0053,4,29.82,South
INV00002224,C01058,03-12-2025,P0115,Product P0115,3,50.58,East
INV00008345,C00753,03-12-2025,P0125,Product P0125,5,6.8,West
INV00009231,C01380,03-12-2025,P0046,Product P0046,2,8.83,South
INV00007792,C01551,04-12-2025,P0036,Product P0036,4,160.05,North
INV00003848,C00900,04-12-2025,P0153,Product P0153,4,162.1,West
INV00006011,C00992,04-12-2025,P0007,Product P0007,5,109.66,West
INV00003199,C02448,04-12-2025,P0025,Product P0025,4,151.63,West
INV00004320,C00107,04-12-2025,P0050,Product P0050,5,58.9,North
INV00008210,C02269,04-12-2025,P0220,Product P0220,5,148.58,South
INV00000070,C01174,04-12-2025,P0185,Product P0185,5,84.09,North
INV00009982,C00018,04-12-2025,P0088,Product P0088,5,96.99,West
INV00001929,C00457,04-12-2025,P0291,Product P0291,4,29.97,West
INV00004862,C02071,04-12-2025,P0250,Product P0250,2,93.56,East
INV00005034,C00365,04-12-2025,P0262,Product P0262,3,51.81,South
INV00008649,C02044,04-12-2025,P0292,Product P0292,5,35.14,West
INV00005119,C02183,04-12-2025,P0078,Product P0078,3,77.62,North
INV00006228,C01642,04-12-2025,P0219,Product P0219,1,51.34,North
INV00007500,C00501,04-12-2025,P0164,Product P0164,3,63.71,West
INV00009067,C02144,05-12-2025,P0091,Product P0091,2,102.61,South
INV00001662,C01527,05-12-2025,P0202,Product P0202,4,177.13,South
INV00001251,C00605,05-12-2025,P0264,Product P0264,1,34.9,South
INV00001596,C00414,05-12-2025,P0273,Product P0273,2,69.96,South
INV00005257,C00150,05-12-2025,P0287,Product P0287,5,136.28,West
INV00009592,C00454,05-12-2025,P0183,Product P0183,4,18.23,West
INV00002864,C01531,05-12-2025,P0133,Product P0133,1,99.22,East
INV00009601,C01417,05-12-2025,P0098,Product P0098,2,58.32,North
INV00004138,C00648,05-12-2025,P0129,Product P0129,1,151.27,West
INV00006773,C02414,05-12-2025,P0041,Product P0041,4,77.15,East
INV00003697,C00771,05-12-2025,P0175,Product P0175,2,53.36,South
INV00009598,C02107,05-12-2025,P0018,Product P0018,5,132.67,North
INV00001164,C01329,05-12-2025,P0116,Product P0116,3,29.23,West
INV00003378,C01457,05-12-2025,P0168,Product P0168,3,84.53,North
INV00006400,C02330,05-12-2025,P0061,Product P0061,3,14.42,South
INV00003389,C00724,06-12-2025,P0111,Product P0111,1,145.64,East
INV00009732,C00289,06-12-2025,P0128,Product P0128,1,149.32,East
INV00001747,C02471,06-12-2025,P0142,Product P0142,3,22.55,South
INV00003099,C00459,06-12-2025,P0284,Product P0284,2,141.71,West
INV00004349,C01917,06-12-2025,P0251,Product P0251,1,147.2,South
INV00006510,C00094,06-12-2025,P0207,Product P0207,4,158.88,South
INV00005714,C01653,06-12-2025,P0060,Product P0060,1,125.39,South
INV00003873,C02162,06-12-2025,P0006,Product P0006,1,131.12,West
INV00000458,C01585,06-12-2025,P0058,Product P0058,1,65.24,North
INV00003652,C00180,06-12-2025,P0168,Product P0168,2,141.85,East
INV00008057,C01505,06-12-2025,P0279,Product P0279,3,83.57,West
INV00009377,C01053,06-12-2025,P0149,Product P0149,1,27.24,East
INV00007410,C00153,06-12-2025,P0144,Product P0144,1,86.88,South
INV00001434,C01406,06-12-2025,P0248,Product P0248,3,163.23,West
INV00005241,C00878,06-12-2025,P0165,Product P0165,4,146.38,North
INV00006399,C01423,07-12-2025,P0282,Product P0282,2,158.17,East
INV00004557,C00390,07-12-2025,P0161,Product P0161,3,7.01,West
INV00007050,C01265,07-12-2025,P0041,Product P0041,2,168.17,South
INV00008017,C01021,07-12-2025,P0260,Product P0260,5,32.66,West
INV00007670,C00726,07-12-2025,P0118,Product P0118,4,107.79,South
INV00004959,C02297,07-12-2025,P0110,Product P0110,2,9.96,North
INV00000635,C00458,07-12-2025,P0024,Product P0024,1,136.93,East
INV00001670,C01815,07-12-2025,P0165,Product P0165,2,97.22,South
INV00002626,C01448,07-12-2025,P0286,Product P0286,3,129.07,West
INV00009590,C00790,07-12-2025,P0058,Product P0058,3,60.76,North
INV00006708,C00823,07-12-2025,P0060,Product P0060,4,154.01,South
INV00007122,C01778,07-12-2025,P0092,Product P0092,1,160.17,South
INV00008003,C00669,07-12-2025,P0044,Product P0044,5,50.51,East
INV00000908,C00433,07-12-2025,P0053,Product P0053,1,33.75,North
INV00001514,C00827,07-12-2025,P0043,Product P0043,5,138.85,South
INV00004256,C00820,07-12-2025,P0138,Product P0138,4,5.27,East
INV00008951,C00281,07-12-2025,P0087,Product P0087,1,10.49,North
INV00005934,C00802,07-12-2025,P0154,Product P0154,3,170.8,East
INV00002364,C00298,07-12-2025,P0159,Product P0159,1,24.82,West
INV00002396,C01641,07-12-2025,P0045,Product P0045,1,162.88,North
INV00008261,C01595,07-12-2025,P0011,Product P0011,2,146.65,West
INV00008262,C01828,07-12-2025,P0029,Product P0029,5,124.04,West
INV00001380,C01353,07-12-2025,P0268,Product P0268,5,65.86,West
INV00006755,C01647,08-12-2025,P0058,Product P0058,5,119.88,North
INV00006823,C02495,08-12-2025,P0043,Product P0043,2,33.99,South
INV00003602,C01526,08-12-2025,P0123,Product P0123,4,50.41,East
INV00001866,C01013,08-12-2025,P0093,Product P0093,4,87.91,East
INV00007756,C02383,08-12-2025,P0208,Product P0208,2,103.28,West
INV00000434,C00328,08-12-2025,P0113,Product P0113,4,145.47,East
INV00006771,C01406,08-12-2025,P0102,Product P0102,2,178.58,North
INV00003635,C02403,08-12-2025,P0176,Product P0176,2,159.13,West
INV00000586,C02313,08-12-2025,P0259,Product P0259,5,114.2,West
INV00003225,C01521,08-12-2025,P0128,Product P0128,2,85.73,North
INV00004189,C00105,08-12-2025,P0274,Product P0274,2,117.43,South
INV00007347,C00093,08-12-2025,P0137,Product P0137,1,130.91,North
INV00007391,C02478,08-12-2025,P0175,Product P0175,1,52.93,South
INV00004139,C02203,08-12-2025,P0005,Product P0005,5,13.58,South
INV00004443,C01708,08-12-2025,P0133,Product P0133,2,63.55,East
INV00008529,C02323,09-12-2025,P0118,Product P0118,3,113.84,West
INV00001404,C00807,09-12-2025,P0030,Product P0030,3,102.43,South
INV00001728,C01425,09-12-2025,P0221,Product P0221,2,38.44,South
INV00001285,C00955,09-12-2025,P0190,Product P0190,5,132.01,North
INV00006971,C00498,09-12-2025,P0209,Product P0209,4,79.76,East
INV00001809,C00225,09-12-2025,P0248,Product P0248,5,120.15,South
INV00005239,C02285,09-12-2025,P0285,Product P0285,3,155.97,East
INV00001983,C00136,09-12-2025,P0145,Product P0145,4,31.53,North
INV00007256,C01682,09-12-2025,P0272,Product P0272,2,156.18,North
INV00004640,C02299,09-12-2025,P0099,Product P0099,5,125.65,North
INV00004243,C02062,10-12-2025,P0193,Product P0193,3,128.3,North
INV00006848,C01007,10-12-2025,P0291,Product P0291,3,26.87,West
INV00004252,C00963,10-12-2025,P0300,Product P0300,5,49.46,South
INV00002844,C01208,10-12-2025,P0159,Product P0159,1,97.89,West
INV00001570,C02462,10-12-2025,P0074,Product P0074,5,14.02,North
INV00000054,C01167,10-12-2025,P0131,Product P0131,5,103.53,North
INV00004423,C01910,10-12-2025,P0294,Product P0294,3,164.88,South
INV00001701,C00664,10-12-2025,P0205,Product P0205,2,70.88,North
INV00009731,C02277,10-12-2025,P0282,Product P0282,4,152.93,North
INV00005060,C01579,10-12-2025,P0052,Product P0052,1,177.24,South
INV00006907,C00076,10-12-2025,P0081,Product P0081,2,31.67,North
INV00003747,C01123,10-12-2025,P0038,Product P0038,3,76.28,West
INV00004505,C00043,10-12-2025,P0088,Product P0088,5,167.88,North
INV00005642,C00720,10-12-2025,P0195,Product P0195,1,179.87,North
INV00009350,C01651,10-12-2025,P0121,Product P0121,5,63.12,South
INV00008342,C02406,11-12-2025,P0052,Product P0052,5,14.07,North
INV00004731,C02297,11-12-2025,P0044,Product P0044,2,112.71,East
INV00003213,C00856,11-12-2025,P0183,Product P0183,2,40.46,South
INV00005166,C00192,11-12-2025,P0049,Product P0049,4,138.52,South
INV00000115,C01265,11-12-2025,P0212,Product P0212,5,10.46,North
INV00008906,C01634,11-12-2025,P0241,Product P0241,1,44.95,East
INV00000895,C01874,11-12-2025,P0121,Product P0121,5,140.59,East
INV00007408,C01711,11-12-2025,P0104,Product P0104,3,126.71,East
INV00001146,C01207,11-12-2025,P0151,Product P0151,3,42.74,South
INV00001262,C02312,11-12-2025,P0127,Product P0127,1,160.38,East
INV00004382,C00288,11-12-2025,P0158,Product P0158,4,154.1,West
INV00000567,C00571,11-12-2025,P0054,Product P0054,4,131.09,North
INV00008602,C01180,12-12-2025,P0237,Product P0237,5,119,West
INV00005549,C00549,12-12-2025,P0093,Product P0093,2,126.92,West
INV00002427,C00395,12-12-2025,P0190,Product P0190,2,89.09,North
INV00009299,C02122,12-12-2025,P0017,Product P0017,5,37.36,North
INV00008049,C01832,12-12-2025,P0248,Product P0248,2,145.86,South
INV00007234,C00914,12-12-2025,P0172,Product P0172,1,112.99,North
INV00002374,C00997,12-12-2025,P0216,Product P0216,5,91.66,West
INV00009831,C00163,12-12-2025,P0138,Product P0138,5,58.18,North
INV00000263,C00750,12-12-2025,P0280,Product P0280,4,89.9,East
INV00004154,C02442,12-12-2025,P0069,Product P0069,3,116.46,South
INV00001508,C01200,13-12-2025,P0226,Product P0226,1,41.92,South
INV00001448,C02400,13-12-2025,P0267,Product P0267,1,22.86,East
INV00009427,C01090,13-12-2025,P0131,Product P0131,4,36.83,South
INV00003276,C02309,13-12-2025,P0211,Product P0211,4,55.51,South
INV00005718,C01870,13-12-2025,P0253,Product P0253,4,139.61,East
INV00007761,C00893,13-12-2025,P0044,Product P0044,1,136.06,North
INV00009029,C01478,13-12-2025,P0140,Product P0140,5,79.17,West
INV00007781,C01281,13-12-2025,P0089,Product P0089,3,37.39,East
INV00005982,C01978,13-12-2025,P0169,Product P0169,3,135.13,East
INV00000988,C00791,13-12-2025,P0098,Product P0098,3,106.1,West
INV00009828,C02353,13-12-2025,P0076,Product P0076,3,52.38,East
INV00000913,C00941,13-12-2025,P0053,Product P0053,5,51.47,East
INV00008929,C01666,13-12-2025,P0116,Product P0116,1,152.19,South
INV00001106,C00453,13-12-2025,P0106,Product P0106,5,49.16,West
INV00007880,C00234,13-12-2025,P0281,Product P0281,5,79.73,West
INV00001105,C00766,13-12-2025,P0100,Product P0100,2,111.77,North
INV00005712,C02349,14-12-2025,P0238,Product P0238,4,79.04,South
INV00003398,C02402,14-12-2025,P0217,Product P0217,5,84.74,West
INV00006032,C01773,14-12-2025,P0073,Product P0073,1,146.81,West
INV00009688,C01073,14-12-2025,P0192,Product P0192,4,46.3,North
INV00002723,C00285,14-12-2025,P0041,Product P0041,5,127.42,North
INV00003473,C01837,14-12-2025,P0043,Product P0043,1,153.63,West
INV00001114,C00731,14-12-2025,P0091,Product P0091,2,167.08,West
INV00000370,C01931,14-12-2025,P0017,Product P0017,1,56.82,West
INV00001379,C01258,14-12-2025,P0032,Product P0032,2,13.38,East
INV00008710,C02232,14-12-2025,P0206,Product P0206,5,127.72,South
INV00008001,C01615,14-12-2025,P0219,Product P0219,2,158.67,North
INV00003627,C01928,14-12-2025,P0032,Product P0032,1,80.54,South
INV00007755,C00389,14-12-2025,P0015,Product P0015,5,44.07,North
INV00006175,C01162,15-12-2025,P0064,Product P0064,1,13.11,West
INV00002613,C00454,15-12-2025,P0024,Product P0024,3,48.73,North
INV00008947,C00191,15-12-2025,P0238,Product P0238,3,40.58,East
INV00000860,C02003,15-12-2025,P0181,Product P0181,4,177.76,East
INV00005783,C02210,15-12-2025,P0138,Product P0138,3,178.65,East
INV00001282,C01849,15-12-2025,P0118,Product P0118,4,146.27,North
INV00001700,C02404,15-12-2025,P0236,Product P0236,3,168.72,West
INV00001286,C00123,15-12-2025,P0236,Product P0236,4,123.14,North
INV00002316,C00002,15-12-2025,P0013,Product P0013,5,160.78,North
INV00006260,C02360,15-12-2025,P0133,Product P0133,1,63.39,South
INV00003800,C00138,16-12-2025,P0285,Product P0285,5,69.53,West
INV00000810,C02493,16-12-2025,P0166,Product P0166,2,39.31,East
INV00008741,C00091,16-12-2025,P0062,Product P0062,5,154.94,North
INV00002321,C00248,16-12-2025,P0046,Product P0046,4,7.94,West
INV00000121,C01100,16-12-2025,P0168,Product P0168,4,52.4,North
INV00005741,C01876,16-12-2025,P0258,Product P0258,3,89.49,North
INV00002001,C02196,16-12-2025,P0153,Product P0153,1,108.91,East
INV00002519,C00359,16-12-2025,P0215,Product P0215,1,70.22,West
INV00007925,C00324,16-12-2025,P0082,Product P0082,4,95.45,West
INV00001970,C00383,16-12-2025,P0201,Product P0201,4,98.9,South
INV00002838,C02248,16-12-2025,P0264,Product P0264,5,84.69,East
INV00008792,C01098,16-12-2025,P0201,Product P0201,2,5.22,East
INV00001309,C01038,16-12-2025,P0111,Product P0111,4,172.96,South
INV00005380,C01278,16-12-2025,P0111,Product P0111,4,85.09,West
INV00001821,C00782,16-12-2025,P0216,Product P0216,2,57.72,North
INV00005794,C02437,17-12-2025,P0176,Product P0176,2,137.47,North
INV00003265,C01317,17-12-2025,P0188,Product P0188,2,83.28,North
INV00007658,C02340,17-12-2025,P0054,Product P0054,3,63.89,East
INV00000364,C02234,17-12-2025,P0116,Product P0116,4,159.62,South
INV00009972,C00833,17-12-2025,P0288,Product P0288,5,58.58,West
INV00005594,C01567,17-12-2025,P0073,Product P0073,5,178.86,North
INV00002726,C01547,18-12-2025,P0157,Product P0157,5,126.21,South
INV00000983,C01368,18-12-2025,P0275,Product P0275,4,128.81,West
INV00004927,C00997,18-12-2025,P0178,Product P0178,5,112.93,North
INV00005075,C00359,18-12-2025,P0101,Product P0101,1,31.32,South
INV00005643,C01688,18-12-2025,P0187,Product P0187,4,113.78,West
INV00002076,C01021,18-12-2025,P0086,Product P0086,3,100.64,North
INV00003301,C01591,18-12-2025,P0223,Product P0223,3,132.96,East
INV00005989,C02168,18-12-2025,P0158,Product P0158,1,92.84,South
INV00000557,C01841,18-12-2025,P0223,Product P0223,3,156.62,East
INV00000565,C02223,18-12-2025,P0291,Product P0291,4,103.65,South
INV00007742,C00927,18-12-2025,P0165,Product P0165,2,89.6,West
INV00003211,C02401,18-12-2025,P0024,Product P0024,4,32.37,South
INV00009137,C01585,18-12-2025,P0097,Product P0097,1,18.05,East
INV00003691,C01005,18-12-2025,P0237,Product P0237,3,53.63,East
INV00005313,C00522,19-12-2025,P0061,Product P0061,1,88.84,East
INV00008444,C00036,19-12-2025,P0099,Product P0099,2,52.35,East
INV00005900,C02189,19-12-2025,P0272,Product P0272,5,7.14,South
INV00004223,C02064,19-12-2025,P0170,Product P0170,1,65.28,North
INV00000644,C01203,19-12-2025,P0191,Product P0191,3,5.19,East
INV00002824,C02440,19-12-2025,P0228,Product P0228,1,153.45,West
INV00008070,C00311,19-12-2025,P0139,Product P0139,3,115.03,North
INV00009846,C00690,19-12-2025,P0179,Product P0179,2,86.3,West
INV00005592,C01450,19-12-2025,P0221,Product P0221,4,68.57,South
INV00008769,C00265,19-12-2025,P0012,Product P0012,5,76.31,North
INV00001954,C01163,19-12-2025,P0227,Product P0227,3,153.37,North
INV00008526,C00708,20-12-2025,P0212,Product P0212,2,82.53,South
INV00006373,C02349,20-12-2025,P0292,Product P0292,4,146.58,East
INV00005528,C00790,20-12-2025,P0085,Product P0085,4,5.23,West
INV00006149,C00242,20-12-2025,P0240,Product P0240,2,111.52,South
INV00004695,C01769,20-12-2025,P0221,Product P0221,3,139.64,North
INV00000841,C00723,20-12-2025,P0295,Product P0295,5,98.02,East
INV00001410,C00709,20-12-2025,P0161,Product P0161,1,88.17,East
INV00000790,C00031,20-12-2025,P0131,Product P0131,4,142.23,East
INV00000482,C02074,20-12-2025,P0042,Product P0042,2,42.09,North
INV00001955,C02428,20-12-2025,P0109,Product P0109,5,115.48,South
INV00005072,C01465,20-12-2025,P0289,Product P0289,5,178.71,North
INV00002922,C01927,20-12-2025,P0068,Product P0068,3,167.36,West
INV00002815,C00500,20-12-2025,P0034,Product P0034,3,150.83,South
INV00000161,C02491,21-12-2025,P0253,Product P0253,2,25.25,West
INV00004576,C01911,21-12-2025,P0036,Product P0036,4,24.07,West
INV00000244,C01625,21-12-2025,P0093,Product P0093,2,172.77,South
INV00007439,C01471,21-12-2025,P0299,Product P0299,1,12.78,North
INV00004856,C01730,21-12-2025,P0049,Product P0049,5,39.59,West
INV00009987,C01225,21-12-2025,P0148,Product P0148,3,117.41,East
INV00001815,C02210,21-12-2025,P0041,Product P0041,4,165.82,West
INV00003556,C01119,21-12-2025,P0165,Product P0165,2,151.61,South
INV00002424,C02067,22-12-2025,P0225,Product P0225,4,8.64,West
INV00009670,C00831,22-12-2025,P0255,Product P0255,5,28.91,East
INV00008798,C00393,22-12-2025,P0236,Product P0236,1,102.76,West
INV00007869,C01516,22-12-2025,P0189,Product P0189,3,123.56,South
INV00003359,C00469,22-12-2025,P0031,Product P0031,5,24.98,East
INV00005307,C00984,22-12-2025,P0294,Product P0294,2,41.27,West
INV00008668,C01186,22-12-2025,P0184,Product P0184,1,128.09,East
INV00004433,C02246,22-12-2025,P0274,Product P0274,4,108.5,West
INV00004286,C01918,22-12-2025,P0230,Product P0230,5,154.43,East
INV00000816,C02093,22-12-2025,P0050,Product P0050,4,140.81,North
INV00002552,C00803,22-12-2025,P0219,Product P0219,2,28.1,South
INV00008429,C01400,22-12-2025,P0034,Product P0034,4,82.47,East
INV00003596,C00725,22-12-2025,P0058,Product P0058,2,16.99,East
INV00001572,C00904,23-12-2025,P0222,Product P0222,5,131.08,North
INV00005829,C00296,23-12-2025,P0277,Product P0277,4,68.41,North
INV00008875,C00960,23-12-2025,P0161,Product P0161,4,79.68,South
INV00008657,C00943,23-12-2025,P0155,Product P0155,4,129.95,North
INV00001818,C00632,23-12-2025,P0088,Product P0088,5,32.59,North
INV00001995,C01885,23-12-2025,P0281,Product P0281,1,51.96,North
INV00001606,C02226,23-12-2025,P0229,Product P0229,3,23.6,West
INV00001587,C02059,23-12-2025,P0052,Product P0052,5,131.73,East
INV00002948,C01245,23-12-2025,P0171,Product P0171,1,98.55,South
INV00007067,C00010,23-12-2025,P0293,Product P0293,5,159.96,West
INV00004164,C00501,23-12-2025,P0252,Product P0252,5,23.19,East
INV00002869,C02151,23-12-2025,P0157,Product P0157,2,124.71,West
INV00000098,C01707,23-12-2025,P0048,Product P0048,5,111.1,South
INV00005163,C00718,23-12-2025,P0206,Product P0206,2,77.22,North
INV00009597,C01698,23-12-2025,P0284,Product P0284,1,120.63,East
INV00005176,C00415,23-12-2025,P0300,Product P0300,3,164.7,South
INV00003418,C02189,23-12-2025,P0182,Product P0182,3,124.98,North
INV00005189,C02046,23-12-2025,P0066,Product P0066,5,124.28,East
INV00008407,C00233,23-12-2025,P0093,Product P0093,3,131.89,West
INV00007336,C00322,24-12-2025,P0207,Product P0207,5,76.8,West
INV00006054,C00668,24-12-2025,P0117,Product P0117,2,112.65,South
INV00005242,C02194,24-12-2025,P0096,Product P0096,4,33.37,North
INV00004185,C00140,24-12-2025,P0161,Product P0161,4,158.81,East
INV00001709,C00610,24-12-2025,P0128,Product P0128,3,117.44,West
INV00007846,C00866,24-12-2025,P0003,Product P0003,3,123.66,West
INV00007908,C01788,25-12-2025,P0291,Product P0291,5,74.07,East
INV00000886,C01837,25-12-2025,P0246,Product P0246,5,112.33,North
INV00002940,C00423,25-12-2025,P0260,Product P0260,4,139.22,South
INV00003666,C01127,25-12-2025,P0078,Product P0078,3,92.38,East
INV00000346,C00640,25-12-2025,P0252,Product P0252,5,172.87,North
INV00003229,C01845,25-12-2025,P0055,Product P0055,1,7.09,South
INV00007471,C01825,25-12-2025,P0023,Product P0023,1,20.33,West
INV00002818,C02169,25-12-2025,P0195,Product P0195,3,45.93,North
INV00000496,C01032,25-12-2025,P0061,Product P0061,2,122.57,North
INV00009356,C00331,25-12-2025,P0211,Product P0211,4,29.34,South
INV00005765,C00787,25-12-2025,P0031,Product P0031,2,25.58,East
INV00001005,C00321,25-12-2025,P0184,Product P0184,5,22.36,East
INV00002819,C00319,25-12-2025,P0040,Product P0040,1,82.8,South
INV00003045,C00473,25-12-2025,P0108,Product P0108,5,162.25,North
INV00009913,C01082,26-12-2025,P0058,Product P0058,5,80.86,South
INV00002464,C01465,26-12-2025,P0147,Product P0147,5,45.11,East
INV00007230,C01507,26-12-2025,P0035,Product P0035,5,166.7,North
INV00003313,C02325,26-12-2025,P0040,Product P0040,5,109.6,South
INV00006364,C00644,26-12-2025,P0227,Product P0227,5,116.58,East
INV00001848,C01356,26-12-2025,P0091,Product P0091,2,22.77,West
INV00004489,C01662,26-12-2025,P0009,Product P0009,2,29.02,South
INV00003634,C01902,26-12-2025,P0191,Product P0191,4,10.36,East
INV00005178,C01128,27-12-2025,P0186,Product P0186,3,145.46,South
INV00007428,C01886,27-12-2025,P0215,Product P0215,2,159.91,North
INV00000163,C01023,27-12-2025,P0125,Product P0125,5,134.59,West
INV00001116,C01226,27-12-2025,P0100,Product P0100,1,76.82,South
INV00008098,C00917,27-12-2025,P0298,Product P0298,3,54.95,East
INV00004422,C02500,27-12-2025,P0155,Product P0155,4,147.07,South
INV00002086,C01639,27-12-2025,P0234,Product P0234,4,70.33,East
INV00000487,C00836,27-12-2025,P0271,Product P0271,4,25.26,East
INV00007659,C01590,27-12-2025,P0218,Product P0218,1,95.78,East
INV00004291,C00171,27-12-2025,P0169,Product P0169,3,11.07,South
INV00009525,C01203,27-12-2025,P0007,Product P0007,1,137.19,West
INV00001742,C01860,27-12-2025,P0192,Product P0192,3,117.89,West
INV00003921,C02346,27-12-2025,P0088,Product P0088,1,167.47,North
INV00007974,C00551,28-12-2025,P0085,Product P0085,1,26.6,East
INV00006442,C00686,28-12-2025,P0094,Product P0094,3,115.24,West
INV00003603,C00388,28-12-2025,P0096,Product P0096,5,34.05,East
INV00009396,C01197,28-12-2025,P0128,Product P0128,5,98.16,West
INV00007770,C02437,28-12-2025,P0150,Product P0150,3,121.78,North
INV00002445,C01496,28-12-2025,P0083,Product P0083,5,145.1,North
INV00008645,C00104,28-12-2025,P0131,Product P0131,4,92.16,South
INV00000815,C01945,28-12-2025,P0048,Product P0048,3,20.84,South
INV00006259,C01833,28-12-2025,P0293,Product P0293,4,35.9,South
INV00008442,C00455,28-12-2025,P0294,Product P0294,3,52.35,West
INV00006999,C01041,28-12-2025,P0109,Product P0109,5,95.38,South
INV00001465,C02130,28-12-2025,P0041,Product P0041,2,59.65,East
INV00004424,C01139,28-12-2025,P0237,Product P0237,1,171.63,West
INV00005192,C02284,29-12-2025,P0267,Product P0267,4,124.51,North
INV00000598,C01949,29-12-2025,P0079,Product P0079,3,65.81,West
INV00009655,C02435,29-12-2025,P0126,Product P0126,1,154.47,East
INV00009758,C00969,29-12-2025,P0053,Product P0053,1,39.75,North
INV00001046,C00385,29-12-2025,P0129,Product P0129,1,115.77,East
INV00000701,C01302,29-12-2025,P0143,Product P0143,3,164.27,East
INV00007552,C01229,29-12-2025,P0054,Product P0054,2,110.37,North
INV00008585,C00489,29-12-2025,P0241,Product P0241,2,4.85,South
INV00009879,C01319,29-12-2025,P0114,Product P0114,1,163.94,South
INV00003409,C01649,29-12-2025,P0103,Product P0103,1,22.38,West
INV00002297,C00419,29-12-2025,P0221,Product P0221,2,79.81,East
INV00008207,C01178,29-12-2025,P0077,Product P0077,3,89.16,South
INV00007697,C01289,29-12-2025,P0231,Product P0231,2,96.49,West
INV00009349,C00091,29-12-2025,P0022,Product P0022,3,32.5,North
INV00006324,C02411,29-12-2025,P0166,Product P0166,2,37.12,West
INV00007929,C02330,30-12-2025,P0195,Product P0195,4,73.78,East
INV00001137,C01813,30-12-2025,P0221,Product P0221,5,157.35,South
INV00002137,C01362,30-12-2025,P0008,Product P0008,2,120.07,North
INV00002745,C00497,30-12-2025,P0094,Product P0094,5,84.17,West
INV00003331,C01536,30-12-2025,P0216,Product P0216,4,18.92,North
INV00009281,C01368,30-12-2025,P0249,Product P0249,5,41.16,West
INV00004036,C00081,30-12-2025,P0009,Product P0009,5,119.18,South
INV00007188,C00218,30-12-2025,P0137,Product P0137,1,84.13,East
INV00002448,C01616,30-12-2025,P0044,Product P0044,3,55.14,North
INV00007385,C01559,30-12-2025,P0058,Product P0058,1,171.72,West
INV00001028,C00702,30-12-2025,P0099,Product P0099,3,179.87,North
INV00004298,C01926,30-12-2025,P0219,Product P0219,1,100.74,South
INV00002240,C02213,30-12-2025,P0001,Product P0001,4,6.24,South
INV00001039,C01092,31-12-2025,P0186,Product P0186,3,95.55,South
INV00009296,C00538,31-12-2025,P0151,Product P0151,5,101.88,North
INV00007741,C00351,31-12-2025,P0230,Product P0230,2,96.96,North
INV00008328,C00991,31-12-2025,P0174,Product P0174,4,24.12,West
INV00003280,C01825,31-12-2025,P0116,Product P0116,5,50.81,West
INV00006908,C00088,31-12-2025,P0293,Product P0293,3,88.39,West
INV00001758,C01522,31-12-2025,P0214,Product P0214,2,96.77,West
INV00005128,C01292,31-12-2025,P0132,Product P0132,5,104.06,West
INV00009362,C02361,31-12-2025,P0172,Product P0172,5,151.94,North
INV00009133,C02456,31-12-2025,P0134,Product P0134,1,158.96,South
INV00000840,C02277,31-12-2025,P0107,Product P0107,4,126.52,South
INV00001264,C02057,31-12-2025,P0054,Product P0054,2,12.13,South
INV00006148,C01809,31-12-2025,P0135,Product P0135,2,66.97,North
INV00000770,C00941,31-12-2025,P0072,Product P0072,4,130.84,South
INV00002494,C01527,31-12-2025,P0282,Product P0282,2,17.24,South
INV00007764,C02287,01-01-2026,P0282,Product P0282,1,91.36,North
INV00002961,C02305,01-01-2026,P0209,Product P0209,3,93.43,North
INV00005187,C02158,01-01-2026,P0007,Product P0007,5,23.79,North
INV00003355,C02439,01-01-2026,P0299,Product P0299,1,60.44,North
INV00001298,C01694,01-01-2026,P0131,Product P0131,2,173.31,South
INV00008461,C01863,01-01-2026,P0279,Product P0279,5,60.93,West
INV00002756,C02179,01-01-2026,P0263,Product P0263,2,141.08,North
INV00001110,C00112,01-01-2026,P0199,Product P0199,4,162.72,North
INV00004582,C02431,01-01-2026,P0111,Product P0111,4,75.61,East
INV00003260,C01026,01-01-2026,P0210,Product P0210,4,134.09,North
INV00000025,C01954,02-01-2026,P0024,Product P0024,1,147.62,East
INV00007251,C00854,02-01-2026,P0247,Product P0247,2,105.49,North
INV00008462,C02441,02-01-2026,P0020,Product P0020,5,176.96,North
INV00001576,C00796,02-01-2026,P0245,Product P0245,1,61.06,West
INV00007882,C00183,02-01-2026,P0042,Product P0042,4,171.41,South
INV00004011,C00883,02-01-2026,P0225,Product P0225,3,20.84,West
INV00007560,C02405,02-01-2026,P0072,Product P0072,3,175.66,East
INV00004047,C01131,02-01-2026,P0278,Product P0278,4,105.68,South
INV00007630,C01078,02-01-2026,P0285,Product P0285,3,39.49,West
INV00004662,C01452,02-01-2026,P0064,Product P0064,2,160.22,East
INV00009375,C00702,02-01-2026,P0218,Product P0218,5,153.32,South
INV00000513,C02103,02-01-2026,P0300,Product P0300,1,179.68,East
INV00003262,C01199,03-01-2026,P0204,Product P0204,4,138.02,West
INV00002546,C00994,03-01-2026,P0179,Product P0179,5,28.44,West
INV00000576,C00935,03-01-2026,P0167,Product P0167,5,58.64,North
INV00006437,C02045,03-01-2026,P0038,Product P0038,2,91.1,South
INV00000781,C02195,03-01-2026,P0064,Product P0064,3,7.92,West
INV00003994,C00713,03-01-2026,P0221,Product P0221,1,146.7,East
INV00007796,C01001,03-01-2026,P0091,Product P0091,2,10.96,North
INV00001678,C01049,03-01-2026,P0143,Product P0143,1,72.33,East
INV00008308,C01185,03-01-2026,P0292,Product P0292,1,106.63,East
INV00003372,C00596,03-01-2026,P0106,Product P0106,5,43.92,East
INV00003876,C01509,03-01-2026,P0170,Product P0170,5,99.9,East
INV00001377,C02406,03-01-2026,P0290,Product P0290,4,33.48,South
INV00006178,C01368,03-01-2026,P0139,Product P0139,5,147.02,West
INV00006325,C02360,03-01-2026,P0059,Product P0059,2,78.9,North
INV00002394,C00552,04-01-2026,P0237,Product P0237,1,9.49,West
INV00009077,C01756,04-01-2026,P0073,Product P0073,3,125.31,South
INV00001906,C00612,04-01-2026,P0138,Product P0138,2,39.41,East
INV00003402,C02295,04-01-2026,P0071,Product P0071,2,78.98,South
INV00001641,C01805,04-01-2026,P0152,Product P0152,5,80.14,East
INV00000479,C01659,04-01-2026,P0192,Product P0192,4,23.89,North
INV00001793,C00860,04-01-2026,P0090,Product P0090,2,80.11,East
INV00004471,C01006,04-01-2026,P0176,Product P0176,5,71.84,West
INV00001270,C00122,04-01-2026,P0034,Product P0034,4,152.26,North
INV00008060,C02263,04-01-2026,P0024,Product P0024,4,152.29,West
INV00009458,C01513,05-01-2026,P0183,Product P0183,5,117.46,North
INV00005443,C02307,05-01-2026,P0171,Product P0171,2,83.33,North
INV00004032,C01305,05-01-2026,P0291,Product P0291,1,137.74,South
INV00006857,C01730,05-01-2026,P0170,Product P0170,2,165.57,North
INV00006252,C00483,05-01-2026,P0107,Product P0107,1,93.63,South
INV00007044,C02171,05-01-2026,P0110,Product P0110,5,8.21,West
INV00008895,C01236,05-01-2026,P0204,Product P0204,4,110.6,East
INV00009844,C00403,05-01-2026,P0161,Product P0161,4,104.82,South
INV00002909,C00319,05-01-2026,P0080,Product P0080,4,136.78,South
INV00003870,C01780,06-01-2026,P0194,Product P0194,5,24.39,North
INV00006377,C00361,06-01-2026,P0150,Product P0150,4,177.9,West
INV00007110,C00732,06-01-2026,P0238,Product P0238,5,142.85,North
INV00001255,C01625,06-01-2026,P0186,Product P0186,4,35.63,West
INV00008613,C00978,06-01-2026,P0164,Product P0164,4,159.77,East
INV00003304,C00686,06-01-2026,P0297,Product P0297,3,92.34,North
INV00009556,C00205,06-01-2026,P0198,Product P0198,2,149.85,North
INV00004302,C01641,06-01-2026,P0168,Product P0168,1,164.33,North
INV00001860,C01838,06-01-2026,P0014,Product P0014,2,147.64,East
INV00000014,C01903,07-01-2026,P0233,Product P0233,2,142.48,North
INV00007603,C00683,07-01-2026,P0286,Product P0286,4,77,East
INV00007182,C02010,07-01-2026,P0158,Product P0158,1,104.03,South
INV00004568,C01760,07-01-2026,P0040,Product P0040,2,34.69,West
INV00007348,C00865,07-01-2026,P0055,Product P0055,1,166.13,East
INV00006413,C00215,07-01-2026,P0216,Product P0216,5,139.65,South
INV00004639,C01539,07-01-2026,P0201,Product P0201,4,69.64,South
INV00000067,C02264,07-01-2026,P0235,Product P0235,5,149.85,South
INV00007300,C02148,07-01-2026,P0194,Product P0194,3,63.76,North
INV00006978,C00522,07-01-2026,P0240,Product P0240,3,19.05,West
INV00001133,C01987,07-01-2026,P0185,Product P0185,5,63.81,West
INV00009570,C02418,07-01-2026,P0156,Product P0156,1,138.25,North
INV00007949,C01447,07-01-2026,P0040,Product P0040,5,109.24,West
INV00005834,C00611,07-01-2026,P0266,Product P0266,3,91.29,East
INV00001947,C00393,07-01-2026,P0143,Product P0143,5,164.49,South
INV00006409,C01313,08-01-2026,P0272,Product P0272,5,76.1,West
INV00007305,C02277,08-01-2026,P0260,Product P0260,1,143.17,South
INV00000464,C01048,08-01-2026,P0275,Product P0275,4,14.01,West
INV00001178,C00480,08-01-2026,P0147,Product P0147,1,124.31,South
INV00001172,C01578,08-01-2026,P0286,Product P0286,4,18.09,East
INV00005085,C01299,08-01-2026,P0064,Product P0064,1,177.35,South
INV00009993,C02293,08-01-2026,P0007,Product P0007,1,73.52,North
INV00002017,C01035,08-01-2026,P0114,Product P0114,4,138.84,West
INV00006716,C01202,08-01-2026,P0035,Product P0035,1,88.73,North
INV00008204,C01647,08-01-2026,P0157,Product P0157,2,97.74,West
INV00003436,C01516,08-01-2026,P0253,Product P0253,4,111.74,East
INV00004954,C00358,08-01-2026,P0145,Product P0145,4,178.75,West
INV00001120,C01234,08-01-2026,P0045,Product P0045,5,145.28,South
INV00007359,C02194,08-01-2026,P0201,Product P0201,5,123.52,North
INV00000665,C01494,08-01-2026,P0085,Product P0085,4,36.4,West
INV00009432,C00485,08-01-2026,P0147,Product P0147,1,30.27,East
INV00003667,C01473,08-01-2026,P0238,Product P0238,1,55.85,South
INV00001392,C01324,08-01-2026,P0088,Product P0088,1,163.32,West
INV00000369,C00056,08-01-2026,P0103,Product P0103,2,56.66,South
INV00008035,C02032,09-01-2026,P0028,Product P0028,4,99.98,North
INV00007694,C01831,09-01-2026,P0243,Product P0243,4,8.42,East
INV00004276,C01935,09-01-2026,P0070,Product P0070,4,5.96,South
INV00005906,C00370,09-01-2026,P0267,Product P0267,2,14.07,North
INV00005258,C00722,09-01-2026,P0015,Product P0015,2,82.58,North
INV00001927,C00900,09-01-2026,P0048,Product P0048,2,173.44,East
INV00002127,C00770,09-01-2026,P0278,Product P0278,3,62.48,East
INV00003388,C01842,09-01-2026,P0246,Product P0246,2,58.44,South
INV00003731,C01805,09-01-2026,P0092,Product P0092,4,161.98,North
INV00009944,C00178,09-01-2026,P0029,Product P0029,4,5.21,East
INV00000491,C02334,09-01-2026,P0259,Product P0259,3,128.68,East
INV00009498,C02173,09-01-2026,P0252,Product P0252,5,38.5,North
INV00000655,C01383,09-01-2026,P0076,Product P0076,2,10.45,East
INV00005849,C01510,09-01-2026,P0024,Product P0024,4,32.2,West
INV00007662,C01190,09-01-2026,P0020,Product P0020,2,100.92,North
INV00000768,C01199,09-01-2026,P0057,Product P0057,5,154.53,South
INV00000708,C01432,10-01-2026,P0196,Product P0196,4,175.8,North
INV00007566,C02333,10-01-2026,P0288,Product P0288,4,13.69,North
INV00006210,C01603,10-01-2026,P0210,Product P0210,2,16,North
INV00008384,C01810,10-01-2026,P0088,Product P0088,4,5.62,North
INV00003104,C01098,10-01-2026,P0073,Product P0073,5,71.32,North
INV00001617,C01986,10-01-2026,P0111,Product P0111,3,115.17,East
INV00006913,C00739,10-01-2026,P0095,Product P0095,3,84.35,East
INV00007690,C02398,10-01-2026,P0234,Product P0234,4,133.83,East
INV00001196,C01585,10-01-2026,P0125,Product P0125,3,105.51,South
INV00000128,C01913,11-01-2026,P0044,Product P0044,1,36.99,South
INV00004470,C01872,11-01-2026,P0182,Product P0182,5,57.24,North
INV00009631,C00072,11-01-2026,P0103,Product P0103,3,128.21,East
INV00000135,C01988,11-01-2026,P0013,Product P0013,2,103.09,West
INV00003384,C02283,11-01-2026,P0018,Product P0018,4,111.23,East
INV00003200,C00662,11-01-2026,P0119,Product P0119,1,22.5,East
INV00008771,C01279,11-01-2026,P0225,Product P0225,2,36.23,East
INV00003807,C00257,11-01-2026,P0252,Product P0252,2,147.28,North
INV00001041,C01766,11-01-2026,P0191,Product P0191,2,173.2,North
INV00009815,C01282,11-01-2026,P0300,Product P0300,2,144.77,West
INV00009222,C02161,11-01-2026,P0283,Product P0283,1,130.85,South
INV00004384,C01410,11-01-2026,P0082,Product P0082,1,133.87,South
INV00005558,C00650,12-01-2026,P0061,Product P0061,3,134.57,South
INV00003670,C00543,12-01-2026,P0121,Product P0121,2,101.25,South
INV00002840,C02430,12-01-2026,P0208,Product P0208,5,130.9,North
INV00003227,C01448,12-01-2026,P0050,Product P0050,5,13.56,West
INV00007944,C00363,12-01-2026,P0118,Product P0118,2,104.57,South
INV00001062,C01720,12-01-2026,P0103,Product P0103,4,38.12,South
INV00006550,C01761,12-01-2026,P0081,Product P0081,4,97.99,South
INV00001433,C00428,12-01-2026,P0155,Product P0155,1,150.52,South
INV00002848,C00966,13-01-2026,P0235,Product P0235,1,18.07,East
INV00004067,C02136,13-01-2026,P0137,Product P0137,1,100.84,North
INV00000857,C00613,13-01-2026,P0194,Product P0194,3,137.78,East
INV00001890,C01125,13-01-2026,P0012,Product P0012,5,142.5,East
INV00007596,C01946,13-01-2026,P0181,Product P0181,2,38.08,West
INV00005602,C02496,13-01-2026,P0059,Product P0059,5,168.15,West
INV00006649,C01376,13-01-2026,P0146,Product P0146,2,88.23,East
INV00009500,C00278,13-01-2026,P0040,Product P0040,5,46.97,North
INV00006699,C00824,13-01-2026,P0004,Product P0004,5,107.39,North
INV00009635,C01804,13-01-2026,P0235,Product P0235,1,74.64,North
INV00005459,C01295,13-01-2026,P0110,Product P0110,5,141.12,North
INV00002167,C00791,13-01-2026,P0199,Product P0199,4,24.98,South
INV00003196,C00439,14-01-2026,P0081,Product P0081,3,76.15,North
INV00007556,C00196,14-01-2026,P0240,Product P0240,5,59.24,West
INV00008598,C01333,14-01-2026,P0196,Product P0196,1,83.06,North
INV00001612,C00360,14-01-2026,P0219,Product P0219,3,64.69,West
INV00009515,C01582,14-01-2026,P0017,Product P0017,5,149.22,South
INV00006909,C00398,14-01-2026,P0152,Product P0152,2,117.26,South
INV00006431,C02132,14-01-2026,P0024,Product P0024,2,132.9,South
INV00008804,C01867,14-01-2026,P0199,Product P0199,2,95.25,South
INV00005742,C01554,14-01-2026,P0011,Product P0011,5,178.27,North
INV00009895,C01186,14-01-2026,P0196,Product P0196,3,60.13,North
INV00006477,C00607,14-01-2026,P0172,Product P0172,2,135.65,South
INV00002267,C01709,14-01-2026,P0089,Product P0089,2,5.14,North
INV00002599,C02422,14-01-2026,P0131,Product P0131,2,29.39,South
INV00006008,C01865,14-01-2026,P0008,Product P0008,3,169.83,West
INV00006876,C00806,14-01-2026,P0240,Product P0240,2,163.07,North
INV00009994,C00421,15-01-2026,P0093,Product P0093,3,7.6,South
INV00000643,C02136,15-01-2026,P0239,Product P0239,4,65.15,North
INV00008058,C01201,15-01-2026,P0007,Product P0007,4,83.53,East
INV00000962,C01022,15-01-2026,P0008,Product P0008,5,104.16,West
INV00005319,C01907,15-01-2026,P0132,Product P0132,2,96.48,West
INV00000092,C02012,15-01-2026,P0300,Product P0300,3,116.35,North
INV00003420,C00711,15-01-2026,P0048,Product P0048,4,22.48,South
INV00005396,C00081,15-01-2026,P0250,Product P0250,4,179.42,North
INV00009834,C01873,15-01-2026,P0170,Product P0170,4,41.93,North
INV00007257,C02287,15-01-2026,P0077,Product P0077,1,114.01,South
INV00003437,C00736,15-01-2026,P0158,Product P0158,1,38.87,West
INV00007976,C01167,15-01-2026,P0294,Product P0294,5,115.15,South
INV00001654,C01490,15-01-2026,P0207,Product P0207,4,90.63,North
INV00004222,C01298,15-01-2026,P0288,Product P0288,3,9.63,West
INV00002797,C02179,15-01-2026,P0007,Product P0007,3,169.35,West
INV00001957,C01322,15-01-2026,P0251,Product P0251,3,33.43,West
INV00004166,C01701,15-01-2026,P0239,Product P0239,2,90.95,North
INV00002283,C00810,15-01-2026,P0226,Product P0226,1,175.7,South
INV00009420,C00867,15-01-2026,P0184,Product P0184,4,146.31,East
INV00001329,C01688,16-01-2026,P0014,Product P0014,3,29.99,East
INV00005537,C00139,16-01-2026,P0079,Product P0079,2,93.45,North
INV00001441,C01949,16-01-2026,P0221,Product P0221,1,56.2,North
INV00004750,C00913,16-01-2026,P0165,Product P0165,1,136.94,West
INV00008278,C01774,16-01-2026,P0095,Product P0095,2,135.18,West
INV00003257,C00433,16-01-2026,P0112,Product P0112,1,90.66,West
INV00009969,C00613,16-01-2026,P0297,Product P0297,5,149.15,North
INV00002377,C02135,16-01-2026,P0213,Product P0213,3,166.98,South
INV00003218,C01075,16-01-2026,P0033,Product P0033,1,33.28,South
INV00001311,C01311,16-01-2026,P0289,Product P0289,5,128.19,South
INV00009253,C00694,16-01-2026,P0282,Product P0282,4,92.77,North
INV00001998,C02484,16-01-2026,P0259,Product P0259,3,137.05,East
INV00009939,C01545,16-01-2026,P0058,Product P0058,3,133.43,South
INV00007486,C02142,17-01-2026,P0052,Product P0052,4,44.17,East
INV00008051,C00635,17-01-2026,P0061,Product P0061,5,71.03,North
INV00005542,C00405,17-01-2026,P0016,Product P0016,3,69.64,South
INV00009528,C01269,17-01-2026,P0088,Product P0088,2,96.64,West
INV00004057,C02118,17-01-2026,P0200,Product P0200,3,105.79,West
INV00008578,C02486,17-01-2026,P0122,Product P0122,2,21.76,South
INV00002957,C00248,17-01-2026,P0146,Product P0146,4,122.17,North
INV00009194,C01087,17-01-2026,P0055,Product P0055,1,162.27,West
INV00005108,C02376,17-01-2026,P0067,Product P0067,3,125.14,West
INV00008498,C00490,17-01-2026,P0188,Product P0188,1,60.53,East
INV00004898,C01458,17-01-2026,P0142,Product P0142,5,97.04,West
INV00003779,C02464,17-01-2026,P0133,Product P0133,1,7,North
INV00009613,C00199,17-01-2026,P0151,Product P0151,5,16.2,East
INV00005595,C02126,17-01-2026,P0267,Product P0267,1,80.79,East
INV00002330,C00368,17-01-2026,P0268,Product P0268,5,26.82,East
INV00005026,C00299,17-01-2026,P0018,Product P0018,2,62.26,West
INV00004396,C01281,17-01-2026,P0266,Product P0266,2,127.89,West
INV00008671,C01698,17-01-2026,P0049,Product P0049,3,43.29,East
INV00007442,C01596,17-01-2026,P0241,Product P0241,3,159.04,West
INV00004363,C01243,18-01-2026,P0253,Product P0253,1,111.58,South
INV00000139,C00869,18-01-2026,P0073,Product P0073,2,137.05,West
INV00001111,C01581,18-01-2026,P0086,Product P0086,3,152.17,South
INV00008680,C02029,18-01-2026,P0094,Product P0094,3,41.04,East
INV00009039,C02451,18-01-2026,P0276,Product P0276,2,154.64,South
INV00000144,C01022,18-01-2026,P0104,Product P0104,5,83.42,East
INV00004848,C00243,18-01-2026,P0149,Product P0149,1,115.92,South
INV00001501,C01325,18-01-2026,P0070,Product P0070,1,152.17,West
INV00009300,C01160,18-01-2026,P0138,Product P0138,4,134.96,North
INV00000045,C00170,18-01-2026,P0161,Product P0161,5,106.72,North
INV00007705,C02345,18-01-2026,P0077,Product P0077,4,134.49,East
INV00007061,C01212,18-01-2026,P0180,Product P0180,1,64.06,East
INV00003535,C00220,18-01-2026,P0108,Product P0108,1,62.16,West
INV00007096,C02495,18-01-2026,P0166,Product P0166,2,105.66,North
INV00006509,C01687,18-01-2026,P0021,Product P0021,5,137.85,West
INV00001473,C01124,18-01-2026,P0273,Product P0273,2,42.11,North
INV00004003,C00089,18-01-2026,P0027,Product P0027,4,169.94,South
INV00004132,C02326,18-01-2026,P0244,Product P0244,3,152.02,East
INV00007308,C00508,18-01-2026,P0036,Product P0036,2,174.36,North
INV00005233,C00750,19-01-2026,P0103,Product P0103,1,117.87,North
INV00009068,C01204,19-01-2026,P0149,Product P0149,2,40,East
INV00007085,C01352,19-01-2026,P0087,Product P0087,3,78.02,West
INV00003730,C01598,19-01-2026,P0159,Product P0159,2,120.76,East
INV00001607,C00370,19-01-2026,P0221,Product P0221,1,173.02,North
INV00009565,C02308,19-01-2026,P0112,Product P0112,4,119.79,South
INV00008520,C00698,19-01-2026,P0129,Product P0129,5,109.37,East
INV00009179,C00461,19-01-2026,P0300,Product P0300,1,179.33,West
INV00008601,C02051,19-01-2026,P0088,Product P0088,3,170.14,West
INV00003961,C02368,19-01-2026,P0188,Product P0188,4,31.14,North
INV00001295,C02380,19-01-2026,P0248,Product P0248,3,79.83,West
INV00003248,C00223,19-01-2026,P0129,Product P0129,4,102.7,North
INV00005152,C01550,19-01-2026,P0295,Product P0295,3,74.63,North
INV00000625,C01511,19-01-2026,P0292,Product P0292,4,11.17,East
INV00009876,C01811,19-01-2026,P0082,Product P0082,1,160.87,North
INV00002747,C00562,19-01-2026,P0097,Product P0097,2,166.27,South
INV00003591,C00279,19-01-2026,P0060,Product P0060,5,61.9,East
INV00005838,C00087,19-01-2026,P0279,Product P0279,2,100.93,North
INV00002879,C02178,19-01-2026,P0074,Product P0074,5,31.25,South
INV00006825,C01351,19-01-2026,P0108,Product P0108,1,30.46,East
INV00008828,C00377,20-01-2026,P0289,Product P0289,4,81.81,East
INV00001160,C00852,20-01-2026,P0226,Product P0226,1,172.94,North
INV00008055,C01745,20-01-2026,P0009,Product P0009,5,75.92,East
INV00000754,C02341,20-01-2026,P0077,Product P0077,3,99.06,South
INV00002980,C01189,20-01-2026,P0298,Product P0298,4,22.8,West
INV00000569,C01607,20-01-2026,P0285,Product P0285,4,68.26,South
INV00005801,C00311,20-01-2026,P0108,Product P0108,1,15.86,West
INV00009145,C02066,20-01-2026,P0120,Product P0120,5,76.32,West
INV00008648,C00148,20-01-2026,P0204,Product P0204,2,176.11,East
INV00005735,C01629,20-01-2026,P0273,Product P0273,4,51.48,North
INV00002586,C01386,20-01-2026,P0273,Product P0273,1,179.61,East
INV00009788,C00672,21-01-2026,P0270,Product P0270,5,29.76,East
INV00003698,C01031,21-01-2026,P0061,Product P0061,1,122.54,West
INV00003240,C00097,21-01-2026,P0081,Product P0081,2,9.44,East
INV00009807,C02211,21-01-2026,P0268,Product P0268,5,107.94,West
INV00009382,C01180,21-01-2026,P0135,Product P0135,5,18.58,West
INV00002092,C00817,21-01-2026,P0117,Product P0117,5,165.93,East
INV00006254,C01355,21-01-2026,P0126,Product P0126,4,75.37,East
INV00004436,C02325,21-01-2026,P0215,Product P0215,2,138.27,West
INV00009236,C01374,21-01-2026,P0022,Product P0022,4,82.21,South
INV00003054,C00895,21-01-2026,P0091,Product P0091,1,7.9,East
INV00002641,C00599,21-01-2026,P0296,Product P0296,4,135.89,South
INV00008839,C01694,21-01-2026,P0130,Product P0130,3,109.72,North
INV00007516,C00696,21-01-2026,P0050,Product P0050,3,45.76,South
INV00005410,C01774,21-01-2026,P0129,Product P0129,2,73.35,North
INV00002979,C00708,21-01-2026,P0082,Product P0082,1,158.03,East
INV00006623,C02015,22-01-2026,P0090,Product P0090,3,20.52,South
INV00007162,C01915,22-01-2026,P0176,Product P0176,2,107.23,South
INV00003444,C00551,22-01-2026,P0114,Product P0114,3,103.13,West
INV00008783,C00306,22-01-2026,P0125,Product P0125,4,41.19,North
INV00009988,C00889,22-01-2026,P0043,Product P0043,2,143.77,North
INV00009249,C01267,22-01-2026,P0225,Product P0225,5,104.09,South
INV00008131,C00340,22-01-2026,P0111,Product P0111,2,145.18,South
INV00004889,C00845,22-01-2026,P0216,Product P0216,1,55.23,West
INV00006592,C02416,22-01-2026,P0125,Product P0125,2,74.21,North
INV00001993,C00719,22-01-2026,P0230,Product P0230,3,121.33,East
INV00007415,C00603,22-01-2026,P0170,Product P0170,3,45.07,West
INV00004564,C00471,22-01-2026,P0026,Product P0026,5,86.81,South
INV00002361,C01622,22-01-2026,P0007,Product P0007,1,170.52,East
INV00002643,C00508,22-01-2026,P0072,Product P0072,3,92.85,South
INV00009206,C02467,22-01-2026,P0208,Product P0208,3,171.82,South
INV00003515,C00658,22-01-2026,P0088,Product P0088,2,74.34,South
INV00004073,C02085,23-01-2026,P0054,Product P0054,3,168.36,West
INV00002803,C02473,23-01-2026,P0095,Product P0095,5,79.29,South
INV00006276,C00143,23-01-2026,P0014,Product P0014,2,152.32,East
INV00008111,C00792,23-01-2026,P0111,Product P0111,1,63.08,West
INV00005793,C00980,23-01-2026,P0140,Product P0140,3,160.66,East
INV00007114,C01246,23-01-2026,P0204,Product P0204,3,60.33,South
INV00007616,C01574,23-01-2026,P0237,Product P0237,2,127.95,North
INV00000483,C00627,23-01-2026,P0292,Product P0292,2,107.45,North
INV00005883,C02084,23-01-2026,P0219,Product P0219,1,144.6,North
INV00006979,C01544,23-01-2026,P0035,Product P0035,1,9.02,South
INV00009022,C01473,23-01-2026,P0178,Product P0178,5,47.57,West
INV00000320,C01922,23-01-2026,P0091,Product P0091,4,21.21,North
INV00005315,C01023,23-01-2026,P0299,Product P0299,1,168.73,North
INV00000878,C01863,23-01-2026,P0284,Product P0284,5,178.43,North
INV00003042,C00729,23-01-2026,P0291,Product P0291,3,167.16,West
INV00008373,C01631,23-01-2026,P0145,Product P0145,2,84.17,West
INV00007022,C02398,24-01-2026,P0087,Product P0087,2,15.16,West
INV00007645,C00268,24-01-2026,P0228,Product P0228,4,92.79,North
INV00002099,C01879,24-01-2026,P0131,Product P0131,4,155.45,West
INV00000249,C01968,24-01-2026,P0240,Product P0240,2,106.56,North
INV00001548,C02124,24-01-2026,P0159,Product P0159,3,89.2,East
INV00003909,C00491,24-01-2026,P0129,Product P0129,2,34.35,North
INV00000689,C01113,24-01-2026,P0255,Product P0255,1,49.28,South
INV00005860,C01744,24-01-2026,P0208,Product P0208,3,15.73,East
INV00000447,C00785,24-01-2026,P0131,Product P0131,5,95.1,West
INV00001567,C02421,24-01-2026,P0040,Product P0040,5,32.36,North
INV00006958,C02331,24-01-2026,P0085,Product P0085,4,109.3,South
INV00003899,C00760,25-01-2026,P0252,Product P0252,3,178.18,South
INV00007669,C00714,25-01-2026,P0255,Product P0255,2,73.31,North
INV00001703,C01705,25-01-2026,P0255,Product P0255,2,22.19,West
INV00004539,C02086,25-01-2026,P0205,Product P0205,1,13.99,North
INV00002724,C00942,25-01-2026,P0192,Product P0192,3,57.81,North
INV00004357,C02413,25-01-2026,P0295,Product P0295,4,44.83,West
INV00009512,C01363,25-01-2026,P0132,Product P0132,5,127.81,East
INV00007558,C01896,25-01-2026,P0260,Product P0260,1,170.17,North
INV00009720,C00697,25-01-2026,P0151,Product P0151,3,52.7,North
INV00001284,C02003,25-01-2026,P0240,Product P0240,5,87.14,East
INV00006108,C01958,25-01-2026,P0211,Product P0211,2,83.46,North
INV00009216,C00545,25-01-2026,P0159,Product P0159,3,11.52,North
INV00003600,C01555,26-01-2026,P0048,Product P0048,2,68.58,South
INV00003220,C01082,26-01-2026,P0004,Product P0004,1,45.95,West
INV00005778,C00271,26-01-2026,P0212,Product P0212,5,141.32,West
INV00008962,C01148,26-01-2026,P0290,Product P0290,4,91.43,North
INV00004903,C01554,26-01-2026,P0192,Product P0192,3,171.38,North
INV00005494,C00516,26-01-2026,P0163,Product P0163,5,169.89,West
INV00009485,C01138,26-01-2026,P0038,Product P0038,5,67.42,South
INV00003764,C01592,27-01-2026,P0196,Product P0196,5,57.22,West
INV00007597,C01612,27-01-2026,P0099,Product P0099,4,7.55,South
INV00004147,C01034,27-01-2026,P0120,Product P0120,5,126.18,South
INV00002664,C01242,27-01-2026,P0288,Product P0288,5,134.11,South
INV00005373,C00901,27-01-2026,P0224,Product P0224,4,43.14,South
INV00005777,C00995,27-01-2026,P0080,Product P0080,5,102.76,North
INV00000478,C00045,27-01-2026,P0132,Product P0132,2,145.02,North
INV00009859,C00906,27-01-2026,P0139,Product P0139,4,107.83,South
INV00006896,C01892,27-01-2026,P0205,Product P0205,1,141.05,North
INV00001038,C00037,27-01-2026,P0044,Product P0044,3,57.86,South
INV00001455,C01431,27-01-2026,P0299,Product P0299,1,21.52,South
INV00009904,C01855,27-01-2026,P0299,Product P0299,4,147.47,South
INV00006864,C01394,27-01-2026,P0008,Product P0008,3,41.3,South
INV00005463,C01769,28-01-2026,P0256,Product P0256,3,129.86,North
INV00003772,C00827,28-01-2026,P0288,Product P0288,2,80.4,West
INV00001745,C00526,28-01-2026,P0174,Product P0174,4,17.71,East
INV00009388,C02137,28-01-2026,P0018,Product P0018,2,120.27,North
INV00005935,C02095,28-01-2026,P0174,Product P0174,2,86.64,West
INV00000219,C01118,28-01-2026,P0206,Product P0206,2,4.62,North
INV00009185,C02428,28-01-2026,P0032,Product P0032,4,16.29,East
INV00004060,C01484,28-01-2026,P0270,Product P0270,3,60.25,North
INV00006552,C02050,28-01-2026,P0112,Product P0112,5,127.67,North
INV00007529,C02009,28-01-2026,P0252,Product P0252,2,15.11,North
INV00005952,C02049,28-01-2026,P0270,Product P0270,1,165.31,West
INV00003925,C01596,29-01-2026,P0235,Product P0235,1,37.69,South
INV00004785,C02111,29-01-2026,P0040,Product P0040,2,18.57,West
INV00008048,C02256,29-01-2026,P0146,Product P0146,2,72.14,West
INV00002767,C00924,29-01-2026,P0130,Product P0130,2,73.51,South
INV00008326,C02151,29-01-2026,P0204,Product P0204,5,73.05,North
INV00009910,C00570,29-01-2026,P0205,Product P0205,4,13.29,North
INV00008915,C01680,30-01-2026,P0011,Product P0011,1,44.34,South
INV00004709,C01920,30-01-2026,P0036,Product P0036,2,62.49,South
INV00001539,C01766,30-01-2026,P0250,Product P0250,1,74.67,East
INV00002124,C01526,30-01-2026,P0121,Product P0121,3,177.77,South
INV00000579,C02234,30-01-2026,P0151,Product P0151,3,106.65,West
INV00009463,C01008,30-01-2026,P0056,Product P0056,4,85.31,West
INV00005262,C00207,30-01-2026,P0153,Product P0153,2,24.57,South
INV00006957,C00433,30-01-2026,P0018,Product P0018,3,107.59,North
INV00008928,C02424,30-01-2026,P0048,Product P0048,2,162.9,East
INV00001004,C02217,30-01-2026,P0153,Product P0153,1,19.17,West
INV00000529,C02289,30-01-2026,P0251,Product P0251,5,93.89,North
INV00008249,C01057,30-01-2026,P0044,Product P0044,2,68.13,North
INV00002363,C02405,30-01-2026,P0293,Product P0293,5,40.48,West
INV00007469,C02260,31-01-2026,P0288,Product P0288,2,27.78,North
INV00009791,C00502,31-01-2026,P0281,Product P0281,2,142.63,South
INV00005864,C00520,31-01-2026,P0168,Product P0168,3,24.05,East
INV00009938,C00078,31-01-2026,P0054,Product P0054,4,141.41,South
INV00000976,C00564,31-01-2026,P0043,Product P0043,1,114.46,East
INV00006939,C01985,31-01-2026,P0228,Product P0228,5,6.67,West
INV00009489,C01379,01-02-2026,P0224,Product P0224,4,174.32,South
INV00004152,C01327,01-02-2026,P0139,Product P0139,5,147.54,East
INV00000051,C01900,01-02-2026,P0098,Product P0098,1,153.37,South
INV00008288,C00958,01-02-2026,P0203,Product P0203,4,32.09,West
INV00002813,C00495,01-02-2026,P0191,Product P0191,3,87.99,East
INV00000015,C01794,01-02-2026,P0207,Product P0207,2,80.93,North
INV00003266,C01606,01-02-2026,P0265,Product P0265,2,130.25,East
INV00007424,C01896,01-02-2026,P0040,Product P0040,4,97.22,East
INV00004116,C01188,01-02-2026,P0043,Product P0043,5,17.01,West
INV00001035,C00167,01-02-2026,P0145,Product P0145,2,50.24,South
INV00004830,C01218,01-02-2026,P0198,Product P0198,4,156.76,West
INV00006599,C00331,02-02-2026,P0033,Product P0033,3,104.84,North
INV00003829,C01705,02-02-2026,P0022,Product P0022,2,123.77,South
INV00002649,C02341,02-02-2026,P0183,Product P0183,4,80.41,West
INV00001121,C00035,02-02-2026,P0078,Product P0078,3,56.43,West
INV00008801,C01702,02-02-2026,P0057,Product P0057,2,129.11,South
INV00005895,C01347,02-02-2026,P0004,Product P0004,4,90.9,West
INV00009164,C01977,02-02-2026,P0020,Product P0020,2,60.63,South
INV00003281,C00218,02-02-2026,P0196,Product P0196,2,22.26,South
INV00001767,C01261,02-02-2026,P0214,Product P0214,4,26.79,East
INV00001071,C01688,02-02-2026,P0113,Product P0113,5,11.6,West
INV00002141,C01753,02-02-2026,P0101,Product P0101,4,157.96,West
INV00002402,C01417,02-02-2026,P0152,Product P0152,4,138.5,North
INV00002972,C00128,02-02-2026,P0267,Product P0267,3,113.66,East
INV00008398,C00438,02-02-2026,P0089,Product P0089,5,113.35,West
INV00006016,C00277,02-02-2026,P0245,Product P0245,3,57.16,North
INV00002738,C00472,02-02-2026,P0167,Product P0167,4,124.37,South
INV00007638,C01715,03-02-2026,P0233,Product P0233,2,83.9,East
INV00002631,C02340,03-02-2026,P0004,Product P0004,5,102.19,South
INV00007314,C00397,03-02-2026,P0057,Product P0057,5,142.87,East
INV00006105,C02063,03-02-2026,P0286,Product P0286,1,130,West
INV00003592,C00738,03-02-2026,P0167,Product P0167,4,58.98,East
INV00004565,C02243,03-02-2026,P0218,Product P0218,4,23.33,North
INV00008660,C02301,03-02-2026,P0181,Product P0181,1,107.17,South
INV00000056,C00110,03-02-2026,P0097,Product P0097,1,157.12,West
INV00008716,C00785,03-02-2026,P0195,Product P0195,5,16.6,West
INV00006843,C01249,03-02-2026,P0005,Product P0005,4,101.16,East
INV00003230,C02088,03-02-2026,P0296,Product P0296,5,130.59,South
INV00005411,C00055,03-02-2026,P0232,Product P0232,2,6.96,East
INV00008343,C00501,03-02-2026,P0113,Product P0113,1,134.84,North
INV00009398,C01313,03-02-2026,P0046,Product P0046,3,5.85,North
INV00000638,C00743,03-02-2026,P0123,Product P0123,5,47.46,South
INV00000672,C01536,03-02-2026,P0233,Product P0233,5,15.54,West
INV00009577,C00876,04-02-2026,P0117,Product P0117,1,70.21,South
INV00009669,C00441,04-02-2026,P0008,Product P0008,3,92.78,North
INV00006779,C00357,04-02-2026,P0176,Product P0176,2,135.43,West
INV00007052,C01081,04-02-2026,P0251,Product P0251,1,60.66,North
INV00000057,C01367,04-02-2026,P0220,Product P0220,5,145.3,South
INV00007872,C00659,04-02-2026,P0288,Product P0288,3,101.29,South
INV00001912,C02220,04-02-2026,P0193,Product P0193,5,69.95,West
INV00008932,C00379,04-02-2026,P0071,Product P0071,4,97.27,South
INV00008569,C00102,04-02-2026,P0059,Product P0059,5,16.65,North
INV00007499,C01450,04-02-2026,P0238,Product P0238,4,112.6,West
INV00009933,C00030,05-02-2026,P0024,Product P0024,5,9.28,North
INV00002483,C00451,05-02-2026,P0007,Product P0007,5,32.53,North
INV00001861,C01850,05-02-2026,P0035,Product P0035,1,145.65,West
INV00009370,C02493,05-02-2026,P0043,Product P0043,2,115.78,West
INV00003617,C00129,05-02-2026,P0205,Product P0205,4,6.17,North
INV00005942,C01173,05-02-2026,P0192,Product P0192,1,107.43,South
INV00007333,C00850,05-02-2026,P0127,Product P0127,4,101.51,East
INV00002457,C02102,05-02-2026,P0069,Product P0069,2,133.55,South
INV00004091,C01843,05-02-2026,P0295,Product P0295,1,152.97,West
INV00000838,C00496,05-02-2026,P0045,Product P0045,1,158.46,East
INV00009455,C00626,05-02-2026,P0083,Product P0083,3,132.09,North
INV00005065,C01286,06-02-2026,P0065,Product P0065,2,83.81,East
INV00009672,C02067,06-02-2026,P0003,Product P0003,2,153.56,West
INV00004064,C01288,06-02-2026,P0069,Product P0069,4,178.89,North
INV00006000,C00246,06-02-2026,P0286,Product P0286,3,50.33,West
INV00000668,C02152,06-02-2026,P0049,Product P0049,1,176.13,East
INV00006690,C01258,06-02-2026,P0250,Product P0250,1,87.04,East
INV00003242,C00520,06-02-2026,P0243,Product P0243,4,12.48,North
INV00002516,C02050,06-02-2026,P0034,Product P0034,2,51.43,North
INV00006499,C00755,06-02-2026,P0012,Product P0012,3,132.77,South
INV00009411,C02107,06-02-2026,P0097,Product P0097,4,116.27,North
INV00007037,C00176,06-02-2026,P0300,Product P0300,1,108.36,South
INV00009196,C00455,06-02-2026,P0104,Product P0104,2,122.18,West
INV00000086,C01751,06-02-2026,P0095,Product P0095,4,149.93,West
INV00004187,C00665,06-02-2026,P0149,Product P0149,2,178.71,South
INV00006062,C01975,06-02-2026,P0178,Product P0178,1,83.36,North
INV00009559,C01928,06-02-2026,P0096,Product P0096,5,176.02,South
INV00007430,C02131,06-02-2026,P0002,Product P0002,4,151.41,West
INV00001244,C01225,06-02-2026,P0094,Product P0094,3,7.07,East
INV00004193,C01854,07-02-2026,P0186,Product P0186,4,75.17,East
INV00000111,C00693,07-02-2026,P0165,Product P0165,3,40.8,West
INV00006670,C00917,07-02-2026,P0064,Product P0064,3,89.45,West
INV00003480,C01949,07-02-2026,P0100,Product P0100,4,24.54,East
INV00008428,C00284,07-02-2026,P0033,Product P0033,2,8.56,West
INV00006849,C00865,07-02-2026,P0045,Product P0045,3,44.47,West
INV00009753,C01984,07-02-2026,P0046,Product P0046,2,133.03,North
INV00003623,C00827,07-02-2026,P0190,Product P0190,5,7.18,South
INV00002138,C00059,07-02-2026,P0087,Product P0087,3,37.75,North
INV00002126,C00638,07-02-2026,P0047,Product P0047,2,170.92,South
INV00004684,C00173,07-02-2026,P0086,Product P0086,5,41.71,North
INV00003658,C02305,08-02-2026,P0186,Product P0186,2,16.53,East
INV00006004,C01486,08-02-2026,P0270,Product P0270,4,143.15,East
INV00001037,C02257,08-02-2026,P0133,Product P0133,2,45.43,South
INV00006960,C01411,08-02-2026,P0244,Product P0244,5,131.06,East
INV00000201,C00916,08-02-2026,P0070,Product P0070,3,21.72,North
INV00009139,C02305,08-02-2026,P0004,Product P0004,5,49.51,South
INV00004507,C00725,08-02-2026,P0107,Product P0107,5,123.93,South
INV00007968,C00586,08-02-2026,P0248,Product P0248,4,90.58,East
INV00006529,C02101,08-02-2026,P0279,Product P0279,4,138.61,North
INV00001597,C01648,08-02-2026,P0156,Product P0156,2,62.32,East
INV00009447,C02417,08-02-2026,P0015,Product P0015,5,148.55,West
INV00008480,C01639,08-02-2026,P0289,Product P0289,1,151.5,East
INV00006088,C01119,09-02-2026,P0138,Product P0138,4,50.03,East
INV00004686,C01820,09-02-2026,P0264,Product P0264,1,16.27,North
INV00001827,C00264,09-02-2026,P0166,Product P0166,5,129.55,West
INV00005925,C02279,09-02-2026,P0085,Product P0085,2,115.07,East
INV00009285,C00041,09-02-2026,P0264,Product P0264,3,38.93,East
INV00005165,C00888,09-02-2026,P0172,Product P0172,1,92.41,North
INV00005256,C00857,09-02-2026,P0271,Product P0271,2,25.84,West
INV00003620,C00217,09-02-2026,P0237,Product P0237,5,146.98,North
INV00009468,C00592,09-02-2026,P0053,Product P0053,4,164.77,West
INV00001736,C01996,09-02-2026,P0215,Product P0215,1,170.14,East
INV00004567,C01762,09-02-2026,P0232,Product P0232,3,179.71,East
INV00009694,C00345,09-02-2026,P0251,Product P0251,2,17.29,North
INV00002592,C00947,09-02-2026,P0239,Product P0239,5,89.46,East
INV00006928,C00721,09-02-2026,P0254,Product P0254,2,43.8,East
INV00009620,C01448,09-02-2026,P0231,Product P0231,1,69.32,North
INV00008596,C01474,09-02-2026,P0281,Product P0281,2,40.73,West
INV00003513,C00322,10-02-2026,P0109,Product P0109,2,177.69,East
INV00002667,C00602,10-02-2026,P0140,Product P0140,5,64.25,East
INV00006375,C00366,10-02-2026,P0201,Product P0201,4,75.65,North
INV00008697,C01820,10-02-2026,P0294,Product P0294,5,103.77,North
INV00009292,C02488,10-02-2026,P0150,Product P0150,5,20.01,North
INV00004869,C02305,10-02-2026,P0264,Product P0264,5,166.17,West
INV00001695,C00401,10-02-2026,P0263,Product P0263,2,156.87,East
INV00009359,C01973,10-02-2026,P0036,Product P0036,5,163.18,West
INV00000035,C02220,10-02-2026,P0236,Product P0236,3,152.98,North
INV00000590,C02109,10-02-2026,P0229,Product P0229,1,144.48,North
INV00009155,C02293,10-02-2026,P0048,Product P0048,5,57.8,West
INV00001636,C01341,11-02-2026,P0061,Product P0061,4,74.75,South
INV00006781,C02198,11-02-2026,P0025,Product P0025,4,95.41,West
INV00002188,C00645,11-02-2026,P0183,Product P0183,2,174.79,East
INV00003406,C00881,11-02-2026,P0294,Product P0294,2,131.26,South
INV00008198,C01717,11-02-2026,P0167,Product P0167,5,42.91,West
INV00002502,C00250,11-02-2026,P0250,Product P0250,3,173.49,North
INV00005194,C00222,11-02-2026,P0090,Product P0090,5,106.8,West
INV00005630,C00071,11-02-2026,P0167,Product P0167,2,170.92,East
INV00006021,C00646,11-02-2026,P0094,Product P0094,5,121.85,East
INV00000964,C00545,11-02-2026,P0001,Product P0001,1,175.63,North
INV00009502,C00492,11-02-2026,P0288,Product P0288,1,95.36,West
INV00002540,C01235,11-02-2026,P0009,Product P0009,1,138.62,North
INV00002870,C00515,11-02-2026,P0180,Product P0180,3,139.86,South
INV00002247,C01440,11-02-2026,P0053,Product P0053,5,18.89,North
INV00002873,C02046,11-02-2026,P0037,Product P0037,3,64.04,South
INV00002068,C02268,11-02-2026,P0007,Product P0007,3,61.68,West
INV00001824,C02192,12-02-2026,P0032,Product P0032,3,163.93,West
INV00005750,C00297,12-02-2026,P0163,Product P0163,2,137.79,South
INV00007578,C00873,12-02-2026,P0099,Product P0099,1,148.51,North
INV00009248,C02250,12-02-2026,P0223,Product P0223,4,146.88,South
INV00009499,C02296,12-02-2026,P0186,Product P0186,5,78.12,North
INV00005227,C00779,12-02-2026,P0115,Product P0115,4,141.25,South
INV00008516,C01163,12-02-2026,P0271,Product P0271,3,4.55,South
INV00003965,C00500,12-02-2026,P0172,Product P0172,3,89.46,East
INV00006143,C01329,12-02-2026,P0060,Product P0060,5,165.02,North
INV00000446,C01658,12-02-2026,P0030,Product P0030,4,64.91,East
INV00004483,C02090,12-02-2026,P0032,Product P0032,3,179.08,West
INV00005474,C00454,12-02-2026,P0222,Product P0222,2,164.64,North
INV00000232,C02142,12-02-2026,P0278,Product P0278,3,159.73,South
INV00004124,C00665,12-02-2026,P0004,Product P0004,4,7.32,North
INV00009617,C01145,12-02-2026,P0012,Product P0012,4,110.89,North
INV00007483,C01158,12-02-2026,P0219,Product P0219,4,117.22,West
INV00006190,C01164,12-02-2026,P0014,Product P0014,2,137.52,East
INV00003554,C01782,12-02-2026,P0119,Product P0119,1,126.47,East
INV00004547,C01478,12-02-2026,P0270,Product P0270,1,109.08,East
INV00005822,C01761,12-02-2026,P0296,Product P0296,3,26.29,West
INV00000398,C00492,12-02-2026,P0226,Product P0226,4,51.06,East
INV00000613,C01961,12-02-2026,P0012,Product P0012,1,94.08,West
INV00009550,C00016,13-02-2026,P0234,Product P0234,5,163.81,East
INV00000323,C01537,13-02-2026,P0146,Product P0146,1,61.88,East
INV00001768,C01170,13-02-2026,P0288,Product P0288,5,124.83,East
INV00004294,C00236,13-02-2026,P0102,Product P0102,3,12.54,North
INV00005003,C01569,13-02-2026,P0171,Product P0171,3,11.69,West
INV00008956,C00595,13-02-2026,P0227,Product P0227,5,59.3,East
INV00009244,C02347,13-02-2026,P0220,Product P0220,3,23.48,West
INV00001451,C00735,13-02-2026,P0233,Product P0233,4,139.05,East
INV00002778,C02258,13-02-2026,P0293,Product P0293,1,57.19,North
INV00007939,C00175,14-02-2026,P0231,Product P0231,2,125.02,East
INV00003012,C01265,14-02-2026,P0013,Product P0013,2,156.01,East
INV00007309,C01906,14-02-2026,P0065,Product P0065,4,169.28,West
INV00008720,C01855,14-02-2026,P0021,Product P0021,3,90.71,South
INV00007344,C01528,14-02-2026,P0105,Product P0105,5,151.47,West
INV00005890,C00710,14-02-2026,P0180,Product P0180,3,122.85,East
INV00000740,C02246,14-02-2026,P0095,Product P0095,5,91.19,North
INV00002215,C00289,14-02-2026,P0001,Product P0001,2,39.66,West
INV00007825,C02034,14-02-2026,P0081,Product P0081,1,66.3,South
INV00007544,C02404,14-02-2026,P0291,Product P0291,2,52.43,East
INV00001431,C01176,14-02-2026,P0121,Product P0121,4,137.16,East
INV00006453,C02454,14-02-2026,P0242,Product P0242,5,110.83,East
INV00009743,C01325,14-02-2026,P0278,Product P0278,3,147.98,East
INV00003086,C00903,14-02-2026,P0277,Product P0277,3,32.85,East
INV00006474,C02386,14-02-2026,P0278,Product P0278,1,46.45,West
INV00005550,C01886,14-02-2026,P0206,Product P0206,3,179.52,South
INV00008964,C01590,14-02-2026,P0108,Product P0108,4,147.81,East
INV00007004,C01427,14-02-2026,P0234,Product P0234,2,9.29,West
INV00009322,C01716,14-02-2026,P0109,Product P0109,4,100.54,West
INV00005012,C00134,14-02-2026,P0221,Product P0221,1,155.44,South
INV00007685,C01286,14-02-2026,P0107,Product P0107,1,96.02,North
INV00008457,C02409,15-02-2026,P0237,Product P0237,5,84.47,North
INV00004871,C00477,15-02-2026,P0128,Product P0128,1,72.83,East
INV00002245,C01778,15-02-2026,P0040,Product P0040,2,148.35,South
INV00004707,C01176,15-02-2026,P0210,Product P0210,4,129.72,West
INV00002324,C01631,15-02-2026,P0169,Product P0169,4,22.78,West
INV00003455,C02046,15-02-2026,P0076,Product P0076,5,163.49,North
INV00000155,C01086,15-02-2026,P0143,Product P0143,3,109.72,East
INV00007020,C00696,15-02-2026,P0259,Product P0259,5,85.89,West
INV00007411,C00203,15-02-2026,P0042,Product P0042,1,80.45,West
